user_id,signup_timestamp,source,device_type,country
2557279,09-01-2024,organic,desktop,USA
3626548,13-01-2024,organic,tablet,Canada
1432800,09-01-2024,referral,mobile,India
2794053,02-02-2024,referral,mobile,India
3226439,13-02-2024,social,mobile,USA
2682163,04-02-2024,organic,mobile,India
1677404,01-01-2024,organic,mobile,USA
2485935,27-01-2024,ads,tablet,Germany
2021569,08-01-2024,organic,mobile,India
3234449,09-02-2024,organic,mobile,Germany
2971872,30-01-2024,organic,mobile,India
4493041,02-01-2024,ads,tablet,India
2023537,08-01-2024,ads,desktop,India
1477276,02-01-2024,social,desktop,India
3043252,17-01-2024,organic,mobile,USA
2363840,10-02-2024,organic,desktop,UK
2343498,10-01-2024,organic,mobile,USA
1762036,03-05-2024,organic,mobile,Germany
3912136,23-01-2024,ads,mobile,Germany
1186398,17-04-2024,organic,desktop,India
4758129,05-04-2024,organic,desktop,India
3190378,16-01-2024,referral,mobile,India
3533623,22-04-2024,organic,mobile,India
1629669,28-03-2024,organic,mobile,Germany
3271158,17-02-2024,organic,tablet,USA
4154766,29-03-2024,social,desktop,India
4333618,26-02-2024,organic,mobile,Canada
2919596,24-01-2024,ads,mobile,India
2041063,01-01-2024,organic,desktop,Germany
2256906,12-01-2024,organic,desktop,India
3219535,10-06-2024,email,tablet,India
2423144,16-01-2024,organic,desktop,India
1508153,12-01-2024,email,mobile,India
4407171,17-04-2024,referral,mobile,India
1373579,17-01-2024,ads,desktop,USA
2146235,13-02-2024,organic,mobile,UK
1001413,17-01-2024,ads,mobile,India
2512892,03-01-2024,referral,mobile,India
2782837,21-02-2024,ads,desktop,USA
2174638,04-01-2024,referral,tablet,India
1525905,07-05-2024,organic,mobile,USA
2214782,01-01-2024,ads,mobile,India
4115655,07-01-2024,organic,desktop,USA
1140046,22-03-2024,organic,tablet,India
1213280,10-01-2024,organic,desktop,UK
3748301,06-01-2024,referral,mobile,UK
3749977,02-01-2024,ads,mobile,India
3012160,18-03-2024,organic,desktop,India
2735035,03-01-2024,organic,mobile,USA
3481778,04-01-2024,referral,mobile,India
3468858,31-01-2024,organic,mobile,Germany
2756746,18-07-2024,organic,mobile,India
2004145,08-01-2024,ads,desktop,UK
4196073,27-02-2024,ads,desktop,India
3734600,09-01-2024,organic,mobile,India
3467721,28-03-2024,organic,desktop,India
3644708,30-01-2024,social,desktop,USA
4654531,22-02-2024,organic,mobile,Canada
1108859,04-02-2024,referral,mobile,Australia
4990635,29-01-2024,email,desktop,Germany
2077987,23-02-2024,organic,mobile,Australia
2616260,27-01-2024,organic,mobile,India
2062031,20-01-2024,organic,tablet,USA
2479403,24-04-2024,organic,desktop,USA
3749050,21-02-2024,organic,tablet,USA
3665204,06-06-2024,email,mobile,USA
3743521,28-04-2024,organic,mobile,India
3684520,15-02-2024,ads,desktop,India
1915347,11-01-2024,social,desktop,UK
2412551,22-01-2024,organic,tablet,UK
2406849,04-01-2024,social,mobile,India
1342867,01-01-2024,ads,desktop,India
4646251,26-01-2024,ads,mobile,Australia
1307073,09-02-2024,organic,mobile,USA
2342738,12-02-2024,ads,mobile,Australia
4494941,02-02-2024,organic,mobile,India
2031495,12-02-2024,organic,desktop,UK
3347548,13-02-2024,email,mobile,Canada
3113378,16-02-2024,organic,mobile,India
1438809,01-03-2024,social,desktop,India
2455289,01-01-2024,organic,desktop,Germany
3059659,05-01-2024,referral,mobile,India
4477713,13-03-2024,ads,desktop,Germany
4746644,08-02-2024,ads,mobile,UK
4513217,21-01-2024,ads,mobile,Australia
3634423,07-01-2024,ads,desktop,USA
1265353,22-03-2024,organic,mobile,Canada
3506239,11-02-2024,organic,mobile,USA
2890018,14-02-2024,organic,mobile,India
1455605,23-02-2024,ads,mobile,USA
1736810,16-01-2024,referral,desktop,Australia
3105966,11-02-2024,organic,mobile,Germany
4802057,27-01-2024,organic,mobile,India
3348453,15-02-2024,ads,desktop,Canada
4903632,02-02-2024,organic,desktop,India
2301523,10-02-2024,ads,mobile,India
1881985,11-01-2024,ads,mobile,India
1042518,10-02-2024,email,mobile,India
1270504,16-01-2024,social,mobile,India
3990491,07-05-2024,organic,mobile,USA
3197678,21-01-2024,ads,desktop,India
2591077,13-02-2024,referral,mobile,India
3555042,03-03-2024,organic,mobile,India
2598958,12-03-2024,organic,mobile,India
3675973,04-01-2024,organic,mobile,USA
4932175,13-01-2024,email,mobile,India
4641632,19-01-2024,organic,desktop,India
3911279,20-02-2024,ads,mobile,Canada
3008563,25-03-2024,ads,mobile,India
2092743,18-01-2025,organic,mobile,India
1866470,17-01-2024,ads,tablet,UK
2984413,03-03-2024,organic,mobile,Canada
3115478,18-02-2024,ads,mobile,USA
1185577,27-02-2024,organic,desktop,India
1569256,14-03-2024,organic,desktop,UK
4511776,01-01-2024,social,desktop,India
1538734,28-02-2024,organic,mobile,India
1894270,11-05-2024,ads,desktop,Germany
2072914,08-01-2024,organic,mobile,Canada
1484441,16-01-2024,referral,desktop,Australia
2954731,28-01-2024,ads,mobile,UK
4827156,19-01-2024,referral,mobile,India
4208186,14-01-2024,ads,mobile,India
1669906,14-01-2024,ads,mobile,India
3295200,04-02-2024,organic,mobile,India
1482334,01-01-2024,email,mobile,India
1371154,18-05-2024,social,mobile,UK
3224666,25-03-2024,social,desktop,India
2852586,24-02-2024,ads,mobile,India
3619787,25-01-2024,ads,desktop,USA
4125593,11-01-2024,email,mobile,Canada
2796009,27-01-2024,ads,mobile,USA
3577968,16-01-2024,referral,mobile,Germany
1070760,03-04-2024,ads,desktop,UK
1399403,10-03-2024,organic,mobile,India
1259396,08-03-2024,organic,mobile,India
4678200,03-01-2024,organic,desktop,India
4451698,17-03-2024,ads,mobile,Germany
1807025,03-05-2024,email,desktop,Germany
4230393,29-01-2024,email,mobile,USA
2363118,12-01-2024,email,desktop,India
2201096,18-04-2024,organic,mobile,India
3808237,09-02-2024,organic,mobile,Canada
1628599,09-01-2024,organic,tablet,USA
4565735,17-04-2024,organic,desktop,Canada
1545004,24-01-2024,ads,mobile,India
4452620,29-01-2024,organic,desktop,Germany
2125460,22-02-2024,organic,mobile,USA
2802787,05-04-2024,ads,mobile,UK
1679052,16-01-2024,organic,desktop,Australia
4971665,03-02-2024,organic,mobile,USA
4978343,02-02-2024,ads,mobile,USA
4665496,15-04-2024,ads,mobile,India
2671866,07-01-2024,social,desktop,USA
2856555,04-01-2024,organic,mobile,India
4935462,25-03-2024,organic,mobile,India
4229134,18-05-2024,ads,mobile,UK
4182459,23-01-2024,ads,desktop,India
2425041,08-01-2024,ads,mobile,India
2359446,18-01-2024,organic,mobile,Germany
4956409,17-01-2024,organic,tablet,USA
2219511,10-05-2024,referral,mobile,India
2460993,15-01-2024,email,mobile,UK
4837842,25-05-2024,email,desktop,USA
3711410,20-02-2024,ads,mobile,Australia
2824799,09-01-2024,social,mobile,India
1513025,23-01-2024,referral,mobile,USA
2518518,03-01-2024,referral,mobile,India
2671585,14-02-2024,ads,mobile,Australia
3882513,03-04-2024,referral,desktop,Germany
2918051,11-03-2024,ads,desktop,India
3008886,11-01-2024,organic,mobile,Canada
1298254,03-02-2024,ads,mobile,India
2996120,12-01-2024,ads,mobile,India
2886663,03-01-2024,ads,desktop,India
1698726,17-03-2024,organic,mobile,Germany
4326249,06-03-2024,ads,mobile,India
3048826,18-02-2024,email,desktop,India
1496528,18-01-2024,organic,mobile,India
3599654,09-01-2024,ads,mobile,India
3910706,18-03-2024,organic,mobile,India
1662760,25-01-2024,referral,mobile,India
1417220,18-07-2024,ads,mobile,India
3510515,08-01-2024,ads,mobile,India
4549744,11-02-2024,social,desktop,India
1292500,12-01-2024,social,desktop,Australia
2738708,09-02-2024,organic,desktop,India
3409418,23-01-2024,referral,mobile,USA
4636919,19-03-2024,organic,desktop,India
1427697,01-05-2024,email,desktop,USA
2433025,14-03-2024,organic,mobile,India
4675930,01-01-2024,ads,mobile,India
4908695,19-01-2024,referral,mobile,Canada
3521737,01-03-2024,organic,mobile,Germany
3016483,04-01-2024,organic,mobile,India
3892938,04-01-2024,organic,mobile,India
4575019,15-02-2024,organic,desktop,India
1892781,03-01-2024,referral,mobile,India
2573800,16-02-2024,ads,tablet,India
2712390,08-02-2024,ads,mobile,UK
1384350,05-02-2024,ads,desktop,India
3507636,04-04-2024,referral,desktop,India
2344582,27-01-2024,organic,mobile,India
3432365,31-01-2024,organic,mobile,USA
2778774,04-03-2024,ads,desktop,UK
1426092,08-01-2024,ads,tablet,India
2841169,19-03-2024,ads,mobile,India
1014227,17-01-2024,ads,mobile,India
4485279,02-01-2024,referral,tablet,USA
1792993,20-01-2024,organic,mobile,UK
4532798,04-02-2024,organic,mobile,UK
2518489,22-02-2024,ads,mobile,India
3434239,23-01-2024,organic,mobile,UK
3543791,24-01-2024,email,desktop,India
4541676,03-03-2024,organic,mobile,India
2551138,21-01-2024,email,desktop,India
1632469,04-03-2024,organic,mobile,UK
2880086,25-04-2024,organic,mobile,India
1361663,04-03-2024,organic,mobile,USA
2229965,31-01-2024,organic,mobile,India
1482023,23-01-2024,organic,mobile,USA
1329641,19-01-2024,organic,mobile,UK
4809507,13-02-2024,referral,mobile,Germany
3936929,03-01-2024,organic,tablet,USA
3994234,06-03-2024,organic,mobile,USA
1166464,10-02-2024,referral,tablet,India
3940560,31-05-2024,email,mobile,USA
2833793,19-06-2024,referral,mobile,Germany
2985895,19-03-2024,ads,tablet,USA
3339641,25-01-2024,ads,desktop,USA
4860524,29-02-2024,email,mobile,USA
4426737,03-01-2024,ads,desktop,USA
1339151,19-04-2024,organic,mobile,UK
3849091,24-01-2024,ads,desktop,Australia
4161363,07-02-2024,social,tablet,India
3823800,06-01-2024,ads,tablet,USA
1538972,02-01-2024,organic,desktop,USA
2712053,09-03-2024,organic,mobile,India
2340683,24-01-2024,ads,mobile,India
1574492,25-02-2024,social,mobile,India
2169950,01-01-2024,email,mobile,UK
2461539,12-02-2024,referral,mobile,UK
2462833,31-01-2024,ads,mobile,Germany
1473393,10-01-2024,organic,tablet,USA
2416402,09-01-2024,organic,mobile,Canada
1372504,08-02-2024,organic,tablet,USA
3585310,27-03-2024,referral,mobile,India
4399708,05-01-2024,organic,mobile,India
3074117,07-01-2024,referral,mobile,India
4108278,06-01-2024,organic,tablet,India
3579200,03-02-2024,ads,mobile,India
1984474,03-02-2024,organic,mobile,USA
2876180,03-01-2024,email,mobile,UK
3790140,12-01-2024,organic,mobile,India
3013425,28-01-2024,organic,desktop,India
1339265,11-05-2024,organic,mobile,UK
3979202,02-05-2024,referral,mobile,India
1968999,08-02-2024,referral,mobile,India
4017838,08-02-2024,ads,mobile,India
4635405,13-01-2024,organic,mobile,India
3710569,04-01-2024,ads,desktop,India
1905080,20-03-2024,referral,mobile,India
2455781,15-02-2024,email,tablet,USA
3554711,03-03-2024,ads,mobile,USA
4343224,11-02-2024,organic,mobile,Canada
3460826,08-02-2024,ads,tablet,India
1671635,16-03-2024,ads,mobile,India
2079346,26-01-2024,email,mobile,Canada
4062602,25-01-2024,ads,desktop,India
4554505,10-02-2024,email,mobile,Germany
2423424,12-01-2024,organic,mobile,Australia
1933800,22-03-2024,ads,desktop,India
2963192,17-01-2024,ads,mobile,India
3540258,01-01-2024,organic,tablet,India
4651458,05-03-2024,organic,desktop,USA
2479597,10-01-2024,organic,mobile,Germany
1478041,23-01-2024,organic,mobile,India
3077440,24-02-2024,organic,mobile,USA
2101306,27-01-2024,referral,mobile,Canada
4291037,02-01-2024,organic,desktop,India
1162083,04-03-2024,social,mobile,Canada
4423127,19-03-2024,organic,desktop,UK
2822367,01-05-2024,organic,mobile,India
2667173,12-01-2024,ads,tablet,UK
3169976,17-01-2024,ads,tablet,India
2847543,23-02-2024,referral,tablet,USA
1151923,06-04-2024,organic,mobile,UK
3528694,24-01-2024,organic,mobile,India
1715932,15-01-2024,organic,desktop,USA
2817731,14-04-2024,ads,mobile,UK
3414290,24-03-2024,ads,mobile,UK
1838282,16-01-2024,organic,tablet,India
3867560,27-01-2024,ads,desktop,USA
4790954,08-05-2024,ads,mobile,Australia
3819087,20-01-2024,organic,mobile,Germany
2721759,13-05-2024,referral,mobile,Canada
2092733,07-01-2024,email,mobile,India
2434736,01-08-2024,ads,mobile,UK
4055673,06-02-2024,organic,desktop,India
1753905,24-02-2024,organic,mobile,India
2740602,26-03-2024,referral,mobile,India
2616114,23-01-2024,ads,tablet,India
3876700,01-02-2024,ads,mobile,Germany
4903758,15-01-2024,organic,desktop,India
3512827,04-03-2024,ads,desktop,India
1758647,13-01-2024,organic,tablet,India
3683065,04-02-2024,organic,mobile,USA
3928093,29-02-2024,organic,mobile,India
2721121,01-01-2024,organic,tablet,India
1874325,13-03-2024,organic,desktop,India
2119042,06-01-2024,organic,mobile,India
4307781,11-01-2024,organic,mobile,USA
1249723,01-01-2024,ads,desktop,India
4690317,08-01-2024,ads,desktop,Canada
4460528,06-01-2024,email,desktop,USA
1881266,08-03-2024,organic,mobile,Canada
2216348,02-01-2024,organic,mobile,UK
2396604,26-01-2024,referral,tablet,Australia
3273855,21-03-2024,ads,desktop,USA
4026287,07-01-2024,organic,mobile,USA
4457496,09-02-2024,referral,desktop,Canada
4315000,21-02-2024,email,mobile,Germany
3841975,04-01-2024,ads,mobile,Australia
2807749,13-01-2024,organic,mobile,India
2079612,19-02-2024,email,desktop,India
1623012,10-01-2024,ads,desktop,Germany
4882713,10-02-2024,ads,mobile,USA
4649581,05-01-2024,ads,desktop,India
3507774,19-01-2024,social,mobile,India
1649290,20-01-2024,ads,mobile,India
1316795,16-02-2024,email,mobile,Canada
3727444,19-05-2024,organic,desktop,India
3970636,30-01-2024,organic,desktop,USA
2945315,15-01-2024,ads,desktop,UK
1120810,22-02-2024,organic,mobile,India
1200784,08-01-2024,ads,mobile,India
4323808,15-02-2024,email,tablet,India
2692625,23-01-2024,ads,mobile,India
2859194,15-03-2024,social,mobile,India
3333110,15-01-2024,social,mobile,USA
4808808,02-02-2024,organic,mobile,Canada
3399821,28-01-2024,organic,mobile,India
2981182,05-01-2024,referral,desktop,India
3128228,01-01-2024,referral,mobile,USA
2526653,09-06-2024,ads,tablet,India
3933315,12-01-2024,ads,mobile,USA
2038382,07-01-2024,organic,desktop,USA
1833266,02-01-2024,ads,tablet,USA
2357670,09-01-2024,organic,mobile,India
4588096,05-02-2024,organic,mobile,Canada
2727172,21-01-2024,referral,mobile,UK
3233127,08-04-2024,organic,mobile,India
1243787,25-03-2024,organic,mobile,India
2035809,21-01-2024,organic,mobile,USA
3168403,14-01-2024,referral,desktop,India
4800402,03-01-2024,organic,mobile,Germany
2722355,01-01-2024,organic,mobile,India
2350811,06-01-2024,ads,mobile,India
2855323,17-01-2024,organic,mobile,India
2056154,20-01-2024,ads,mobile,Canada
4385173,22-01-2024,organic,mobile,Canada
1948181,29-01-2024,organic,desktop,Australia
2784517,16-01-2024,organic,mobile,India
2506046,03-01-2024,ads,desktop,India
2718428,12-01-2024,email,mobile,India
1602335,09-06-2024,organic,mobile,UK
1855282,02-01-2024,organic,mobile,Australia
3115236,23-02-2024,referral,tablet,UK
3038279,27-02-2024,organic,mobile,USA
4811122,26-01-2024,social,desktop,India
3135070,10-03-2024,organic,mobile,USA
2845115,22-01-2024,organic,desktop,India
4781539,21-01-2024,organic,desktop,USA
2807466,28-01-2024,organic,mobile,India
1867369,22-02-2024,ads,mobile,USA
3417247,13-02-2024,ads,desktop,India
3911933,14-01-2024,email,desktop,India
1563047,01-02-2024,organic,mobile,Germany
2395899,03-02-2024,referral,desktop,UK
4717339,08-01-2024,referral,desktop,India
1195068,04-03-2024,ads,desktop,USA
4689355,02-03-2024,organic,desktop,India
4852786,12-01-2024,organic,desktop,India
2835237,26-03-2024,social,tablet,India
3197987,16-01-2024,ads,desktop,India
1896473,19-02-2024,referral,desktop,UK
4063381,13-01-2024,email,mobile,India
3559840,18-04-2024,organic,desktop,Australia
1305312,11-02-2024,organic,mobile,India
3224902,17-01-2024,social,desktop,India
4920790,21-01-2024,referral,mobile,India
2860795,18-05-2024,referral,mobile,India
2491758,13-01-2024,referral,desktop,Australia
1692038,22-02-2024,email,mobile,India
4464210,29-02-2024,organic,desktop,UK
3037515,18-02-2024,organic,desktop,India
4415108,08-01-2024,organic,mobile,UK
1876002,11-02-2024,organic,desktop,Australia
1964050,14-02-2024,referral,desktop,Canada
1071683,11-01-2024,ads,desktop,India
4271532,11-01-2024,email,mobile,India
4265170,17-03-2024,organic,mobile,India
3366081,30-01-2024,email,mobile,India
4650585,02-01-2024,organic,mobile,India
2846455,08-01-2024,social,mobile,India
3566379,24-03-2024,ads,mobile,Australia
3021593,09-02-2024,organic,tablet,Germany
2607587,27-01-2024,social,tablet,Canada
1912309,17-01-2024,ads,mobile,India
2840149,09-03-2024,organic,mobile,UK
4281034,04-02-2024,ads,mobile,India
1151602,29-03-2024,organic,mobile,UK
2623928,02-01-2024,organic,mobile,India
1764690,04-02-2024,organic,mobile,India
2505264,21-01-2024,ads,mobile,India
2214529,04-04-2024,ads,tablet,Australia
4915874,23-01-2024,ads,mobile,India
1146733,03-02-2024,email,desktop,India
4100091,11-02-2024,organic,desktop,India
1724510,06-02-2024,organic,mobile,Australia
3415577,13-02-2024,organic,mobile,India
3859538,17-01-2024,ads,mobile,India
2935033,15-01-2024,ads,desktop,India
3417383,31-01-2024,ads,desktop,India
1030379,02-04-2024,organic,mobile,India
3881720,28-03-2024,organic,mobile,India
1464416,04-05-2024,organic,desktop,UK
3540540,15-01-2024,organic,mobile,Canada
4540786,02-01-2024,ads,mobile,India
4598344,20-01-2024,organic,mobile,USA
4280284,10-01-2024,organic,mobile,USA
4453185,22-01-2024,organic,mobile,USA
2892219,05-02-2024,email,mobile,Canada
1417271,08-01-2024,email,desktop,India
1322166,03-02-2024,ads,desktop,India
3650664,28-01-2024,ads,mobile,India
2234294,24-02-2024,organic,desktop,India
2495459,12-02-2024,referral,mobile,USA
1980832,16-05-2024,referral,mobile,India
2083599,06-03-2024,ads,desktop,India
4343609,07-01-2024,ads,mobile,India
2390853,25-01-2024,ads,mobile,India
3321137,02-01-2024,ads,desktop,Germany
2514381,31-01-2024,organic,desktop,UK
2601591,05-03-2024,organic,tablet,India
4447996,02-02-2024,organic,mobile,India
4979548,20-02-2024,organic,mobile,USA
4317538,27-01-2024,ads,mobile,India
4588691,08-02-2024,organic,mobile,Germany
3685557,11-06-2024,email,mobile,Germany
4727927,27-01-2024,organic,desktop,India
2138969,29-01-2024,organic,desktop,India
3563188,22-01-2024,organic,mobile,Germany
2069782,20-01-2024,organic,mobile,India
4905095,28-02-2024,organic,mobile,India
2414788,02-03-2024,organic,tablet,India
1413606,23-02-2024,organic,desktop,India
4872614,01-03-2024,organic,mobile,India
3315563,01-01-2024,email,desktop,India
1512093,24-03-2024,organic,mobile,India
3372612,08-04-2024,ads,mobile,USA
1970191,14-01-2024,organic,desktop,Canada
3737485,06-02-2024,ads,mobile,India
1238006,28-01-2024,organic,mobile,UK
4190122,06-01-2024,ads,mobile,UK
2438498,13-03-2024,ads,mobile,India
1849425,10-02-2024,email,mobile,India
2980068,21-06-2024,email,mobile,UK
4410885,23-01-2024,organic,mobile,India
3266540,31-01-2024,organic,mobile,Canada
1158775,24-05-2024,ads,mobile,UK
1279033,18-01-2024,organic,mobile,USA
4246623,08-01-2024,ads,mobile,USA
1985242,11-02-2024,email,mobile,UK
3858426,23-01-2024,organic,mobile,Germany
2022465,04-06-2024,email,mobile,India
4355216,08-02-2024,ads,desktop,India
2737080,10-02-2024,ads,desktop,Germany
1411756,03-01-2025,organic,mobile,Germany
2783300,25-01-2024,ads,tablet,Germany
1772269,14-02-2024,organic,desktop,India
3668008,22-03-2024,email,mobile,India
2644935,14-03-2024,email,mobile,USA
1919661,15-03-2024,organic,mobile,India
4412267,10-03-2024,ads,mobile,India
3172966,10-05-2024,ads,mobile,India
4123364,09-01-2024,ads,mobile,India
2110159,13-01-2024,ads,mobile,India
2026484,07-01-2024,referral,desktop,India
3514207,18-01-2024,organic,mobile,India
2257967,19-01-2024,ads,mobile,USA
2438097,21-01-2024,organic,mobile,India
4916611,31-03-2024,organic,mobile,India
4928290,11-02-2024,ads,mobile,India
2326108,02-02-2024,ads,mobile,India
3231153,05-01-2024,social,mobile,India
3513230,11-01-2024,organic,mobile,India
2732661,11-01-2024,organic,mobile,UK
2854161,01-04-2024,organic,mobile,India
4889492,17-05-2024,referral,mobile,India
3587979,02-01-2024,referral,desktop,India
2224946,18-02-2024,ads,mobile,India
3477954,02-01-2024,organic,tablet,India
3903932,15-01-2024,organic,mobile,Australia
3726917,22-01-2024,ads,mobile,Australia
4794610,16-01-2024,ads,mobile,Canada
4720550,26-06-2024,referral,tablet,UK
2208519,10-03-2024,organic,mobile,India
4620236,24-01-2024,organic,tablet,India
2519700,04-02-2024,email,desktop,India
3607914,23-07-2024,organic,mobile,Australia
1063027,13-03-2024,organic,desktop,UK
4436298,17-01-2024,email,mobile,USA
3766165,27-01-2024,organic,mobile,Canada
1744757,01-01-2024,organic,mobile,India
3972593,08-01-2024,organic,mobile,India
2391637,27-02-2024,organic,mobile,India
3238261,16-03-2024,ads,mobile,India
2451902,03-02-2024,organic,mobile,India
1216085,10-01-2025,referral,desktop,USA
3963573,16-01-2024,organic,desktop,Canada
3733968,09-01-2024,organic,desktop,India
3029474,01-01-2024,organic,mobile,UK
4914596,22-04-2024,ads,desktop,India
4609877,10-01-2024,organic,mobile,India
1970272,10-04-2024,organic,mobile,India
4423567,10-01-2024,ads,mobile,India
3935134,16-05-2024,organic,desktop,USA
3033425,18-02-2024,social,desktop,Germany
4147048,17-03-2024,ads,mobile,India
3984644,23-02-2024,referral,mobile,India
3435844,25-01-2024,organic,desktop,India
1107960,11-03-2024,referral,mobile,India
2703672,13-01-2024,organic,mobile,India
2796267,05-01-2024,organic,desktop,India
1897077,11-03-2024,organic,mobile,USA
3375350,20-01-2024,organic,mobile,Canada
4078649,14-01-2024,ads,desktop,USA
1870701,18-03-2024,organic,mobile,India
3533690,19-02-2024,organic,mobile,India
1394665,02-05-2024,ads,desktop,Canada
4588568,26-04-2024,organic,tablet,India
2323899,03-03-2024,ads,mobile,India
4008689,16-01-2024,ads,mobile,USA
1988607,22-01-2024,ads,mobile,USA
3096917,04-01-2024,organic,mobile,India
4657798,17-01-2024,organic,desktop,India
2594509,25-02-2024,ads,desktop,India
2982091,14-01-2024,organic,tablet,India
2023518,16-03-2024,social,mobile,USA
2525822,20-01-2024,email,mobile,India
2284389,15-01-2024,ads,mobile,India
3448562,10-02-2024,email,mobile,Australia
4727888,07-01-2024,email,desktop,USA
4888216,02-02-2024,organic,mobile,Germany
1968183,28-01-2024,organic,mobile,India
1059237,29-01-2024,organic,mobile,Australia
4201261,25-01-2024,ads,mobile,USA
3546548,04-02-2024,organic,mobile,Germany
1035493,07-01-2024,organic,tablet,India
4260743,06-01-2024,organic,mobile,Germany
1252825,29-01-2024,ads,mobile,India
4363223,27-06-2024,organic,mobile,Canada
3552234,18-01-2024,ads,mobile,India
3505465,15-03-2024,ads,mobile,USA
4272356,24-05-2024,organic,mobile,India
2977044,22-03-2024,ads,mobile,Canada
4821270,19-02-2024,ads,desktop,Australia
4365917,20-02-2024,referral,mobile,India
2988526,17-03-2024,organic,desktop,India
4960596,02-02-2024,organic,mobile,India
2906410,03-01-2024,organic,desktop,India
1178885,24-01-2024,organic,mobile,India
4516882,07-01-2024,ads,mobile,Germany
3440775,10-01-2024,organic,mobile,India
2548352,22-02-2024,organic,mobile,Canada
1216329,19-02-2024,ads,mobile,Canada
1555246,03-01-2024,organic,mobile,Canada
3239110,29-02-2024,organic,mobile,USA
3378803,26-01-2024,organic,mobile,India
1789557,27-02-2024,referral,mobile,India
4643960,22-02-2024,ads,mobile,India
4291920,10-03-2024,organic,desktop,India
2120616,06-03-2024,email,mobile,USA
3575242,19-05-2024,ads,mobile,India
2688866,05-05-2024,organic,mobile,Canada
1624035,20-01-2024,ads,mobile,Germany
3014008,09-02-2024,email,mobile,USA
4765454,20-01-2024,organic,desktop,India
3985649,01-02-2024,ads,mobile,Germany
2248796,22-01-2024,ads,mobile,UK
2361742,22-01-2024,organic,desktop,UK
2734127,18-01-2024,organic,mobile,India
2748543,14-01-2024,referral,desktop,India
1068189,18-02-2024,organic,mobile,USA
1292950,02-01-2024,organic,tablet,UK
2830266,01-01-2024,referral,mobile,USA
1470639,24-02-2024,referral,desktop,USA
2899266,01-02-2024,ads,desktop,UK
2856589,02-02-2024,ads,mobile,USA
2523568,12-01-2024,organic,mobile,Canada
2706535,07-01-2024,ads,mobile,India
2577888,28-01-2024,organic,mobile,USA
4913518,18-01-2024,organic,tablet,Germany
3848382,10-03-2024,organic,desktop,India
3005231,24-03-2024,ads,desktop,Australia
2372175,21-04-2024,ads,desktop,Canada
1832118,03-02-2024,email,desktop,India
1475471,06-01-2024,ads,mobile,India
3725010,04-04-2024,email,mobile,India
2820833,22-01-2024,ads,mobile,USA
1888316,04-04-2024,organic,mobile,India
4980777,18-02-2024,ads,mobile,UK
3049494,12-01-2024,organic,mobile,Germany
3455125,16-02-2024,organic,tablet,Canada
4295986,12-01-2024,organic,mobile,India
1949350,06-01-2024,social,mobile,India
4840706,03-06-2024,social,mobile,India
3553165,21-01-2024,email,desktop,USA
3300533,06-03-2024,social,mobile,India
3852688,11-01-2024,email,desktop,UK
3304175,09-05-2024,organic,tablet,India
3237615,23-01-2024,ads,desktop,USA
3692191,21-03-2024,ads,mobile,India
3694003,17-05-2024,ads,mobile,India
1525612,02-01-2024,organic,desktop,India
1284117,15-01-2024,organic,mobile,Canada
3439701,02-06-2024,referral,mobile,Germany
4954559,06-01-2024,email,mobile,India
1830120,30-01-2024,ads,mobile,India
3716231,20-01-2024,referral,mobile,India
2779686,28-01-2024,ads,desktop,India
3360526,17-01-2024,referral,mobile,USA
3708207,09-01-2024,organic,mobile,India
4348572,30-01-2024,organic,mobile,India
4517556,09-02-2024,organic,mobile,USA
1199281,03-01-2024,organic,desktop,India
4441087,03-03-2024,ads,mobile,Canada
1634715,17-01-2024,referral,mobile,India
4369641,06-02-2024,organic,desktop,India
4634914,05-04-2024,organic,mobile,Canada
2922765,28-01-2024,organic,mobile,UK
4078022,19-02-2024,organic,mobile,India
4996612,13-02-2024,organic,tablet,UK
4079416,27-06-2024,email,mobile,Canada
2586994,18-02-2024,ads,mobile,UK
1347270,21-01-2024,ads,desktop,USA
3442438,18-01-2024,organic,desktop,Australia
4088101,11-01-2024,social,mobile,India
3784374,13-02-2024,referral,desktop,India
3664600,13-02-2024,organic,desktop,USA
2378943,14-01-2024,ads,mobile,USA
4533195,08-01-2024,ads,desktop,UK
1340758,01-01-2024,email,tablet,UK
4991813,01-02-2024,referral,mobile,USA
3391010,04-05-2024,organic,mobile,USA
3344198,12-02-2024,organic,tablet,UK
1858219,10-02-2024,email,mobile,Germany
1292530,25-02-2024,organic,mobile,India
2094966,07-01-2024,ads,desktop,India
3325158,17-02-2024,referral,tablet,Canada
2201584,09-02-2024,organic,desktop,UK
3246742,19-07-2024,organic,desktop,India
4899349,18-01-2024,ads,tablet,USA
2000773,02-05-2024,ads,desktop,India
4903278,18-01-2024,organic,mobile,USA
3349830,11-02-2024,organic,desktop,UK
3548284,23-04-2024,organic,tablet,India
3916505,08-01-2024,organic,mobile,India
4977691,08-04-2024,organic,mobile,India
1324541,28-02-2024,ads,mobile,India
3497469,31-01-2024,organic,desktop,India
2010870,30-01-2024,social,desktop,India
3347789,04-02-2024,organic,mobile,UK
4002192,05-01-2024,ads,mobile,India
1426733,22-01-2024,ads,mobile,USA
4324622,23-02-2024,organic,mobile,UK
3314971,28-02-2024,organic,mobile,USA
2863090,21-01-2024,organic,mobile,India
4035683,04-04-2024,organic,tablet,India
2209236,05-01-2024,organic,mobile,India
3379855,10-01-2024,ads,mobile,India
2975606,02-01-2024,organic,mobile,India
1390956,25-02-2024,email,mobile,India
1808589,13-01-2024,ads,mobile,India
2130133,27-01-2024,ads,mobile,Canada
2496340,06-05-2024,ads,mobile,India
2319916,18-02-2024,ads,mobile,India
2645848,20-02-2024,referral,mobile,Australia
2112065,17-02-2024,ads,tablet,India
1576580,01-02-2024,social,mobile,UK
3956987,13-01-2024,organic,mobile,UK
1469980,28-01-2024,ads,mobile,India
1049988,25-02-2024,email,desktop,India
1112537,04-02-2024,organic,desktop,Canada
3769733,30-03-2024,organic,mobile,India
3659906,13-01-2024,organic,mobile,India
4420813,14-02-2024,referral,desktop,India
1452152,02-02-2024,ads,mobile,USA
2868932,01-01-2024,referral,desktop,Germany
2533745,31-01-2024,referral,mobile,USA
3046937,05-02-2024,social,mobile,Germany
1640563,04-04-2024,email,mobile,Germany
4855074,09-01-2024,ads,mobile,India
1149991,13-01-2024,organic,mobile,India
2371716,13-02-2024,referral,mobile,India
3793103,12-01-2024,organic,desktop,USA
1570702,29-02-2024,ads,desktop,Canada
1217727,29-01-2024,organic,mobile,India
2561236,18-01-2024,organic,desktop,India
2384449,08-01-2024,organic,mobile,India
4455979,23-01-2024,social,mobile,Canada
1976529,29-07-2024,organic,mobile,UK
3483122,19-01-2024,ads,mobile,UK
3875598,03-02-2024,organic,desktop,USA
4008969,01-05-2024,organic,mobile,Germany
3394401,03-03-2024,ads,mobile,India
1901589,20-02-2024,organic,desktop,India
1822607,26-01-2024,organic,desktop,India
2199325,17-01-2024,referral,mobile,USA
4073705,06-04-2024,organic,tablet,India
2574647,05-02-2024,email,desktop,UK
1310449,18-03-2024,organic,mobile,Australia
4296293,27-03-2024,organic,desktop,India
4368673,18-03-2024,social,mobile,India
1672721,17-01-2024,organic,mobile,Canada
2310856,06-01-2024,ads,mobile,Canada
4203432,05-01-2024,organic,desktop,Australia
1048845,10-01-2024,ads,mobile,India
4830083,10-02-2024,social,mobile,India
2383186,22-01-2024,ads,mobile,India
1112337,07-02-2024,organic,mobile,India
3804952,07-05-2024,social,mobile,India
2599006,05-02-2024,organic,mobile,India
1776511,07-01-2024,ads,mobile,India
1462755,03-04-2024,email,mobile,India
2659916,29-01-2024,email,mobile,UK
2436656,08-01-2024,ads,tablet,Germany
2029975,15-01-2024,organic,desktop,USA
4916192,23-06-2024,organic,mobile,India
2831376,07-02-2024,organic,desktop,India
3408136,19-01-2024,ads,mobile,USA
1250628,22-02-2024,ads,tablet,Germany
2796967,11-01-2024,referral,mobile,India
3660754,16-03-2024,organic,mobile,India
1741982,31-01-2024,referral,mobile,India
4216459,13-03-2024,organic,desktop,USA
4484195,22-03-2024,social,desktop,India
4725880,05-02-2024,organic,mobile,India
2320572,01-01-2024,organic,mobile,USA
4653488,09-02-2024,organic,mobile,India
1965635,19-01-2024,organic,mobile,India
2129536,01-01-2024,organic,desktop,India
1048955,12-01-2024,ads,mobile,India
2974259,03-01-2024,organic,mobile,India
2972118,22-05-2024,social,desktop,USA
4940126,22-04-2024,ads,desktop,Australia
2212713,20-02-2024,organic,desktop,India
3601337,21-01-2024,organic,mobile,India
3265903,05-03-2024,organic,mobile,India
2298283,11-04-2024,ads,desktop,India
4585756,11-04-2024,organic,desktop,USA
2828113,09-05-2024,social,desktop,India
4462203,03-01-2024,organic,desktop,Australia
3384309,09-01-2024,organic,mobile,USA
1905169,28-01-2024,ads,mobile,India
1465500,15-02-2024,organic,mobile,India
2832769,09-01-2024,ads,mobile,Australia
2172461,03-03-2024,ads,desktop,India
1524695,04-02-2024,organic,desktop,India
3048580,28-03-2024,ads,mobile,India
4273930,24-02-2024,organic,mobile,USA
4034477,22-01-2024,ads,desktop,India
1829606,18-03-2024,organic,mobile,India
4113768,05-01-2024,organic,desktop,India
3589568,19-01-2024,email,mobile,India
4758194,08-01-2024,ads,mobile,UK
3358325,13-01-2024,organic,mobile,India
2003019,15-01-2024,organic,mobile,India
2989774,31-01-2024,ads,mobile,USA
3525824,29-03-2024,ads,desktop,UK
1464008,29-01-2024,organic,desktop,Canada
4531035,01-03-2024,organic,desktop,USA
3069410,03-06-2024,social,tablet,Canada
2755452,12-02-2024,organic,mobile,UK
3634010,08-03-2024,organic,mobile,India
3510318,11-01-2024,organic,mobile,Canada
3854363,12-01-2024,referral,desktop,India
3625356,12-01-2024,ads,mobile,India
4033726,27-01-2024,email,tablet,India
2196393,28-01-2024,organic,desktop,USA
3218957,25-03-2024,ads,desktop,UK
3745374,16-01-2024,organic,desktop,USA
1252937,04-03-2024,ads,mobile,India
3189790,28-01-2024,organic,mobile,India
4468809,05-02-2024,social,tablet,India
4068933,28-05-2024,organic,mobile,India
2317536,27-01-2024,email,mobile,India
1358945,14-07-2024,organic,mobile,India
1637440,21-01-2024,organic,mobile,India
1674383,09-01-2024,organic,desktop,India
4059998,03-01-2024,organic,desktop,USA
2848891,06-01-2024,ads,desktop,Canada
2223344,16-02-2024,ads,mobile,India
4155968,13-01-2024,organic,mobile,India
2960046,08-02-2024,referral,mobile,India
3358702,02-03-2024,email,mobile,Canada
3780636,26-01-2024,ads,tablet,India
3384490,22-01-2024,organic,mobile,India
1601384,22-03-2024,email,desktop,USA
3659039,24-01-2024,organic,desktop,India
3523608,24-02-2024,ads,desktop,India
2024914,26-04-2024,organic,mobile,India
1422132,15-01-2024,organic,mobile,India
4053962,23-03-2024,referral,mobile,India
4629457,08-01-2024,ads,mobile,USA
1021090,10-03-2024,organic,mobile,India
1165913,04-04-2024,referral,desktop,India
1981472,02-01-2024,ads,mobile,Canada
2702170,14-02-2024,ads,desktop,USA
1241915,02-04-2024,organic,desktop,Canada
1550504,13-01-2024,referral,desktop,UK
1200349,09-02-2024,ads,mobile,Canada
2666767,18-02-2024,social,desktop,India
1275360,06-02-2024,ads,desktop,USA
3394468,17-02-2024,organic,mobile,UK
4507505,15-04-2024,referral,tablet,India
2075364,11-01-2024,social,mobile,Germany
3188298,20-01-2024,organic,mobile,USA
2492904,26-01-2024,ads,tablet,India
2849424,01-01-2024,ads,mobile,UK
1912589,30-03-2024,organic,mobile,USA
1555127,21-01-2024,organic,desktop,UK
1641563,26-04-2024,organic,tablet,India
3643773,01-03-2024,organic,mobile,India
4408906,04-01-2024,email,mobile,India
4746793,13-01-2024,referral,mobile,India
2937954,27-01-2024,email,mobile,Canada
3058009,25-01-2024,ads,mobile,USA
3382533,10-02-2024,organic,mobile,UK
2261079,05-01-2024,organic,mobile,India
2700585,01-05-2024,referral,mobile,Canada
1510489,23-04-2024,ads,tablet,India
2264079,31-01-2024,referral,mobile,India
4483414,28-05-2024,organic,desktop,USA
3051120,19-07-2024,email,mobile,India
2108889,31-01-2024,organic,desktop,India
1170082,17-02-2024,organic,mobile,India
4257331,22-01-2024,organic,mobile,Canada
1507448,28-05-2024,organic,tablet,India
1699538,14-01-2024,email,mobile,USA
1554907,06-01-2024,organic,mobile,India
3452380,10-01-2024,referral,mobile,India
3111034,09-01-2024,ads,tablet,India
2084607,02-05-2024,ads,mobile,India
2670268,02-02-2024,organic,mobile,Canada
2029603,01-01-2024,social,mobile,India
4635613,09-02-2024,ads,mobile,UK
2453612,15-05-2024,referral,desktop,India
2883803,07-02-2024,organic,mobile,Canada
4800239,16-04-2024,ads,tablet,USA
4808644,25-03-2024,ads,desktop,India
2671235,02-01-2024,ads,mobile,USA
3368537,28-01-2024,organic,desktop,Canada
3347758,12-04-2024,ads,mobile,Australia
3944237,06-02-2024,ads,mobile,India
3611217,18-01-2024,email,mobile,India
3237150,28-01-2024,ads,desktop,UK
4535399,23-02-2024,ads,desktop,India
3851137,02-01-2024,organic,mobile,USA
3556433,17-02-2024,organic,mobile,UK
2786012,08-03-2024,email,mobile,India
1773046,07-01-2024,email,mobile,USA
2688072,05-04-2024,organic,mobile,Germany
1852521,11-01-2024,email,mobile,India
4151300,04-02-2024,organic,desktop,Canada
4816556,05-05-2024,ads,mobile,India
2913750,05-01-2024,organic,mobile,USA
4057061,22-08-2024,ads,tablet,India
4395420,15-06-2024,ads,mobile,India
4261429,27-01-2024,organic,desktop,UK
1168269,25-02-2024,organic,mobile,Canada
2160322,09-01-2024,ads,mobile,India
3773427,23-04-2024,ads,mobile,India
3814091,12-02-2024,ads,mobile,India
2475456,17-02-2024,organic,mobile,UK
1799795,29-06-2024,ads,mobile,India
1536440,15-02-2024,organic,mobile,USA
4856968,05-01-2024,email,mobile,India
4922771,27-03-2024,organic,mobile,India
4358554,25-01-2024,ads,mobile,USA
3215227,04-01-2024,ads,mobile,USA
1654831,02-03-2024,ads,mobile,Australia
3334279,29-01-2024,organic,desktop,UK
2408092,20-02-2024,ads,tablet,India
3014162,05-03-2024,email,mobile,Germany
4103725,11-02-2024,organic,mobile,Germany
1454644,05-01-2024,ads,mobile,USA
3112606,06-02-2024,ads,mobile,India
1993916,15-02-2024,ads,desktop,India
2779211,16-02-2024,ads,mobile,Germany
3179378,01-01-2024,organic,desktop,India
2406625,04-04-2024,social,mobile,India
2426129,03-02-2024,organic,tablet,UK
1246510,08-02-2024,email,mobile,India
4882120,06-01-2024,ads,mobile,Germany
4715935,02-05-2024,social,mobile,India
1171076,10-03-2024,organic,desktop,India
1319936,21-03-2024,organic,desktop,India
1391145,04-02-2024,email,desktop,USA
1060983,13-02-2024,organic,mobile,USA
2211918,04-03-2024,organic,tablet,Germany
1287413,16-02-2024,organic,desktop,India
1840592,28-01-2024,referral,desktop,USA
3082880,26-02-2024,organic,desktop,India
2267243,26-02-2024,ads,desktop,Germany
3037052,17-01-2024,organic,mobile,Germany
4994911,07-01-2024,social,tablet,India
3461997,23-01-2024,ads,mobile,Germany
4609856,30-01-2024,ads,desktop,India
1871282,11-01-2024,organic,mobile,India
1555900,11-01-2024,organic,mobile,India
2711239,20-02-2024,ads,mobile,India
3937523,05-03-2024,email,mobile,UK
3696577,18-03-2024,referral,desktop,Germany
1113488,12-01-2024,ads,mobile,India
4884580,07-03-2024,organic,tablet,India
2069083,21-01-2024,referral,mobile,UK
1686963,30-01-2024,organic,mobile,India
3189880,01-01-2024,ads,tablet,India
2987939,26-02-2024,organic,mobile,India
2029082,07-01-2024,ads,desktop,Canada
3824968,25-02-2024,email,mobile,Germany
1850344,23-02-2024,organic,desktop,Canada
4243613,10-01-2024,referral,desktop,India
4091279,02-02-2024,referral,mobile,India
4129401,14-02-2024,referral,mobile,India
2727497,20-01-2024,referral,desktop,India
2617257,25-01-2024,organic,desktop,Germany
3753438,29-02-2024,ads,mobile,USA
2951781,10-01-2024,ads,desktop,India
1240172,15-01-2024,email,desktop,India
4164165,26-01-2024,organic,tablet,India
2096273,13-02-2024,organic,desktop,India
2783979,24-04-2024,organic,tablet,USA
3479152,03-01-2024,organic,desktop,USA
1593159,22-06-2024,ads,tablet,India
3353126,09-01-2024,organic,mobile,Australia
3610661,22-01-2024,ads,mobile,India
4182351,23-02-2024,email,desktop,Canada
3355269,12-02-2024,organic,desktop,Germany
1553992,14-01-2024,email,mobile,Germany
2761964,03-01-2024,organic,mobile,Germany
2943526,02-02-2024,organic,mobile,India
4491278,15-01-2024,organic,mobile,UK
3299146,28-03-2024,organic,mobile,India
2828474,06-01-2024,organic,desktop,UK
4986961,12-03-2024,ads,mobile,USA
4532579,02-01-2024,ads,mobile,Canada
1731435,24-01-2024,ads,mobile,India
1267862,08-01-2024,ads,mobile,India
3428180,06-03-2024,organic,tablet,India
2504920,04-01-2024,email,mobile,India
4025345,27-02-2024,organic,mobile,Germany
4528078,04-03-2024,referral,mobile,Canada
3010732,04-01-2024,ads,desktop,India
4749327,03-02-2024,organic,tablet,India
2287096,07-01-2024,organic,mobile,UK
1129375,25-01-2024,organic,mobile,Canada
4391708,22-08-2024,organic,mobile,India
2306523,04-02-2024,organic,tablet,UK
2170784,08-01-2024,organic,mobile,USA
4751963,08-03-2024,organic,mobile,India
3087832,27-02-2024,ads,mobile,Germany
1173383,23-02-2024,referral,mobile,India
1847759,06-01-2024,organic,mobile,India
3116515,24-01-2024,ads,mobile,India
4034415,31-01-2024,ads,tablet,India
4264559,29-01-2024,organic,mobile,Australia
4535931,20-01-2024,ads,mobile,Canada
3446887,01-02-2024,ads,mobile,UK
3643538,05-03-2024,organic,mobile,Canada
3439267,04-01-2024,ads,mobile,USA
3226043,29-02-2024,ads,mobile,UK
3193256,22-01-2024,organic,mobile,India
3714399,27-01-2024,organic,mobile,UK
4483064,27-01-2024,ads,mobile,India
1239711,08-03-2024,ads,desktop,India
4797738,02-01-2024,organic,mobile,India
2547545,01-02-2024,organic,mobile,India
3207003,11-07-2024,social,desktop,USA
1808271,27-03-2024,organic,mobile,India
4033901,02-01-2024,organic,mobile,Canada
1764865,20-02-2024,organic,desktop,India
4600387,16-02-2024,email,desktop,UK
4549972,02-01-2024,organic,mobile,USA
4203904,23-01-2024,ads,desktop,UK
1237627,05-01-2024,referral,mobile,Canada
3227669,30-01-2024,organic,desktop,Germany
1418662,04-01-2024,organic,mobile,USA
1329185,19-01-2024,organic,mobile,USA
4980354,10-02-2024,social,mobile,UK
2023238,21-01-2024,organic,desktop,India
1099627,19-01-2024,organic,mobile,India
4677373,27-01-2024,email,desktop,UK
1122815,02-01-2024,organic,desktop,USA
2745081,11-01-2024,organic,mobile,India
2485635,30-04-2024,ads,mobile,UK
4128442,03-02-2024,organic,mobile,India
4547039,28-02-2024,ads,mobile,India
1275295,01-01-2024,ads,mobile,India
3400899,20-02-2024,referral,mobile,India
4858921,29-02-2024,ads,mobile,India
2862584,06-01-2024,email,desktop,Canada
1992440,05-02-2024,referral,mobile,Australia
3772218,19-01-2024,organic,mobile,India
2121988,09-01-2024,organic,mobile,UK
2771472,18-01-2024,organic,mobile,USA
1838636,08-01-2024,organic,desktop,Australia
3825895,08-01-2024,organic,desktop,UK
2043437,05-01-2024,organic,desktop,USA
3898376,13-03-2024,email,mobile,USA
2946830,08-02-2024,referral,mobile,UK
3296873,20-01-2024,organic,desktop,Germany
3112026,18-01-2024,ads,tablet,USA
2687168,17-01-2024,organic,mobile,India
2353865,11-01-2024,organic,mobile,India
1942707,11-02-2024,organic,mobile,India
1865561,23-01-2024,organic,mobile,USA
1935863,23-02-2024,ads,mobile,USA
2950826,09-02-2024,ads,mobile,UK
2750286,13-02-2024,ads,mobile,USA
1381790,10-01-2024,organic,desktop,India
3464783,10-03-2024,ads,mobile,Australia
3750160,09-05-2024,ads,mobile,India
1398029,15-01-2024,organic,desktop,Canada
3926713,15-02-2024,ads,mobile,India
2077184,27-02-2024,organic,desktop,India
3409590,27-01-2024,email,mobile,USA
3809577,11-03-2024,ads,mobile,India
2402959,12-01-2024,organic,mobile,Canada
1281370,24-01-2024,referral,desktop,India
2931298,27-03-2024,email,mobile,USA
4968371,01-02-2024,referral,desktop,USA
4537324,31-01-2024,referral,mobile,India
2598563,13-03-2024,organic,tablet,Canada
1488200,29-04-2024,email,mobile,USA
2995810,23-02-2024,organic,desktop,Germany
2979986,14-01-2024,organic,mobile,Canada
3152754,22-07-2024,organic,mobile,USA
2684132,11-01-2024,organic,desktop,USA
4374858,02-06-2024,organic,desktop,India
1300205,25-01-2024,organic,mobile,UK
1014151,07-01-2024,organic,desktop,Canada
1965965,27-01-2024,organic,tablet,Canada
3941736,22-01-2024,ads,mobile,India
2020206,11-01-2024,ads,desktop,India
3060753,11-03-2024,referral,desktop,USA
3887360,25-02-2024,organic,tablet,Canada
1461453,24-01-2024,organic,desktop,USA
1971947,23-02-2024,referral,mobile,India
4093492,01-05-2024,organic,desktop,India
3133419,11-03-2024,referral,desktop,India
3640421,03-01-2024,organic,mobile,India
4905998,09-02-2024,organic,mobile,UK
2346912,21-02-2024,organic,desktop,India
4018468,10-01-2024,referral,mobile,UK
1643652,25-02-2024,ads,desktop,USA
2634005,26-04-2024,ads,mobile,India
2824308,18-03-2024,email,mobile,USA
4956116,15-01-2024,ads,mobile,USA
3423335,23-02-2024,email,mobile,Germany
1299171,04-01-2024,ads,mobile,UK
2507302,09-01-2024,organic,mobile,India
2599922,14-02-2024,social,mobile,USA
1263999,16-03-2024,email,mobile,India
4082659,10-05-2024,organic,mobile,Canada
1348836,23-02-2024,ads,desktop,India
3484146,25-03-2024,ads,mobile,USA
4957860,07-03-2024,referral,mobile,India
2965466,10-03-2024,organic,desktop,India
1423665,04-03-2024,ads,mobile,UK
4054311,18-01-2024,organic,mobile,USA
2903236,10-01-2024,social,mobile,USA
3223896,29-02-2024,organic,mobile,UK
2575504,12-03-2024,organic,mobile,Germany
2543516,14-02-2024,referral,desktop,Canada
2279778,02-02-2024,organic,mobile,India
2606270,18-02-2024,email,mobile,USA
3504152,15-01-2024,social,desktop,Canada
4345327,22-03-2024,organic,tablet,India
1068518,11-01-2024,ads,mobile,India
1534007,08-04-2024,referral,desktop,India
3281859,23-01-2024,organic,mobile,India
3486974,04-01-2024,email,desktop,Australia
1309828,29-04-2024,organic,desktop,India
3724620,23-03-2024,organic,mobile,India
1358402,03-01-2024,ads,desktop,India
3431014,05-02-2024,organic,desktop,India
1670918,14-01-2024,ads,mobile,UK
2886812,20-04-2024,organic,desktop,India
3595565,04-01-2024,email,mobile,Germany
4865480,11-01-2024,organic,tablet,India
3356835,02-02-2024,organic,mobile,Germany
1075855,24-01-2024,organic,desktop,Canada
4863477,30-05-2024,ads,mobile,UK
3627290,19-01-2024,organic,mobile,India
2133773,02-01-2024,organic,desktop,India
1535929,18-03-2024,organic,mobile,Canada
4717872,07-01-2024,organic,mobile,India
4471039,18-01-2024,referral,mobile,Australia
2526408,12-01-2024,organic,mobile,Australia
4354851,06-01-2024,organic,desktop,UK
3227221,05-02-2024,ads,mobile,USA
3751851,22-01-2024,organic,tablet,India
2463169,12-02-2024,social,desktop,India
2048398,23-01-2024,email,desktop,India
2876961,15-05-2024,ads,desktop,UK
3578738,26-04-2024,organic,desktop,India
3221137,07-01-2024,social,mobile,Germany
3795156,19-02-2024,organic,mobile,UK
4089478,07-05-2024,email,mobile,India
1937534,12-02-2024,ads,mobile,India
1621745,18-03-2024,ads,mobile,UK
2611512,17-01-2024,organic,desktop,USA
4377580,03-01-2024,organic,mobile,India
4212950,24-01-2024,organic,desktop,Australia
3443590,21-02-2024,organic,mobile,India
1259267,31-01-2024,organic,mobile,Canada
3705174,07-02-2024,organic,mobile,India
1222520,21-02-2024,organic,desktop,USA
3894369,02-03-2024,referral,mobile,UK
1532373,19-01-2024,ads,mobile,USA
3998247,05-01-2024,organic,tablet,Australia
3283204,08-03-2024,email,mobile,India
4004869,07-02-2024,organic,mobile,India
1680343,23-01-2024,organic,mobile,UK
2388389,26-03-2024,ads,mobile,USA
2814532,14-01-2024,email,mobile,India
2248565,16-01-2024,organic,tablet,Germany
1634183,16-04-2024,ads,desktop,India
4508157,24-01-2024,ads,desktop,USA
1300755,05-02-2024,ads,desktop,USA
4788346,18-02-2024,ads,tablet,Canada
3875231,21-02-2024,organic,mobile,Canada
2382293,20-02-2024,ads,mobile,Canada
3560316,16-02-2024,email,desktop,USA
4188714,21-07-2024,organic,mobile,India
4671786,01-01-2024,ads,mobile,India
4956061,17-01-2024,ads,desktop,India
4521708,28-03-2024,social,desktop,USA
1924436,04-01-2024,organic,mobile,India
3940971,05-02-2024,ads,tablet,USA
3004176,01-01-2024,referral,mobile,India
1570598,25-01-2024,ads,tablet,India
1115101,16-03-2024,organic,mobile,UK
2994397,28-01-2024,organic,mobile,USA
2841343,11-01-2024,referral,mobile,USA
4240705,23-01-2024,ads,mobile,India
1896499,22-03-2024,organic,mobile,Australia
3631930,05-01-2024,organic,mobile,India
3122683,14-01-2024,organic,mobile,India
2731597,26-01-2024,organic,desktop,India
4875290,16-01-2024,organic,mobile,India
3955631,05-01-2024,organic,mobile,India
1451576,02-05-2024,email,mobile,India
3964341,02-01-2024,organic,mobile,India
2192066,05-01-2024,ads,mobile,India
4603559,03-01-2024,ads,mobile,Germany
1031199,31-03-2024,email,mobile,USA
4184175,30-01-2024,referral,desktop,Australia
2149916,01-01-2024,ads,mobile,Canada
1620720,01-01-2024,organic,desktop,USA
2042294,27-02-2024,organic,desktop,Germany
4057798,10-02-2024,ads,mobile,India
1162271,20-01-2024,ads,mobile,India
3973374,02-04-2024,social,mobile,India
1401820,03-05-2024,organic,mobile,USA
4295226,21-01-2024,organic,mobile,USA
4630801,18-02-2024,referral,mobile,Canada
4116855,19-03-2024,ads,desktop,India
2667283,03-01-2024,organic,mobile,Germany
4501403,18-01-2024,organic,mobile,India
4141345,07-01-2024,social,mobile,India
2519547,21-01-2024,ads,mobile,Germany
3188719,05-01-2024,ads,mobile,UK
2031323,09-02-2024,organic,desktop,India
2346448,10-01-2024,organic,mobile,India
1995351,28-01-2024,organic,desktop,India
3338698,20-05-2024,referral,mobile,India
2637966,06-02-2024,organic,desktop,India
2358629,06-02-2024,organic,desktop,Canada
4287316,02-02-2024,organic,desktop,India
2531743,18-01-2024,organic,mobile,USA
3252969,02-01-2024,organic,mobile,USA
2331886,10-03-2024,ads,desktop,India
1116239,06-05-2024,referral,mobile,Australia
3317018,29-03-2024,ads,mobile,India
2438631,05-04-2024,ads,desktop,USA
2882345,05-01-2024,referral,desktop,India
2228724,14-01-2024,ads,mobile,India
3184681,04-04-2024,ads,desktop,Germany
3222625,21-01-2024,ads,mobile,USA
2931928,19-04-2024,ads,desktop,UK
1551578,04-01-2024,ads,mobile,India
4450621,18-02-2024,organic,desktop,India
3805248,21-01-2024,organic,tablet,India
3231666,20-03-2024,organic,desktop,UK
2827989,08-05-2024,ads,tablet,USA
4619332,06-02-2024,ads,desktop,USA
4943340,05-01-2024,ads,desktop,Canada
1475809,13-01-2024,organic,tablet,India
3113558,24-01-2024,organic,mobile,USA
2088838,21-01-2024,organic,mobile,India
1010542,17-02-2024,referral,mobile,Canada
4730949,01-01-2024,email,desktop,India
3219593,24-04-2024,organic,desktop,USA
1471061,22-02-2024,organic,desktop,Canada
2118824,18-01-2024,ads,mobile,India
3738305,16-01-2024,organic,tablet,UK
3309033,03-01-2024,ads,mobile,UK
2122917,03-02-2024,organic,desktop,India
3862438,10-02-2024,ads,mobile,USA
4864072,03-01-2024,email,mobile,India
4507278,09-02-2024,organic,desktop,India
2646011,24-01-2024,organic,desktop,India
3036040,03-02-2024,organic,mobile,India
4842843,23-01-2024,organic,tablet,Canada
4813255,02-01-2024,email,mobile,India
3041462,23-01-2024,email,desktop,India
3169271,30-01-2024,ads,mobile,USA
3886942,30-01-2024,organic,mobile,India
1208684,16-02-2024,ads,desktop,India
4349318,18-05-2024,ads,mobile,Australia
1771223,12-01-2024,organic,mobile,India
1656144,01-02-2024,organic,mobile,Australia
1037905,11-03-2024,organic,tablet,India
3979098,23-01-2024,social,mobile,India
3928110,29-02-2024,organic,mobile,India
4840054,28-01-2024,organic,desktop,India
4539896,20-02-2024,organic,mobile,India
2099512,02-01-2024,organic,tablet,India
3991782,14-02-2024,email,desktop,India
1045927,30-01-2024,social,desktop,India
4627334,19-02-2024,organic,mobile,India
3296521,09-02-2024,email,mobile,Canada
3289092,16-01-2024,email,mobile,Australia
1272118,02-02-2024,ads,mobile,UK
2061422,10-02-2024,organic,desktop,UK
3131110,24-08-2024,social,tablet,India
2619692,06-03-2024,organic,mobile,USA
2636357,26-02-2024,email,mobile,Australia
3635472,08-03-2024,organic,mobile,India
4337676,04-02-2024,organic,mobile,Germany
2829602,01-01-2024,organic,mobile,India
1956998,28-01-2024,email,desktop,India
1691097,02-01-2024,ads,mobile,UK
3623923,21-02-2024,organic,mobile,India
3808038,29-02-2024,ads,mobile,USA
1514426,16-01-2024,ads,mobile,USA
3772091,08-01-2024,ads,mobile,USA
1160932,01-04-2024,organic,mobile,India
3173427,01-01-2024,organic,mobile,India
4929819,29-02-2024,ads,mobile,UK
3724733,07-01-2024,organic,mobile,Germany
4057577,05-01-2024,organic,mobile,USA
2947898,30-01-2024,ads,mobile,India
4435261,22-01-2024,referral,desktop,USA
1551874,21-02-2024,ads,mobile,USA
2638682,31-01-2024,referral,mobile,USA
3382189,22-01-2024,organic,mobile,Canada
4159728,01-02-2024,referral,mobile,India
1983388,12-01-2024,ads,mobile,India
4962071,21-01-2024,organic,desktop,Germany
3178486,14-01-2024,organic,mobile,India
3377172,08-01-2024,email,desktop,India
4227206,20-01-2024,email,tablet,UK
3806896,08-01-2024,referral,mobile,USA
3442490,07-02-2024,email,mobile,India
1455160,06-04-2024,organic,mobile,USA
3777992,01-01-2024,ads,mobile,India
1342515,20-03-2024,organic,mobile,Germany
2033916,13-01-2024,organic,tablet,USA
2619680,18-01-2024,organic,mobile,India
1877922,01-04-2024,organic,mobile,Canada
2470451,10-01-2024,organic,mobile,India
2100555,23-02-2024,organic,desktop,India
1705651,27-04-2024,ads,desktop,Canada
4925563,06-03-2024,organic,mobile,India
1511273,19-01-2024,email,tablet,Germany
2650073,05-02-2024,ads,desktop,USA
3347659,07-01-2024,organic,mobile,Germany
1891599,29-03-2024,email,mobile,UK
1045814,26-01-2024,referral,tablet,India
3170436,13-03-2024,email,tablet,USA
1201254,14-01-2024,ads,mobile,Canada
1012901,06-03-2024,referral,mobile,India
2271224,22-02-2024,organic,tablet,UK
1636784,27-03-2024,organic,mobile,India
4821874,01-01-2024,ads,desktop,India
3759733,02-01-2024,ads,mobile,Canada
4927347,02-06-2024,email,tablet,India
4356941,31-01-2024,ads,mobile,India
4858133,11-06-2024,ads,mobile,UK
3145993,10-02-2024,email,mobile,Canada
2769732,22-02-2024,organic,mobile,India
1854702,02-01-2024,organic,mobile,USA
1553011,08-02-2024,ads,mobile,Germany
2877142,05-01-2024,ads,mobile,India
1080099,02-03-2024,organic,mobile,Germany
1640397,06-06-2024,email,desktop,India
4769879,02-02-2024,organic,tablet,USA
2400805,05-06-2024,ads,desktop,India
2056453,16-02-2024,organic,desktop,India
1121698,02-01-2024,organic,mobile,India
2925986,06-02-2024,organic,mobile,Canada
3374892,07-01-2024,organic,mobile,India
2227231,04-02-2024,email,mobile,India
2484118,12-12-2024,ads,mobile,USA
1374945,11-04-2024,ads,mobile,Canada
1970093,08-01-2024,ads,mobile,UK
3246027,05-02-2024,organic,desktop,India
2456928,26-01-2024,organic,mobile,USA
4581959,22-04-2024,email,desktop,India
4000851,28-01-2024,organic,desktop,UK
2916232,12-01-2024,social,tablet,USA
4975918,02-01-2024,ads,mobile,USA
2460912,06-01-2024,ads,desktop,India
3973038,05-01-2024,organic,tablet,India
3688549,05-01-2024,ads,mobile,USA
4138596,12-01-2024,organic,mobile,Australia
4913488,18-02-2024,email,tablet,India
2226368,11-01-2024,social,desktop,India
4804381,29-01-2024,email,desktop,USA
4560959,26-02-2024,organic,desktop,India
1837248,25-01-2024,organic,mobile,USA
1785383,21-05-2024,organic,mobile,Canada
4725008,03-02-2024,ads,desktop,Canada
3763036,23-01-2024,email,mobile,Australia
4531936,21-02-2024,ads,mobile,India
2199775,07-03-2024,ads,mobile,USA
1102861,10-04-2024,ads,mobile,India
3960381,04-01-2024,organic,desktop,Germany
2722832,14-01-2024,ads,mobile,Canada
1958776,22-01-2024,ads,mobile,Germany
4536276,03-03-2024,organic,desktop,Canada
2614813,04-01-2024,ads,desktop,USA
2298205,15-01-2024,organic,mobile,UK
3513106,27-02-2024,ads,desktop,Australia
2262832,28-01-2024,ads,mobile,USA
1793997,13-01-2024,email,mobile,UK
1433038,02-04-2024,organic,mobile,Germany
4819734,01-01-2024,organic,desktop,India
2346979,06-01-2024,organic,desktop,India
1633501,31-03-2024,email,mobile,Germany
4327431,22-03-2024,ads,mobile,India
3189750,31-01-2024,organic,desktop,India
1445640,26-01-2024,organic,tablet,Canada
2207877,11-04-2024,ads,desktop,USA
1225268,17-01-2024,ads,mobile,India
3898489,28-02-2024,organic,tablet,Canada
4142669,17-02-2024,organic,mobile,UK
1725688,08-04-2024,referral,desktop,UK
1859203,01-01-2024,ads,mobile,India
1658129,01-05-2024,ads,desktop,India
2753358,18-01-2024,ads,mobile,India
1196929,09-06-2024,organic,mobile,India
1408885,26-01-2024,organic,mobile,USA
3593461,04-01-2024,organic,desktop,Germany
2606726,03-01-2024,organic,mobile,India
4163427,01-01-2024,organic,desktop,India
4077682,25-01-2024,email,mobile,India
4851516,07-01-2024,organic,mobile,India
4234105,28-01-2024,email,mobile,India
4821539,13-03-2024,organic,mobile,USA
3190666,10-03-2024,ads,mobile,Australia
4711428,12-03-2024,ads,desktop,India
4738157,06-02-2024,email,mobile,India
1819519,03-01-2024,organic,mobile,USA
3216977,12-01-2024,organic,mobile,India
4184750,01-06-2024,organic,mobile,India
4835227,06-06-2024,organic,desktop,India
3591044,24-05-2024,organic,mobile,India
1595471,31-01-2024,organic,tablet,Germany
2992956,26-02-2024,email,mobile,India
2797754,02-01-2024,referral,desktop,India
3325944,22-01-2024,organic,desktop,India
4125652,09-02-2024,organic,tablet,UK
1824882,06-01-2024,organic,mobile,Canada
2169835,26-02-2024,organic,mobile,UK
2012732,08-02-2024,ads,desktop,India
4316092,20-01-2024,ads,mobile,USA
4362147,09-01-2024,organic,mobile,UK
1550212,28-02-2024,organic,desktop,India
4913356,25-01-2024,email,desktop,Canada
2723708,13-01-2024,organic,tablet,Germany
3958204,04-04-2024,ads,desktop,Canada
3368912,25-01-2024,ads,desktop,India
3161666,24-03-2024,organic,mobile,India
4898907,29-01-2024,organic,mobile,India
1512099,22-01-2024,organic,tablet,Australia
4769675,15-01-2024,organic,desktop,India
4058688,29-02-2024,organic,mobile,USA
3387823,28-01-2024,organic,tablet,Australia
2142078,18-04-2024,ads,desktop,USA
2872844,17-02-2024,referral,mobile,USA
2484734,08-01-2024,ads,mobile,India
2476559,31-05-2024,ads,desktop,UK
1967844,09-03-2024,organic,desktop,Canada
3495394,16-03-2024,social,mobile,USA
3331336,14-03-2024,organic,mobile,India
1702591,29-01-2024,ads,mobile,India
1645411,26-02-2024,referral,desktop,USA
4276296,03-01-2024,organic,mobile,India
1786415,03-01-2024,organic,desktop,India
3813752,17-01-2024,ads,mobile,USA
3775709,16-01-2024,referral,desktop,India
3468068,09-01-2024,organic,mobile,Australia
3695280,02-01-2024,ads,desktop,India
3355776,11-01-2024,organic,mobile,India
2520188,04-01-2024,referral,desktop,India
2304729,20-02-2024,organic,mobile,India
1774659,22-02-2024,organic,mobile,USA
4921628,18-02-2024,organic,mobile,India
4003664,03-02-2024,ads,mobile,India
2997268,23-01-2024,ads,desktop,UK
4571370,05-02-2024,organic,desktop,UK
1828208,27-01-2024,ads,desktop,USA
4527953,24-01-2024,organic,mobile,USA
3477217,03-01-2024,organic,mobile,USA
1894471,09-06-2024,referral,mobile,India
3825592,02-06-2024,ads,desktop,India
4349740,01-04-2024,organic,mobile,India
1178388,05-04-2024,ads,mobile,USA
1705919,29-03-2024,referral,mobile,Germany
1368701,27-01-2024,organic,desktop,USA
3180155,05-04-2024,ads,mobile,India
1255944,09-01-2024,ads,mobile,India
2201805,17-02-2024,email,mobile,Germany
2254703,23-04-2024,organic,mobile,Australia
3599437,03-01-2024,social,mobile,USA
1530603,26-01-2024,organic,mobile,India
4599772,09-01-2024,organic,desktop,USA
1387208,14-03-2024,organic,desktop,UK
4182388,01-02-2024,ads,mobile,India
3707101,02-04-2024,organic,mobile,India
4798961,08-01-2024,ads,mobile,India
1870410,19-01-2024,organic,mobile,India
1649170,14-01-2024,organic,mobile,India
3675733,03-01-2024,ads,mobile,Germany
1449541,18-01-2024,organic,desktop,India
4377240,13-02-2024,social,desktop,India
3508844,18-06-2024,organic,mobile,Canada
1300838,01-01-2024,organic,mobile,USA
3778160,28-02-2024,email,mobile,India
2816910,10-02-2024,ads,desktop,India
3635238,25-01-2024,ads,mobile,India
3567514,03-01-2024,ads,mobile,Germany
2136602,14-03-2024,social,desktop,USA
3057230,20-02-2024,ads,mobile,India
4022132,06-02-2024,ads,desktop,Germany
4323048,10-01-2024,organic,mobile,India
2706446,10-03-2024,email,mobile,India
3763045,09-01-2024,referral,desktop,India
2999284,23-01-2024,organic,desktop,India
4858007,15-03-2024,ads,mobile,Canada
1927426,29-04-2024,email,mobile,India
3305755,05-03-2024,email,desktop,USA
2587757,23-01-2024,ads,mobile,USA
3076269,17-04-2024,organic,tablet,USA
1527816,18-01-2024,ads,mobile,USA
4798393,11-01-2024,organic,mobile,USA
2845324,05-02-2024,ads,desktop,India
2446207,12-01-2024,ads,desktop,USA
2336680,20-03-2024,referral,mobile,Canada
2323999,20-01-2024,organic,mobile,India
2978168,11-02-2024,referral,mobile,India
4310332,25-04-2024,organic,mobile,Germany
2786142,10-02-2024,organic,desktop,USA
2177195,17-02-2024,organic,desktop,India
3833023,17-01-2024,ads,mobile,Canada
4256910,06-02-2024,email,mobile,India
2466023,04-01-2024,ads,mobile,India
3045534,25-01-2024,organic,mobile,India
4468711,07-03-2024,organic,mobile,India
1411509,30-01-2024,organic,desktop,UK
2403576,09-01-2024,ads,mobile,Australia
3450330,01-02-2024,ads,mobile,UK
1815979,12-02-2024,organic,desktop,USA
3362963,22-02-2024,ads,mobile,USA
1109639,17-01-2024,organic,mobile,India
3538109,12-02-2024,organic,mobile,USA
4106612,14-01-2024,ads,desktop,Canada
2555625,12-04-2024,social,mobile,USA
3594348,05-01-2024,email,tablet,Canada
4776524,05-01-2024,ads,desktop,Germany
3623292,17-01-2024,ads,mobile,India
2795059,11-02-2024,ads,mobile,India
2211562,24-02-2024,organic,mobile,India
4179860,10-03-2024,referral,mobile,USA
2341973,13-05-2024,email,desktop,USA
2208033,27-01-2024,organic,desktop,USA
2754254,22-01-2024,organic,desktop,India
3858486,10-04-2024,organic,desktop,India
3216942,19-06-2024,ads,mobile,USA
2080848,28-01-2024,referral,desktop,India
2196792,04-04-2024,email,desktop,India
2599702,09-01-2024,organic,tablet,India
4119815,25-02-2024,organic,mobile,USA
3197832,08-03-2024,email,desktop,Australia
1156585,08-01-2024,organic,desktop,UK
4945838,04-02-2024,ads,tablet,Canada
3358640,30-01-2024,ads,tablet,India
2729032,27-01-2024,social,mobile,Canada
2405747,07-02-2024,email,mobile,India
4111041,18-01-2024,organic,tablet,USA
4980474,23-02-2024,ads,mobile,India
3842782,10-01-2024,ads,mobile,India
4327270,05-01-2024,organic,mobile,India
4773502,17-01-2024,ads,mobile,USA
3554136,27-01-2024,email,desktop,Canada
2030976,29-01-2024,organic,mobile,Germany
2450488,24-01-2024,ads,desktop,Australia
1688394,23-02-2024,ads,mobile,USA
3390497,01-01-2024,organic,mobile,India
4971448,07-02-2024,email,mobile,USA
2749663,02-03-2024,organic,desktop,Australia
3067682,11-01-2024,social,desktop,India
3549680,12-01-2024,email,mobile,India
1399154,25-01-2024,ads,mobile,Canada
2750225,25-02-2024,organic,tablet,India
4076839,10-03-2024,organic,mobile,USA
1894285,26-01-2024,organic,mobile,India
4432158,05-03-2024,referral,mobile,USA
2957030,18-01-2024,organic,tablet,Canada
4774129,19-02-2024,referral,mobile,Australia
1356408,15-02-2024,organic,desktop,Australia
2085768,06-01-2024,organic,mobile,UK
3537732,14-01-2024,ads,mobile,Canada
2764836,16-03-2024,referral,mobile,India
3546743,08-02-2024,email,mobile,USA
2706045,18-01-2024,referral,desktop,India
1271785,01-03-2024,ads,desktop,India
1318096,15-01-2024,ads,mobile,USA
3740295,08-02-2024,organic,desktop,India
1010733,23-02-2024,ads,tablet,Canada
4440380,04-01-2024,referral,mobile,India
1986286,21-01-2024,organic,mobile,India
3655966,25-02-2024,ads,desktop,India
2877680,01-03-2024,organic,desktop,India
2020781,06-01-2024,organic,tablet,USA
2691366,12-01-2024,organic,desktop,India
4990409,30-04-2024,ads,tablet,India
3089284,22-03-2024,organic,desktop,USA
4680451,08-04-2024,ads,mobile,India
3706186,01-05-2024,referral,mobile,USA
4073266,09-02-2024,organic,desktop,India
1562448,05-02-2024,organic,mobile,India
3392107,20-01-2024,organic,mobile,India
2118803,25-02-2024,ads,mobile,India
1392719,10-01-2024,social,desktop,India
3182679,20-02-2024,organic,mobile,India
2431044,28-01-2024,social,mobile,UK
1342133,25-01-2024,organic,mobile,India
1131550,11-04-2024,ads,desktop,India
2793403,15-02-2024,ads,desktop,UK
1305951,21-01-2024,organic,mobile,Australia
3197010,04-01-2024,email,mobile,India
1204531,31-03-2024,ads,tablet,India
2879511,05-04-2024,ads,tablet,India
1308681,28-03-2024,ads,tablet,India
1209310,02-02-2024,email,desktop,India
1394079,02-01-2024,email,mobile,India
2989057,02-03-2024,email,mobile,Germany
3806910,18-07-2024,organic,mobile,India
1564197,01-02-2024,ads,mobile,India
1632993,17-01-2024,referral,mobile,Germany
4362293,10-02-2024,referral,mobile,USA
1004197,10-01-2024,ads,mobile,India
2982043,19-01-2024,email,mobile,USA
1528160,10-01-2024,ads,mobile,India
1224429,09-02-2024,organic,mobile,India
2490486,24-01-2024,organic,mobile,USA
4091269,19-01-2024,organic,desktop,USA
2195521,23-02-2024,organic,desktop,India
3355118,14-01-2024,referral,tablet,India
2669374,01-01-2024,organic,desktop,USA
2363730,04-03-2024,referral,tablet,USA
4620535,21-03-2024,organic,mobile,India
4466026,08-06-2024,email,mobile,India
2228192,27-01-2024,referral,mobile,UK
3438657,18-02-2024,organic,mobile,Canada
4452267,05-02-2024,organic,mobile,India
2121540,29-01-2024,organic,mobile,USA
4870473,10-01-2024,referral,mobile,USA
3079314,20-02-2024,organic,mobile,USA
4013611,03-01-2024,organic,mobile,Germany
2106211,15-01-2024,ads,mobile,Canada
1168433,04-05-2024,referral,mobile,India
3184668,11-01-2024,email,desktop,India
3329417,22-01-2024,email,desktop,UK
1273123,30-01-2024,ads,mobile,India
2239025,23-03-2024,ads,mobile,India
1391305,15-02-2024,organic,mobile,India
2024107,20-01-2024,organic,mobile,India
2634500,06-01-2024,organic,mobile,Germany
1057844,26-05-2024,ads,mobile,USA
1632250,30-01-2024,referral,mobile,India
2776537,29-02-2024,ads,desktop,India
4687383,17-02-2024,organic,desktop,India
2339195,22-01-2024,email,desktop,India
3378374,07-03-2024,ads,mobile,India
2815226,06-01-2024,organic,mobile,USA
2308198,21-01-2024,ads,mobile,USA
3892819,04-05-2024,organic,tablet,India
3838857,09-02-2024,organic,tablet,USA
1631840,19-03-2024,organic,mobile,India
3493735,28-01-2024,organic,mobile,Germany
1486428,09-01-2024,ads,mobile,USA
4870739,04-02-2024,ads,desktop,India
2383467,11-03-2024,email,mobile,USA
1616640,08-02-2024,email,mobile,India
1113500,03-01-2024,ads,mobile,India
3480144,03-01-2024,organic,desktop,UK
1997518,23-01-2024,organic,mobile,USA
1641493,15-01-2024,ads,mobile,Canada
2191971,21-02-2024,organic,mobile,India
2424912,02-01-2024,social,mobile,USA
2685010,19-02-2024,organic,mobile,USA
1924366,07-07-2024,ads,mobile,India
2830590,09-01-2024,organic,mobile,UK
1314557,12-02-2024,referral,mobile,India
4886205,22-01-2024,organic,mobile,India
1497306,20-01-2024,ads,mobile,USA
4069786,04-02-2024,ads,mobile,USA
3227950,05-02-2024,ads,mobile,India
2635926,26-02-2024,ads,desktop,India
2541980,13-03-2024,organic,mobile,USA
2187341,23-02-2024,organic,mobile,India
2388949,16-02-2024,organic,mobile,USA
4790453,23-02-2024,ads,mobile,India
2982003,29-09-2024,organic,desktop,Australia
4771695,07-02-2024,email,desktop,USA
3686096,10-04-2024,organic,mobile,Canada
4203817,04-02-2024,referral,desktop,UK
2498993,18-01-2024,organic,mobile,India
3960240,03-01-2024,organic,mobile,India
2309781,11-01-2024,ads,mobile,USA
1064557,04-06-2024,referral,mobile,Canada
1385056,20-10-2024,organic,desktop,India
1790868,06-01-2024,ads,mobile,USA
1189590,08-01-2024,organic,mobile,USA
4898047,15-02-2024,organic,mobile,India
4500091,15-01-2024,email,mobile,UK
2823803,10-01-2024,organic,desktop,India
2520376,16-03-2024,email,desktop,India
3084387,24-03-2024,referral,mobile,Australia
1648196,05-01-2024,referral,mobile,India
2696129,05-03-2024,organic,mobile,USA
2306072,03-03-2024,organic,desktop,Canada
3039360,18-01-2024,organic,mobile,India
4189121,09-02-2024,ads,mobile,India
1793452,07-02-2024,organic,desktop,USA
1237541,21-01-2024,organic,mobile,Germany
1267302,21-02-2024,ads,desktop,India
2628727,16-01-2024,referral,mobile,India
3185746,21-06-2024,ads,mobile,India
1959645,19-01-2024,organic,mobile,India
3529497,30-04-2024,ads,mobile,India
1059121,07-01-2024,referral,mobile,India
1330279,31-01-2024,ads,mobile,USA
4627652,09-04-2024,organic,tablet,India
2492790,24-01-2024,ads,mobile,India
2965959,07-01-2024,ads,mobile,Australia
4622757,11-01-2024,social,mobile,India
4837874,12-03-2024,organic,mobile,USA
4689048,05-01-2024,organic,mobile,India
1697508,14-02-2024,organic,desktop,India
1331650,15-01-2024,ads,desktop,Germany
3054674,06-02-2024,ads,mobile,USA
2529384,02-03-2024,referral,mobile,USA
2240026,14-03-2024,organic,tablet,Canada
3365113,29-01-2024,organic,mobile,UK
3455354,22-03-2024,organic,mobile,India
1218689,03-02-2024,ads,mobile,India
1574217,01-03-2024,organic,mobile,USA
3382685,31-01-2024,email,desktop,India
2318183,08-02-2024,ads,tablet,India
2613981,25-02-2024,ads,mobile,India
2225777,05-01-2024,organic,desktop,UK
1569978,12-01-2024,organic,mobile,India
4700153,08-02-2024,organic,mobile,India
3766905,21-04-2024,organic,mobile,USA
4471977,30-01-2024,ads,desktop,USA
2702491,10-01-2024,ads,tablet,India
3543883,14-01-2024,social,tablet,USA
4261854,26-01-2024,organic,mobile,USA
2756841,02-02-2024,organic,mobile,India
4359016,17-01-2024,email,desktop,India
4306528,16-01-2024,social,tablet,India
4461877,05-02-2024,referral,mobile,Canada
4124739,22-01-2024,email,mobile,India
3784577,05-05-2024,organic,mobile,India
4573575,02-02-2024,ads,mobile,India
1000373,29-01-2024,referral,mobile,India
4655713,18-03-2024,organic,tablet,India
3706479,16-01-2024,ads,desktop,India
2989542,27-02-2024,organic,mobile,USA
3661061,12-12-2024,ads,desktop,India
3789463,02-01-2024,organic,desktop,India
1185136,18-01-2024,organic,tablet,India
2244299,11-01-2024,ads,mobile,Canada
4077698,17-05-2024,ads,mobile,USA
1649620,24-02-2024,email,desktop,USA
4488805,07-03-2024,email,mobile,India
2288278,31-01-2024,ads,mobile,USA
4099339,01-01-2024,ads,mobile,UK
2305577,22-01-2024,organic,desktop,India
3773007,21-01-2024,email,mobile,Germany
2036771,22-02-2024,social,desktop,India
3710311,25-03-2024,organic,mobile,India
2478728,15-02-2024,email,mobile,India
2436088,31-01-2024,organic,mobile,India
3993411,24-01-2024,ads,desktop,India
2077055,22-01-2024,ads,desktop,USA
4232150,03-01-2024,ads,mobile,USA
4302812,26-02-2024,referral,mobile,Canada
1348210,14-01-2024,email,desktop,USA
4042013,17-01-2024,social,desktop,India
4975473,28-04-2024,organic,mobile,Canada
3951461,03-01-2024,ads,mobile,India
4547608,01-01-2024,organic,mobile,USA
2610508,01-01-2024,referral,desktop,UK
4950949,16-01-2024,organic,mobile,India
4267659,16-01-2024,organic,mobile,India
4162262,06-05-2024,organic,mobile,India
3558088,02-01-2024,organic,mobile,India
2050349,18-01-2024,organic,mobile,India
2412537,28-03-2024,social,desktop,India
2913592,19-01-2024,email,tablet,India
1401032,12-05-2024,organic,mobile,India
1984263,15-01-2024,ads,mobile,India
2208422,06-05-2024,referral,tablet,USA
2996050,19-01-2024,email,desktop,Australia
2382051,17-01-2024,email,mobile,Australia
3476709,29-01-2024,organic,mobile,USA
4984643,10-03-2024,organic,mobile,USA
1338177,13-01-2024,organic,mobile,USA
2389971,11-03-2024,organic,desktop,India
1160353,10-01-2024,social,mobile,India
2092442,15-01-2024,organic,desktop,USA
2045736,27-01-2024,ads,desktop,UK
3165552,06-04-2024,organic,mobile,Germany
3367586,06-01-2024,organic,desktop,Germany
4041063,24-01-2024,organic,desktop,USA
2843734,25-03-2024,organic,mobile,USA
2726587,14-03-2024,organic,mobile,USA
1271045,29-01-2024,organic,desktop,USA
2238299,09-01-2024,organic,mobile,Canada
4164629,02-01-2024,organic,mobile,India
3873299,09-01-2024,social,mobile,Australia
4281277,03-02-2024,ads,desktop,India
3905269,08-01-2024,ads,tablet,Australia
1128477,05-05-2024,organic,mobile,India
2931450,08-01-2024,ads,mobile,India
4804848,10-01-2024,organic,mobile,USA
2140145,11-01-2024,referral,tablet,USA
2934898,17-04-2024,ads,mobile,India
4456727,22-02-2024,email,mobile,USA
1574063,17-01-2024,organic,mobile,USA
2845891,05-02-2024,ads,desktop,UK
2601523,20-02-2024,ads,mobile,USA
2548997,28-01-2024,ads,mobile,Australia
2119718,29-01-2024,organic,mobile,India
4788609,31-03-2024,ads,mobile,India
4498643,06-01-2024,social,tablet,India
1574807,06-02-2024,ads,mobile,India
2800310,13-02-2024,organic,mobile,India
2522448,12-01-2024,ads,desktop,UK
1745427,08-01-2024,email,desktop,Canada
1615551,03-01-2024,organic,desktop,USA
4208839,03-01-2024,ads,desktop,India
4936160,05-01-2024,ads,mobile,India
4212231,14-01-2024,organic,mobile,India
2239419,29-01-2024,organic,mobile,Germany
2802889,21-01-2024,organic,mobile,India
3966147,08-01-2024,organic,mobile,India
1955226,13-03-2024,ads,mobile,USA
3026689,03-03-2024,ads,desktop,USA
1667487,26-04-2024,referral,mobile,UK
2582128,23-01-2024,referral,mobile,USA
2727105,18-03-2024,social,desktop,USA
4113895,14-03-2024,ads,desktop,USA
4034188,11-01-2024,ads,desktop,India
3141178,11-03-2024,organic,mobile,India
4713298,11-01-2024,organic,mobile,India
1332854,24-01-2024,email,mobile,India
2188912,24-01-2024,social,mobile,UK
3227543,03-02-2024,organic,mobile,Canada
3457029,10-01-2024,organic,mobile,India
2686204,21-02-2024,organic,mobile,India
1188015,05-01-2024,ads,mobile,India
3146491,02-01-2024,ads,desktop,USA
1962645,19-04-2024,email,desktop,UK
1553272,05-02-2024,referral,mobile,Germany
3599812,20-01-2024,ads,mobile,India
4679919,10-01-2024,referral,mobile,India
2880337,20-01-2024,social,mobile,India
3465046,08-05-2024,organic,mobile,UK
1194317,11-03-2024,email,desktop,Canada
2287810,31-01-2024,organic,tablet,UK
3458259,15-01-2024,ads,tablet,India
3843759,01-01-2024,organic,mobile,India
3134794,13-02-2024,referral,tablet,USA
1813606,14-01-2024,referral,mobile,India
2017012,19-02-2024,ads,desktop,UK
1785355,02-02-2024,organic,desktop,Germany
3562168,02-02-2024,ads,mobile,India
4012081,27-02-2024,organic,desktop,Germany
1597920,28-01-2024,ads,desktop,India
2646505,06-07-2024,organic,mobile,UK
2294298,16-01-2024,ads,mobile,India
2083382,07-02-2024,organic,desktop,Australia
1596131,18-01-2024,ads,mobile,Germany
3140167,08-01-2024,ads,desktop,India
2406769,26-01-2024,organic,mobile,India
3352971,05-01-2024,referral,desktop,USA
2659494,28-01-2024,organic,desktop,India
1392693,26-01-2024,organic,mobile,Canada
1236425,26-01-2024,ads,mobile,India
4673005,10-02-2024,email,tablet,USA
1633608,18-02-2024,organic,mobile,USA
3426016,28-01-2024,ads,mobile,UK
3125624,15-01-2024,ads,mobile,Canada
2221555,05-01-2024,ads,mobile,USA
1858178,18-02-2024,social,mobile,Canada
2960163,03-01-2024,ads,tablet,India
2321764,19-02-2024,organic,mobile,India
2502053,25-02-2024,email,tablet,India
3193422,10-04-2024,organic,mobile,India
4864165,10-03-2024,organic,mobile,Australia
3904755,07-02-2024,ads,mobile,Germany
1321604,22-03-2024,organic,desktop,USA
1055294,04-02-2024,ads,mobile,India
3857346,09-02-2024,organic,mobile,India
3338763,11-03-2024,ads,mobile,Germany
4757175,03-03-2024,email,desktop,India
3269560,04-05-2024,organic,mobile,Germany
4576768,23-01-2024,ads,mobile,USA
1916649,29-01-2024,email,mobile,India
2850385,17-01-2024,organic,desktop,India
3248097,21-01-2024,referral,desktop,Germany
1328853,01-01-2024,organic,mobile,USA
3977110,04-01-2024,organic,mobile,Canada
1081011,26-01-2024,ads,mobile,Germany
3635413,10-02-2024,ads,mobile,India
2251794,03-04-2024,organic,tablet,India
4784732,14-03-2024,ads,mobile,USA
3750909,05-02-2024,referral,mobile,UK
3750494,19-01-2024,ads,desktop,Canada
1279860,27-01-2024,referral,desktop,Australia
4828643,05-01-2024,ads,mobile,India
4224354,11-01-2024,ads,desktop,UK
2531525,03-05-2024,email,mobile,USA
2759475,05-01-2024,organic,mobile,USA
3460142,25-01-2024,referral,mobile,USA
1635071,08-01-2024,email,desktop,USA
4400356,06-01-2024,organic,desktop,India
2453494,27-04-2024,organic,mobile,India
1673008,03-01-2024,organic,mobile,India
3331828,01-02-2024,ads,mobile,India
2201448,24-02-2024,ads,mobile,UK
1340621,14-01-2024,referral,desktop,India
2479960,26-02-2024,referral,mobile,Canada
3521913,08-02-2024,referral,mobile,India
3676162,10-02-2024,social,mobile,Australia
3163555,06-01-2024,organic,desktop,USA
4285852,19-03-2024,organic,desktop,Canada
4720622,19-03-2024,organic,mobile,USA
3780575,24-03-2024,organic,desktop,USA
4272610,25-02-2024,ads,mobile,Germany
2155811,17-02-2024,organic,mobile,India
1241190,15-03-2024,referral,desktop,USA
1395476,04-03-2024,organic,mobile,Germany
1018772,05-01-2024,social,desktop,UK
4824414,24-02-2024,ads,mobile,UK
4572416,12-01-2024,ads,desktop,India
2904802,15-01-2024,organic,desktop,Australia
3956312,13-06-2024,email,mobile,Canada
1500264,05-01-2024,organic,mobile,USA
1210160,04-04-2024,referral,mobile,India
1284653,02-01-2024,organic,mobile,India
3504503,25-01-2024,ads,mobile,UK
4942064,01-02-2024,ads,mobile,India
1338066,06-01-2024,ads,mobile,India
4154097,20-02-2024,organic,mobile,Australia
1475620,03-05-2024,organic,tablet,UK
1833328,06-01-2024,organic,tablet,USA
3413959,17-02-2024,organic,desktop,Canada
3631553,29-01-2024,ads,mobile,India
4904289,09-01-2024,organic,desktop,India
4372257,02-04-2024,referral,mobile,UK
3423012,28-01-2024,referral,desktop,Germany
4155149,29-01-2024,referral,desktop,Germany
2825964,27-01-2024,organic,desktop,India
3873635,03-02-2024,ads,tablet,Canada
4577306,08-01-2024,ads,tablet,India
2061368,12-02-2024,organic,mobile,India
3554156,27-01-2024,organic,mobile,UK
3357117,22-01-2024,organic,mobile,USA
3555546,20-01-2024,ads,desktop,Canada
2538409,06-02-2024,referral,desktop,India
1392222,02-01-2024,organic,mobile,Australia
2844333,08-02-2024,social,desktop,India
1983829,31-01-2024,organic,mobile,India
1055246,31-05-2024,organic,mobile,India
2472620,25-02-2024,ads,tablet,USA
4999758,15-01-2024,organic,desktop,India
4796119,04-01-2024,email,mobile,India
3747577,25-01-2024,ads,mobile,Canada
2521402,01-01-2024,organic,desktop,USA
3604583,26-01-2024,ads,mobile,USA
1042543,16-05-2024,social,mobile,Germany
3360475,18-02-2024,email,mobile,India
4280779,10-02-2024,organic,mobile,Canada
1386713,28-02-2024,referral,mobile,UK
2381314,29-01-2024,organic,mobile,India
2027719,23-01-2024,organic,tablet,USA
3905504,01-06-2024,social,mobile,India
1675945,16-01-2024,ads,mobile,India
3019503,14-01-2024,referral,desktop,USA
4361718,28-03-2024,ads,mobile,India
2598458,07-02-2024,ads,mobile,UK
2015574,03-04-2024,ads,mobile,USA
2743118,31-01-2024,ads,desktop,India
4998204,10-01-2024,organic,desktop,India
2477896,12-03-2024,organic,desktop,UK
1656476,27-01-2024,organic,mobile,India
1739848,22-03-2024,organic,mobile,Canada
4171784,04-01-2024,organic,desktop,India
1014947,18-03-2024,ads,desktop,USA
1804114,02-03-2024,referral,mobile,USA
4026844,05-01-2024,referral,mobile,Canada
4049994,04-01-2024,organic,desktop,India
3512104,04-03-2024,organic,desktop,India
4741406,29-05-2024,organic,tablet,Canada
3907241,23-02-2024,ads,mobile,Australia
2964060,29-01-2024,ads,mobile,India
1791989,26-02-2024,organic,desktop,India
2621185,01-04-2024,referral,mobile,India
2503695,06-01-2024,social,tablet,India
3357648,08-03-2024,ads,mobile,India
2417507,01-01-2024,organic,mobile,India
1097245,17-02-2024,organic,mobile,India
1292850,02-01-2024,referral,desktop,Germany
2306031,16-02-2024,organic,mobile,India
4976296,08-01-2024,organic,desktop,Canada
2867028,02-03-2024,ads,desktop,India
2095319,24-01-2024,organic,desktop,UK
3460846,22-01-2024,ads,tablet,India
1923354,16-01-2024,organic,mobile,UK
3498607,13-01-2024,email,mobile,USA
2430246,18-06-2024,organic,mobile,India
3143329,17-01-2024,organic,desktop,USA
1343818,06-01-2024,referral,mobile,India
3923826,14-02-2024,organic,mobile,USA
1567370,27-01-2024,organic,desktop,India
3396162,08-01-2024,organic,desktop,USA
2657346,08-01-2024,organic,mobile,India
3414110,06-06-2024,organic,desktop,USA
2645139,07-01-2024,organic,desktop,India
4392221,07-02-2024,organic,desktop,India
4367098,01-01-2024,organic,mobile,USA
4611709,04-01-2024,social,mobile,India
1319231,16-02-2024,social,mobile,India
1465608,01-01-2024,social,mobile,India
2545987,05-02-2024,organic,desktop,USA
4963344,08-02-2024,organic,mobile,India
4537445,15-02-2024,ads,mobile,India
4257664,19-01-2024,email,mobile,Australia
4435857,07-01-2024,organic,desktop,India
3863316,26-01-2024,ads,desktop,USA
1187059,26-01-2024,ads,desktop,India
3042744,11-01-2024,social,mobile,India
2430891,25-03-2024,referral,mobile,India
3877566,12-01-2024,organic,mobile,India
1064426,12-01-2024,referral,mobile,India
3930847,31-01-2024,email,desktop,UK
3378275,15-01-2024,ads,desktop,India
1994831,23-01-2024,ads,mobile,India
3100965,27-01-2024,organic,mobile,UK
4206923,07-01-2024,organic,mobile,UK
2253293,13-03-2024,organic,desktop,USA
4438114,17-01-2024,email,mobile,India
3077514,12-01-2024,organic,mobile,USA
3124535,06-01-2024,ads,mobile,Canada
1997535,17-02-2024,organic,mobile,India
1871037,21-01-2024,organic,mobile,Canada
2401987,26-03-2024,ads,mobile,UK
1618107,21-01-2024,ads,mobile,India
1006882,25-02-2024,email,mobile,Canada
1798700,06-03-2024,ads,mobile,India
3901215,18-04-2024,ads,desktop,USA
2591222,13-02-2024,ads,desktop,USA
1578179,22-01-2024,ads,mobile,India
1638170,23-04-2024,organic,mobile,USA
2268530,04-01-2024,organic,desktop,India
1811914,20-02-2024,ads,desktop,Canada
2688448,16-02-2024,organic,mobile,Australia
4331956,08-01-2024,organic,desktop,Germany
2620268,06-02-2024,organic,desktop,India
4679292,07-01-2024,email,mobile,India
3729720,10-02-2024,organic,mobile,Germany
4066781,07-01-2024,referral,desktop,India
3978314,06-01-2024,organic,mobile,India
4115630,16-02-2024,referral,desktop,Australia
2677208,29-01-2024,organic,mobile,Canada
3958884,16-02-2024,referral,desktop,India
2714294,03-01-2024,social,desktop,India
1057557,28-01-2024,referral,mobile,USA
4424015,05-01-2024,organic,tablet,India
1179441,27-01-2024,organic,mobile,USA
1806303,06-03-2024,organic,mobile,Canada
2617123,02-01-2024,organic,desktop,India
4935178,12-01-2024,organic,desktop,UK
3912232,04-07-2024,organic,tablet,Canada
3821543,08-01-2024,organic,mobile,Germany
4130230,17-05-2024,referral,mobile,USA
2963822,03-01-2024,organic,mobile,India
1072507,12-01-2024,email,tablet,Canada
3030999,03-01-2024,organic,mobile,USA
4014272,14-01-2024,ads,mobile,India
3664544,12-01-2024,organic,mobile,USA
3940770,07-03-2024,ads,mobile,India
4303570,07-01-2024,ads,tablet,Canada
2538742,22-01-2024,organic,mobile,India
2510104,22-04-2024,referral,mobile,India
4904422,20-01-2024,ads,mobile,UK
3983127,10-01-2024,organic,mobile,Germany
4039343,16-03-2024,organic,desktop,Canada
2286806,18-07-2024,email,desktop,India
3556083,14-01-2024,email,mobile,UK
3332059,29-02-2024,ads,mobile,Australia
3107415,26-03-2024,email,desktop,UK
4715241,31-01-2024,email,mobile,UK
2197960,31-01-2024,social,desktop,Germany
2575655,27-01-2024,organic,tablet,India
2147173,03-01-2024,organic,mobile,Australia
4773320,25-01-2024,referral,desktop,USA
4512577,05-02-2024,organic,desktop,Australia
4858199,18-01-2024,ads,mobile,UK
3904560,17-01-2024,organic,mobile,India
3808816,21-03-2024,organic,mobile,UK
4931501,11-01-2024,referral,desktop,India
4536777,02-04-2024,referral,mobile,India
4715280,19-01-2024,organic,tablet,Germany
3686258,24-01-2024,referral,mobile,India
3314596,15-04-2024,email,desktop,Australia
2812009,20-01-2024,organic,mobile,Germany
3863546,23-01-2024,organic,desktop,USA
2490044,14-02-2024,ads,mobile,India
1386932,10-01-2024,ads,mobile,India
3879104,07-02-2024,social,mobile,India
3856052,21-02-2024,organic,mobile,India
2378352,23-03-2024,organic,desktop,India
3806024,24-01-2024,organic,mobile,India
3393740,06-01-2024,organic,mobile,Germany
2308374,10-02-2024,organic,desktop,India
4669183,19-01-2024,organic,tablet,India
3089006,13-02-2024,organic,mobile,Germany
1169153,20-09-2024,referral,mobile,USA
4845577,28-01-2024,organic,mobile,USA
3399190,23-01-2024,organic,mobile,India
4488070,21-03-2024,organic,mobile,Germany
4876816,31-01-2024,organic,mobile,India
3331049,30-01-2024,organic,mobile,UK
2883611,28-01-2024,ads,mobile,India
1707677,21-04-2024,organic,desktop,USA
1984548,16-01-2024,ads,desktop,India
4075578,04-01-2024,ads,mobile,India
3954694,02-02-2024,ads,mobile,UK
4319626,26-02-2024,referral,mobile,India
4764294,24-02-2024,organic,mobile,India
2153579,28-02-2024,organic,tablet,USA
3720913,01-02-2024,organic,tablet,USA
1817216,28-07-2024,referral,desktop,USA
4389691,02-01-2024,organic,desktop,India
4168262,17-04-2024,email,mobile,USA
4458607,15-03-2024,ads,mobile,USA
3448391,26-05-2024,organic,mobile,India
1358856,13-04-2024,organic,desktop,USA
1614394,26-01-2024,social,mobile,USA
3391070,26-02-2024,organic,desktop,Australia
2169354,02-01-2024,organic,mobile,USA
3565442,30-01-2024,ads,mobile,Canada
2280387,31-01-2024,organic,desktop,India
1538910,07-01-2024,organic,mobile,India
4437082,22-01-2024,ads,mobile,USA
4146863,10-01-2024,social,mobile,Canada
2189341,26-01-2024,organic,desktop,India
1187215,17-02-2024,organic,mobile,India
4689771,04-01-2024,organic,tablet,India
1782631,31-01-2024,email,tablet,USA
1840384,06-01-2024,organic,mobile,Canada
1793214,04-01-2024,organic,mobile,USA
4693931,10-02-2024,organic,mobile,Canada
3785036,09-02-2024,organic,mobile,India
3242041,03-01-2024,organic,mobile,USA
1736113,26-02-2024,organic,mobile,USA
2512961,17-02-2024,referral,mobile,Australia
1460630,10-01-2024,social,desktop,India
1309217,01-01-2024,email,mobile,India
1887926,18-01-2024,organic,mobile,USA
3033865,17-01-2024,organic,desktop,India
4135381,23-01-2024,ads,mobile,India
2874449,27-04-2024,organic,mobile,Germany
2783088,02-04-2024,organic,mobile,Australia
4752446,29-02-2024,organic,desktop,India
3261286,18-01-2024,ads,tablet,India
4902722,13-01-2024,organic,tablet,UK
3588199,18-02-2024,referral,mobile,USA
1580273,07-01-2024,organic,mobile,Canada
2656379,18-02-2024,email,desktop,Canada
4832543,29-01-2024,ads,tablet,India
1107691,23-04-2024,organic,mobile,USA
1422785,11-02-2024,organic,mobile,UK
1441097,06-03-2024,email,desktop,India
2057103,30-01-2024,email,mobile,India
1816733,28-01-2024,organic,desktop,USA
1958009,26-01-2024,organic,mobile,USA
4885984,09-01-2024,organic,desktop,UK
1864749,12-01-2024,ads,mobile,India
2993455,03-04-2024,organic,desktop,USA
3255110,13-07-2024,organic,mobile,India
4812182,01-01-2024,organic,mobile,India
1774806,25-02-2024,referral,tablet,UK
4001566,09-01-2024,organic,mobile,India
3126824,03-03-2024,organic,mobile,India
4177304,15-03-2024,organic,mobile,India
2749780,03-01-2024,ads,desktop,India
3087639,24-02-2024,ads,mobile,UK
2516079,12-04-2024,organic,desktop,Germany
4196252,10-01-2024,organic,mobile,Germany
3154640,22-01-2024,organic,mobile,UK
3114801,13-01-2024,ads,desktop,Germany
2518186,10-01-2024,email,desktop,Canada
1313482,29-01-2024,social,desktop,India
2109480,30-01-2024,organic,desktop,India
3133835,13-04-2024,organic,desktop,India
4707623,04-01-2024,organic,mobile,India
1080822,09-02-2024,ads,mobile,India
2360727,10-06-2024,ads,mobile,India
1360564,13-01-2024,organic,tablet,Australia
1904742,10-03-2024,ads,mobile,India
1429293,04-02-2024,organic,mobile,India
1090218,12-02-2024,ads,mobile,Germany
2063162,07-01-2024,ads,mobile,India
4775721,13-01-2024,social,desktop,Australia
3643867,24-01-2024,referral,mobile,India
2748226,09-04-2024,organic,tablet,India
1032924,19-05-2024,organic,mobile,India
1140889,21-02-2024,ads,mobile,Germany
3434378,01-01-2024,ads,mobile,USA
1424295,05-04-2024,ads,desktop,India
1762591,17-01-2024,organic,mobile,USA
1029367,16-04-2024,organic,desktop,India
4769052,23-01-2024,organic,mobile,USA
3933989,20-02-2024,organic,mobile,India
2033718,21-03-2024,ads,desktop,USA
2202439,21-03-2024,ads,mobile,USA
4144072,11-01-2024,organic,mobile,India
3625841,17-05-2024,organic,mobile,India
4049613,03-02-2024,social,mobile,Germany
2042814,12-01-2024,organic,desktop,UK
2885854,17-02-2024,organic,mobile,UK
2604303,21-01-2024,email,desktop,India
4942724,25-03-2024,ads,tablet,USA
2261446,15-04-2024,ads,desktop,India
4913056,15-04-2024,ads,desktop,Germany
1420841,15-01-2024,social,desktop,India
3234811,11-02-2024,ads,desktop,India
2194855,28-02-2024,ads,desktop,India
3149792,28-02-2024,social,tablet,Germany
2480487,18-05-2024,ads,mobile,USA
3657498,25-02-2024,email,tablet,Canada
2209014,24-01-2024,organic,mobile,India
2587097,13-01-2024,organic,mobile,Germany
1634113,03-05-2024,email,desktop,India
3025170,06-02-2024,organic,desktop,USA
4899334,12-01-2024,organic,desktop,UK
2406020,29-04-2024,organic,tablet,India
4863047,30-04-2024,ads,mobile,India
3397030,15-01-2024,social,desktop,India
4314052,05-01-2024,ads,mobile,Germany
3447367,05-02-2024,ads,tablet,UK
2789292,27-01-2024,social,mobile,India
2220039,22-01-2024,organic,tablet,Australia
2014724,15-03-2024,organic,desktop,Canada
1113295,05-04-2024,ads,tablet,UK
4889718,21-01-2024,organic,mobile,USA
4790282,18-02-2024,organic,mobile,India
2354841,09-01-2024,organic,desktop,UK
2411726,19-01-2024,organic,desktop,India
1906859,20-02-2024,organic,desktop,India
4099717,16-02-2024,organic,mobile,India
2360389,05-01-2024,organic,tablet,UK
4713473,08-03-2024,organic,mobile,India
3694753,13-01-2024,organic,desktop,UK
4885343,04-02-2024,organic,mobile,Canada
1428793,03-03-2024,organic,mobile,USA
1493517,05-02-2024,ads,mobile,India
3448868,01-05-2024,ads,desktop,India
4876677,16-03-2024,ads,mobile,USA
2653837,12-01-2024,ads,desktop,India
2608406,18-01-2024,organic,tablet,India
2958850,25-01-2024,organic,mobile,USA
1233949,04-01-2024,ads,mobile,India
4073017,21-01-2024,organic,mobile,India
4042271,10-02-2024,ads,mobile,India
3717076,10-01-2024,organic,mobile,Germany
3896487,19-01-2024,ads,mobile,Canada
4183703,03-01-2024,ads,mobile,India
1936464,31-01-2024,social,desktop,India
2734755,16-03-2024,ads,tablet,India
4645792,03-02-2024,email,mobile,USA
1102036,20-01-2024,organic,mobile,India
3111678,09-01-2024,ads,desktop,USA
1365908,24-02-2024,ads,mobile,India
4251075,18-02-2024,email,mobile,USA
2708636,06-01-2024,organic,mobile,India
1490799,11-02-2024,ads,tablet,India
2906766,01-04-2024,ads,mobile,India
2346906,12-02-2024,email,mobile,UK
1335076,24-05-2024,organic,desktop,India
3581569,05-01-2024,organic,desktop,UK
3478564,01-01-2024,referral,desktop,India
3562604,06-01-2024,organic,desktop,India
1026692,24-04-2024,email,desktop,Germany
2173495,11-04-2024,ads,mobile,India
3187886,14-03-2024,ads,desktop,India
1113753,15-01-2024,ads,mobile,USA
4309690,10-02-2024,organic,mobile,UK
3005934,29-02-2024,organic,mobile,India
1791603,06-01-2024,ads,mobile,USA
4190767,17-01-2024,social,mobile,India
4639969,10-02-2024,ads,mobile,Canada
4209824,25-01-2024,referral,desktop,India
1361791,06-06-2024,email,mobile,India
4785221,22-02-2024,email,desktop,India
2379665,02-01-2024,organic,mobile,USA
2374978,13-02-2024,organic,mobile,UK
4952840,24-02-2024,email,desktop,India
3430418,03-01-2024,referral,mobile,UK
1860295,24-01-2024,referral,mobile,India
1713944,22-01-2024,ads,mobile,USA
3809105,30-01-2024,organic,mobile,India
2197924,29-03-2024,organic,desktop,Germany
1199991,04-02-2024,ads,mobile,USA
2024447,13-02-2024,organic,desktop,India
1938081,29-03-2024,ads,desktop,UK
4445563,23-04-2024,ads,desktop,USA
1849611,09-04-2024,ads,tablet,India
1440423,15-01-2024,ads,tablet,USA
4071852,02-01-2024,ads,mobile,India
1148306,04-03-2024,organic,desktop,Germany
1610501,31-03-2024,ads,desktop,India
2515158,14-03-2024,organic,mobile,India
4188914,08-05-2024,email,mobile,India
2733580,08-05-2024,organic,mobile,Canada
3503696,28-01-2024,organic,mobile,India
2113756,07-03-2024,ads,mobile,USA
4941430,14-04-2024,referral,mobile,Canada
4609466,20-01-2024,organic,mobile,India
3236252,17-01-2024,ads,mobile,India
1056688,03-02-2024,email,mobile,USA
3299104,20-01-2024,ads,desktop,UK
1967932,07-02-2024,social,mobile,UK
3565723,30-01-2024,ads,mobile,India
3583665,25-01-2024,organic,mobile,India
3893809,04-01-2024,organic,desktop,India
2625427,11-02-2024,referral,desktop,India
4590035,08-01-2024,organic,desktop,Canada
2975657,31-01-2024,organic,tablet,USA
1775742,02-03-2024,organic,mobile,Canada
1163325,26-05-2024,ads,mobile,Canada
4673816,17-01-2024,organic,mobile,India
3730237,08-02-2024,email,tablet,UK
2691613,10-04-2024,organic,tablet,Canada
2376491,25-03-2024,email,mobile,India
1190728,13-01-2024,ads,desktop,UK
3517038,02-01-2024,ads,mobile,India
2015306,20-01-2024,organic,mobile,India
3003799,18-03-2024,organic,tablet,India
3762895,07-01-2024,organic,mobile,India
1760225,08-03-2024,ads,mobile,India
3368551,15-02-2024,social,desktop,USA
1960690,04-01-2024,social,desktop,India
4014969,02-02-2024,organic,desktop,India
4390684,24-02-2024,organic,desktop,USA
4238730,10-03-2024,email,desktop,India
1570634,05-01-2024,ads,mobile,USA
2919650,11-03-2024,referral,tablet,UK
1489148,21-02-2024,organic,desktop,India
4308070,26-01-2024,ads,mobile,UK
3541776,23-01-2024,social,mobile,UK
3777864,27-01-2024,organic,mobile,India
2549229,01-03-2024,social,mobile,India
1981879,25-01-2024,ads,mobile,India
2339909,01-01-2024,ads,mobile,USA
2219494,25-01-2024,organic,desktop,Germany
1691216,20-02-2024,email,mobile,India
4745842,22-04-2024,ads,desktop,India
4321953,14-05-2024,ads,desktop,India
1081401,09-02-2024,organic,mobile,UK
3117694,13-04-2024,social,desktop,India
2352800,10-01-2024,referral,mobile,India
3574393,27-06-2024,social,mobile,India
4565622,18-01-2024,ads,mobile,India
4814636,11-01-2024,organic,desktop,UK
3700157,28-02-2024,organic,mobile,India
4418440,26-01-2024,ads,mobile,India
3012986,04-01-2024,organic,mobile,India
1236700,17-01-2024,email,mobile,India
3794978,03-01-2024,ads,mobile,USA
2101902,31-01-2024,organic,tablet,USA
1527517,29-01-2024,ads,desktop,Australia
2702970,12-03-2024,email,mobile,UK
2044150,19-01-2024,email,mobile,India
1824413,26-02-2024,organic,mobile,Canada
3395279,15-01-2024,organic,mobile,Canada
4471470,15-01-2024,organic,mobile,USA
1481235,20-02-2024,organic,tablet,India
2609665,10-05-2024,ads,desktop,USA
3990382,21-03-2024,ads,mobile,India
4174802,01-02-2024,ads,desktop,UK
1381423,06-03-2024,organic,desktop,USA
2950007,25-01-2024,organic,mobile,India
4155711,26-01-2024,referral,mobile,India
4138387,22-02-2024,organic,mobile,India
3756129,03-01-2024,organic,mobile,Australia
2885768,17-02-2024,organic,mobile,India
2074286,08-01-2024,organic,mobile,USA
2842807,16-03-2024,organic,desktop,USA
1853862,20-04-2024,organic,mobile,India
1214049,10-01-2024,organic,mobile,UK
3987861,12-05-2024,organic,mobile,India
4375384,06-03-2024,ads,mobile,USA
1156823,08-01-2024,organic,mobile,India
4471400,06-01-2024,email,desktop,India
2597863,03-02-2024,organic,desktop,USA
1008420,23-02-2024,organic,mobile,India
3494761,05-01-2024,organic,mobile,India
4940490,01-02-2024,referral,mobile,India
3007628,02-01-2024,referral,mobile,India
1017164,09-02-2024,organic,mobile,India
1982044,13-02-2024,organic,desktop,UK
4534178,17-01-2024,organic,tablet,Australia
3979233,01-01-2024,ads,desktop,USA
3657250,13-02-2024,ads,desktop,India
2459445,18-02-2024,referral,mobile,Australia
2391352,27-04-2024,ads,mobile,UK
3435716,01-02-2024,organic,mobile,India
3971500,17-01-2024,organic,desktop,Canada
2476126,09-02-2024,organic,mobile,India
2815569,26-03-2024,email,mobile,Australia
3716471,18-03-2024,referral,desktop,Australia
4219456,23-02-2024,ads,mobile,India
3007069,15-03-2024,email,desktop,India
3379285,17-01-2024,organic,mobile,USA
4302217,14-01-2024,organic,desktop,India
3233348,12-01-2024,organic,mobile,Germany
2556097,03-01-2024,organic,mobile,Canada
2129098,04-02-2024,ads,desktop,India
2174919,14-04-2024,organic,desktop,Germany
1502732,22-04-2024,ads,tablet,India
3509700,25-04-2024,email,mobile,USA
1864812,08-01-2024,referral,mobile,India
1754514,14-05-2024,ads,mobile,Germany
3048917,30-01-2024,organic,desktop,Canada
2550463,12-01-2024,organic,desktop,USA
1547033,13-01-2024,email,desktop,Canada
2780148,11-04-2024,organic,mobile,India
1102816,13-04-2024,organic,mobile,Canada
2416808,08-01-2024,ads,mobile,India
2589653,07-02-2024,ads,mobile,USA
3368037,10-05-2024,ads,mobile,USA
2950651,01-02-2024,email,mobile,India
2272263,04-01-2024,ads,desktop,USA
2594751,20-02-2024,organic,mobile,UK
2154177,19-02-2024,organic,mobile,UK
3006193,07-04-2024,organic,mobile,USA
4462228,03-02-2024,organic,mobile,USA
2456729,30-01-2024,ads,mobile,UK
3634095,11-01-2024,organic,desktop,Canada
4226442,31-03-2024,organic,mobile,India
1430203,23-05-2024,ads,mobile,India
3115283,13-04-2024,organic,desktop,India
4575272,12-03-2024,referral,tablet,USA
2983593,25-05-2024,organic,mobile,India
1548842,13-03-2024,organic,mobile,USA
2087763,12-03-2024,ads,mobile,Canada
3472391,22-01-2024,ads,mobile,USA
3223510,08-01-2024,organic,desktop,USA
1010327,03-03-2024,organic,desktop,India
1496692,06-04-2024,ads,mobile,India
3254006,27-01-2024,ads,mobile,India
2903563,31-01-2024,referral,tablet,India
3350040,05-01-2024,email,desktop,India
3183772,29-02-2024,organic,mobile,India
2684697,11-01-2024,organic,desktop,India
1308467,06-02-2024,organic,mobile,Canada
1116417,18-01-2024,organic,desktop,USA
4206078,03-02-2024,email,mobile,India
2909519,06-01-2024,organic,desktop,India
3458957,07-01-2024,organic,mobile,USA
3681693,08-01-2024,email,tablet,India
1985117,05-01-2024,organic,desktop,India
1216235,16-01-2024,organic,mobile,India
3890739,07-04-2024,social,mobile,India
3027498,02-03-2024,organic,desktop,India
2812788,01-01-2024,organic,mobile,India
3492147,02-02-2024,ads,mobile,Canada
4885212,04-02-2024,organic,desktop,India
2581805,14-02-2024,organic,mobile,UK
4607905,13-03-2024,organic,mobile,India
1401696,10-01-2024,organic,mobile,USA
2621013,02-01-2024,email,mobile,India
2844928,22-05-2024,ads,mobile,India
2754306,26-03-2024,organic,mobile,Australia
1039140,09-01-2024,ads,desktop,UK
2963012,05-04-2024,organic,desktop,India
1376176,12-01-2024,ads,mobile,USA
4386312,07-01-2024,ads,tablet,USA
2168375,16-02-2024,ads,desktop,Canada
2688508,02-01-2024,organic,mobile,India
1854324,12-01-2024,organic,desktop,Australia
1149721,22-03-2024,ads,tablet,India
2684434,07-03-2024,email,mobile,Canada
1178316,02-01-2024,email,desktop,India
4808713,15-01-2024,referral,mobile,Australia
4758992,27-02-2024,ads,mobile,India
3136761,31-01-2024,organic,desktop,India
1821738,01-01-2024,email,desktop,India
3913768,19-01-2024,organic,mobile,Australia
2805719,12-01-2024,organic,mobile,Germany
2672916,01-03-2024,organic,mobile,USA
1104712,13-04-2024,ads,desktop,Germany
1665056,25-03-2024,ads,desktop,India
3923007,16-02-2024,ads,desktop,Germany
3734683,10-01-2024,ads,desktop,Germany
1673088,18-01-2024,ads,desktop,India
1019349,24-03-2024,organic,desktop,India
3115347,31-01-2024,ads,mobile,India
3009809,16-02-2024,organic,desktop,USA
3928461,20-01-2024,organic,mobile,USA
4322293,24-02-2024,organic,mobile,India
3057127,29-02-2024,social,desktop,India
3927727,09-02-2024,organic,mobile,India
2446887,05-01-2024,email,mobile,Canada
1358353,15-02-2024,organic,mobile,India
2850832,28-02-2024,organic,tablet,India
2992551,01-01-2024,ads,desktop,India
2524580,14-02-2024,ads,desktop,India
4910736,17-01-2024,ads,mobile,Canada
4689403,16-01-2024,organic,mobile,Canada
4284564,20-03-2024,organic,desktop,India
3411441,24-02-2024,ads,mobile,India
3708392,13-01-2024,organic,mobile,India
1479461,10-02-2024,organic,mobile,USA
3326330,15-02-2024,organic,mobile,India
1811431,07-03-2024,ads,mobile,Germany
4345888,19-01-2024,ads,mobile,UK
3534680,05-03-2024,email,mobile,India
4619110,24-01-2024,ads,mobile,India
2644960,31-01-2024,organic,mobile,USA
2542080,07-05-2024,ads,mobile,India
3153317,18-01-2024,organic,mobile,India
1945582,12-01-2024,organic,tablet,UK
1306311,14-01-2024,organic,tablet,Canada
3604905,08-02-2024,ads,mobile,USA
2080591,18-01-2024,referral,desktop,India
3046409,15-02-2024,email,mobile,India
3592712,18-02-2024,organic,mobile,Canada
4765398,13-08-2024,ads,mobile,India
2821619,10-04-2024,organic,mobile,India
1097229,23-06-2024,organic,mobile,Canada
1013043,13-01-2024,ads,mobile,India
4189318,11-01-2024,organic,mobile,UK
1305532,14-01-2024,organic,mobile,India
4650353,18-01-2024,organic,mobile,India
4418740,06-03-2024,organic,desktop,Australia
1760828,25-02-2024,referral,mobile,USA
4137144,18-01-2024,social,desktop,Canada
1290131,04-01-2024,ads,mobile,India
3431398,04-01-2024,social,mobile,India
4273032,04-02-2024,organic,desktop,India
1650855,19-01-2024,referral,desktop,India
4326397,27-01-2024,social,mobile,India
3782129,01-01-2024,ads,tablet,USA
1766936,13-03-2024,email,mobile,India
2767602,25-01-2024,referral,mobile,Canada
3459400,01-01-2024,ads,mobile,USA
1189669,05-03-2024,organic,mobile,UK
4351482,11-01-2024,ads,mobile,India
2991525,14-01-2024,organic,desktop,India
2424158,29-01-2024,ads,mobile,USA
2465953,20-03-2024,ads,mobile,India
3646321,03-03-2024,referral,desktop,India
4647411,15-02-2024,ads,mobile,UK
2619810,03-03-2024,ads,tablet,USA
1628334,09-01-2024,email,mobile,India
2298571,03-01-2024,organic,mobile,USA
2275352,24-01-2024,email,tablet,Canada
1292186,13-02-2024,referral,desktop,USA
4225740,09-01-2024,organic,mobile,UK
4371287,16-01-2024,organic,mobile,Germany
2213662,24-01-2024,email,mobile,India
2150799,18-02-2024,organic,mobile,Australia
1753867,09-03-2024,ads,mobile,UK
3966465,11-01-2024,organic,mobile,Canada
1320931,09-01-2024,ads,mobile,India
3101357,28-01-2024,organic,mobile,India
3317931,15-03-2024,organic,mobile,Canada
4606338,07-02-2024,organic,tablet,Canada
2952452,11-02-2024,ads,desktop,UK
3748996,02-01-2024,ads,desktop,UK
1454116,20-01-2024,organic,mobile,USA
2229669,11-01-2024,referral,desktop,India
3251927,21-02-2024,ads,mobile,India
2621830,06-01-2024,organic,tablet,India
4926202,09-01-2024,organic,tablet,UK
2801105,13-09-2024,ads,mobile,UK
3466737,18-03-2024,ads,mobile,USA
1855483,02-05-2024,organic,desktop,USA
3693471,13-01-2024,organic,mobile,USA
1655323,30-04-2024,organic,tablet,India
3870836,07-02-2024,ads,desktop,USA
2653724,25-01-2024,email,mobile,UK
1051778,17-01-2024,ads,mobile,India
3673069,11-01-2024,organic,desktop,Canada
2468724,04-01-2024,organic,mobile,USA
4927359,06-02-2024,email,mobile,Canada
2632952,10-01-2024,referral,mobile,India
3535207,28-01-2024,organic,mobile,Germany
2556862,15-01-2024,ads,mobile,India
3611236,24-01-2024,organic,mobile,India
3899767,19-02-2024,organic,mobile,India
3049391,13-01-2024,email,mobile,India
1392420,03-02-2024,ads,desktop,USA
1866297,13-02-2024,organic,desktop,Germany
1031897,09-01-2024,organic,desktop,India
1228095,08-01-2024,organic,desktop,Canada
3722231,01-01-2024,referral,mobile,UK
4369617,11-02-2024,organic,mobile,India
2766079,30-01-2024,organic,desktop,India
2716148,17-02-2024,organic,desktop,India
4881803,06-03-2024,email,mobile,India
3772462,20-03-2024,organic,mobile,USA
4359426,04-02-2024,organic,desktop,India
1788868,06-02-2024,organic,desktop,India
1426786,05-01-2024,organic,mobile,USA
4137421,10-02-2024,organic,desktop,India
4654808,15-01-2024,ads,mobile,Germany
4276303,16-03-2024,organic,mobile,USA
2431183,13-02-2024,referral,mobile,India
1003325,06-01-2024,organic,desktop,India
3286256,28-04-2024,email,mobile,Germany
4812036,03-02-2024,organic,mobile,USA
2116966,30-03-2024,email,desktop,India
4766724,10-02-2024,organic,mobile,UK
3382384,25-02-2024,email,mobile,USA
4799330,31-03-2024,ads,mobile,USA
4623002,19-01-2024,email,desktop,India
2190338,02-01-2024,referral,mobile,India
2430430,07-02-2024,ads,desktop,India
4716705,17-01-2024,organic,mobile,India
3258030,08-02-2024,ads,desktop,India
4430755,19-01-2024,social,desktop,USA
2139525,13-04-2024,organic,mobile,Australia
4127490,07-01-2024,ads,mobile,India
4426390,02-01-2024,organic,desktop,India
3499640,03-04-2024,organic,desktop,USA
2078575,31-01-2024,organic,mobile,India
4251536,10-05-2024,ads,mobile,India
2929799,13-01-2024,ads,mobile,India
3187570,13-01-2024,organic,mobile,India
4560838,26-03-2024,social,desktop,India
1781788,07-01-2024,referral,mobile,Canada
2899315,07-01-2024,organic,mobile,Canada
4961303,01-03-2024,organic,tablet,Germany
4607046,17-02-2024,organic,desktop,USA
2097432,10-01-2024,organic,mobile,India
2036493,10-02-2024,email,mobile,India
4752483,12-01-2024,ads,mobile,India
4595549,06-02-2024,referral,mobile,India
4129916,10-02-2024,ads,mobile,Germany
4630512,16-05-2024,ads,tablet,India
4078095,06-04-2024,referral,desktop,Canada
1395128,29-05-2024,organic,mobile,Germany
2190507,01-03-2024,organic,tablet,UK
2796916,24-06-2024,referral,tablet,India
3422422,24-04-2024,ads,desktop,India
1764405,14-01-2024,social,desktop,USA
2577059,02-03-2024,email,desktop,USA
2853659,22-01-2024,organic,tablet,UK
3103628,08-02-2024,organic,mobile,India
1997658,18-01-2024,organic,mobile,India
3006619,21-02-2024,organic,desktop,Canada
4123084,03-01-2024,referral,mobile,India
2919134,29-03-2024,ads,mobile,USA
4342505,09-02-2024,ads,mobile,India
3985091,09-01-2024,organic,mobile,USA
2475985,25-01-2024,referral,mobile,India
1139670,07-03-2024,ads,tablet,Australia
4875018,10-04-2024,email,desktop,USA
2161070,16-03-2024,email,tablet,USA
3690119,29-01-2024,ads,desktop,India
2136826,09-02-2024,ads,desktop,India
2014934,23-03-2024,referral,desktop,India
3245774,22-03-2024,organic,desktop,Australia
1320259,15-01-2024,email,mobile,Germany
4055830,04-03-2024,referral,mobile,India
1804062,05-02-2024,ads,mobile,India
3995812,06-01-2024,email,desktop,India
1629173,15-01-2024,referral,mobile,Canada
2006694,10-01-2024,ads,mobile,USA
1051519,15-03-2024,ads,mobile,India
3061433,25-01-2024,organic,mobile,Germany
4910002,29-01-2024,social,mobile,India
4411680,12-01-2024,ads,mobile,India
4636503,31-03-2024,ads,desktop,India
3854589,10-01-2024,email,mobile,India
2290790,25-02-2024,organic,mobile,Australia
4542133,11-01-2024,email,mobile,India
1314326,27-01-2024,organic,mobile,India
2265171,31-03-2024,email,mobile,UK
1065751,18-02-2024,ads,mobile,USA
1707713,13-01-2024,organic,mobile,Canada
4612488,25-02-2024,organic,mobile,USA
3667528,07-02-2024,ads,desktop,India
3358061,19-01-2024,email,mobile,USA
1244854,21-03-2024,organic,mobile,India
1705444,20-01-2024,organic,desktop,India
2739438,02-01-2024,ads,mobile,Germany
2762718,02-01-2024,organic,desktop,India
2905568,28-01-2024,referral,mobile,USA
2011877,22-01-2024,referral,desktop,India
1164744,09-03-2024,organic,mobile,India
3813679,26-02-2024,organic,desktop,India
1061985,16-01-2024,referral,tablet,India
4673990,06-01-2024,organic,mobile,UK
3948806,16-01-2024,email,mobile,India
4036962,16-02-2024,ads,desktop,India
2761144,09-01-2024,ads,mobile,Australia
1372274,11-05-2024,social,tablet,UK
3147013,09-01-2024,organic,desktop,USA
1956719,08-06-2024,email,mobile,USA
2976089,06-02-2024,referral,mobile,India
1951389,08-02-2024,organic,mobile,India
4559394,18-02-2024,organic,mobile,USA
1336376,08-03-2024,referral,tablet,UK
2913154,01-02-2024,organic,mobile,India
1719005,10-01-2024,ads,mobile,India
1723603,19-01-2024,organic,mobile,India
3870235,03-05-2024,organic,mobile,India
1255117,13-01-2024,organic,mobile,Australia
1245103,04-01-2024,organic,mobile,Germany
2257111,18-02-2024,organic,mobile,India
1937590,30-01-2024,organic,desktop,India
3624631,10-02-2024,organic,desktop,Australia
4275021,25-01-2024,ads,mobile,USA
3445055,11-01-2024,organic,mobile,India
4577489,10-01-2024,organic,mobile,India
1880349,24-02-2024,email,tablet,Germany
3100832,30-05-2024,email,mobile,India
2590037,07-01-2024,ads,desktop,USA
2496002,12-01-2024,organic,mobile,Canada
4409374,03-03-2024,ads,mobile,India
1725757,29-02-2024,ads,mobile,USA
2161803,24-03-2024,ads,desktop,Australia
1062549,19-05-2024,organic,tablet,USA
2575902,12-01-2024,email,mobile,India
4083615,11-01-2024,organic,mobile,India
3622446,17-04-2024,social,mobile,Australia
3343682,13-05-2024,ads,mobile,India
4811089,28-02-2024,organic,mobile,USA
4361200,15-02-2024,ads,mobile,Canada
1917170,10-02-2024,ads,desktop,USA
1167228,11-01-2024,organic,mobile,India
2177172,12-01-2024,organic,mobile,India
1501718,05-01-2024,organic,mobile,India
2518433,28-06-2024,referral,mobile,UK
1861840,15-03-2024,organic,mobile,Canada
1863033,02-05-2024,ads,mobile,Germany
3670633,16-01-2024,organic,desktop,India
2500196,02-01-2024,ads,mobile,India
2687651,08-01-2024,ads,mobile,Canada
1418855,12-02-2024,organic,desktop,India
1204926,06-02-2024,organic,mobile,India
3430544,18-01-2024,ads,desktop,India
2741396,27-02-2024,ads,tablet,India
1590692,04-01-2024,ads,mobile,USA
1082341,20-02-2024,organic,desktop,UK
2382918,27-01-2024,organic,mobile,Canada
1628915,06-01-2024,ads,desktop,UK
1490447,21-01-2024,organic,mobile,UK
2061518,04-02-2024,ads,desktop,Canada
4555488,03-01-2024,ads,tablet,India
3712340,18-01-2024,organic,desktop,India
3697502,16-04-2024,ads,desktop,Australia
2748164,02-04-2024,ads,mobile,UK
3696133,06-02-2024,organic,mobile,India
3220995,26-01-2024,ads,mobile,India
3220212,27-01-2024,organic,mobile,India
4868119,20-01-2024,organic,desktop,Canada
1253480,18-02-2024,ads,desktop,Germany
3563741,02-01-2024,organic,mobile,Australia
2978722,02-03-2024,email,mobile,India
4719403,15-04-2024,organic,mobile,India
4404670,10-01-2024,organic,tablet,USA
4118613,22-01-2024,ads,mobile,UK
4879985,10-01-2024,ads,tablet,USA
4404759,05-03-2024,organic,desktop,India
3103521,12-01-2024,ads,tablet,UK
2698968,03-02-2024,ads,tablet,India
2615209,20-04-2024,ads,mobile,India
1214461,21-01-2024,ads,tablet,Germany
3037356,03-03-2024,email,desktop,India
1284812,21-03-2024,ads,mobile,India
1983883,15-02-2024,ads,mobile,Australia
3256630,06-01-2024,email,mobile,India
2632709,01-02-2024,ads,mobile,India
2617669,23-03-2024,organic,desktop,India
2502517,19-01-2024,ads,mobile,USA
2595680,14-02-2024,email,mobile,India
3530151,24-02-2024,referral,desktop,UK
2551626,03-01-2024,ads,mobile,USA
4672465,02-01-2024,ads,mobile,USA
2319940,14-02-2024,organic,mobile,India
2836947,08-01-2024,email,desktop,India
2700807,20-02-2024,ads,mobile,India
4399365,13-06-2024,organic,mobile,UK
2529829,27-02-2024,ads,tablet,India
4142242,27-01-2024,ads,mobile,USA
2305989,13-01-2024,ads,desktop,India
1598948,02-02-2024,ads,tablet,India
2409058,16-02-2024,ads,mobile,India
1658600,13-03-2024,ads,mobile,UK
1765865,07-02-2024,organic,tablet,India
4706306,01-01-2024,ads,mobile,India
1582355,22-02-2024,email,desktop,India
3665332,08-01-2024,organic,desktop,India
3861885,28-01-2024,organic,tablet,India
3325226,17-04-2024,email,mobile,Germany
2330924,17-04-2024,organic,desktop,India
1693987,14-02-2024,social,mobile,India
1419974,16-01-2024,organic,mobile,Australia
4610189,03-03-2024,referral,mobile,USA
3612639,15-01-2024,organic,tablet,Australia
2379357,11-01-2024,ads,mobile,Australia
4282904,13-01-2024,organic,tablet,India
2770211,09-01-2024,email,desktop,USA
4311857,28-01-2024,ads,tablet,Germany
2857409,02-02-2024,referral,mobile,USA
2555071,20-02-2024,referral,desktop,Canada
4366579,06-02-2024,social,mobile,India
1682646,25-01-2024,email,tablet,India
4605808,06-01-2024,organic,mobile,Canada
4883994,14-01-2024,referral,desktop,India
4429177,02-02-2024,ads,mobile,India
1357351,15-04-2024,email,mobile,Canada
1346664,04-03-2024,ads,desktop,UK
3569699,05-03-2024,ads,desktop,India
1012322,28-01-2024,email,mobile,India
3721774,19-01-2024,organic,mobile,USA
3502455,29-02-2024,organic,desktop,UK
2967455,14-01-2024,organic,desktop,USA
3330199,26-02-2024,organic,mobile,Germany
1060778,03-05-2024,ads,tablet,India
1537735,22-01-2024,organic,tablet,India
1235701,12-01-2024,organic,mobile,India
1453024,15-01-2024,organic,desktop,UK
4316083,28-04-2024,referral,mobile,USA
4119364,13-02-2024,organic,desktop,India
3838535,01-02-2024,organic,desktop,India
4708264,24-03-2024,organic,mobile,USA
1824106,20-02-2024,organic,mobile,India
2116374,15-01-2024,ads,desktop,Canada
2872885,16-01-2024,referral,mobile,India
3298530,10-03-2024,ads,mobile,India
1245315,27-01-2024,social,mobile,Germany
4868758,18-01-2024,organic,mobile,Germany
1865149,25-03-2024,organic,mobile,UK
1603697,22-02-2024,ads,mobile,India
3582378,01-03-2024,ads,tablet,India
3968371,03-01-2024,email,desktop,India
4382474,13-01-2024,organic,mobile,India
2276202,13-01-2024,ads,desktop,Canada
4494246,12-03-2024,organic,mobile,India
2309508,11-01-2024,ads,mobile,India
1765582,13-03-2024,email,mobile,USA
1968206,15-02-2024,ads,desktop,UK
3100598,17-02-2024,ads,mobile,Canada
1271842,27-04-2024,organic,desktop,Canada
3457085,04-02-2024,organic,mobile,India
4386894,12-05-2024,ads,mobile,USA
2090387,26-01-2024,organic,mobile,India
3868452,19-01-2024,referral,desktop,Germany
2955813,22-01-2024,organic,mobile,Australia
3180929,15-01-2024,organic,tablet,India
4526550,03-01-2024,organic,desktop,India
4811534,04-01-2024,email,tablet,India
4860964,04-03-2024,ads,desktop,India
4224500,08-07-2024,organic,mobile,Canada
2177206,25-02-2024,organic,mobile,India
1958275,18-01-2024,ads,mobile,India
2274749,14-01-2024,organic,mobile,USA
1252475,25-02-2024,organic,desktop,India
2172374,09-01-2024,organic,mobile,India
1874286,10-05-2024,ads,mobile,Australia
4316166,20-01-2024,organic,desktop,USA
1462906,13-03-2024,referral,mobile,USA
2615652,21-02-2024,organic,mobile,India
1844540,08-01-2024,organic,desktop,India
1234654,07-01-2024,referral,desktop,India
4633519,19-02-2024,ads,mobile,USA
2537591,15-01-2024,email,desktop,Germany
3199039,06-02-2024,referral,mobile,India
4940420,30-01-2024,referral,mobile,India
3461632,05-02-2024,referral,mobile,USA
3538980,16-03-2024,organic,desktop,USA
1625965,12-01-2024,organic,mobile,Canada
2437932,31-03-2024,organic,mobile,Germany
1453110,28-01-2024,ads,desktop,India
1744189,14-04-2024,ads,tablet,UK
2447997,23-01-2024,ads,mobile,India
4971511,02-01-2024,organic,mobile,Germany
2129097,11-01-2024,ads,desktop,UK
1933542,04-02-2024,ads,desktop,India
4359998,18-01-2024,organic,mobile,India
1454729,23-02-2024,referral,desktop,Canada
4600847,05-02-2024,social,desktop,Canada
1414211,13-03-2024,referral,mobile,India
4140637,20-01-2024,organic,desktop,India
1567346,10-02-2024,ads,desktop,Germany
3819148,14-01-2024,email,desktop,Australia
2555645,30-01-2024,ads,tablet,USA
4517792,05-03-2024,ads,mobile,India
4243252,24-01-2024,organic,mobile,India
3127931,09-06-2024,organic,desktop,India
1774323,05-04-2024,referral,mobile,India
4655781,21-02-2024,social,mobile,India
4304956,02-01-2024,social,mobile,UK
2344288,08-02-2024,ads,desktop,India
2250698,02-02-2024,referral,mobile,India
1361074,24-01-2024,organic,desktop,India
2151847,18-01-2024,social,mobile,Canada
1343459,17-04-2024,organic,desktop,India
3659111,31-03-2024,organic,mobile,Australia
3479665,12-03-2024,ads,mobile,USA
4589651,02-02-2024,ads,desktop,Canada
3428476,02-03-2024,organic,mobile,India
1697215,03-01-2024,ads,desktop,USA
1828038,09-01-2024,referral,mobile,UK
1841709,02-01-2024,ads,mobile,USA
2602834,10-01-2024,ads,tablet,India
3995904,01-01-2024,ads,mobile,Germany
3314224,14-01-2024,email,mobile,Germany
2337801,13-01-2024,organic,mobile,USA
3208330,05-01-2024,organic,mobile,USA
4382686,03-01-2024,organic,mobile,India
3447128,06-03-2024,ads,mobile,India
2141874,15-01-2024,social,desktop,India
1707484,02-01-2024,ads,desktop,UK
3098719,14-03-2024,ads,mobile,India
4430682,02-01-2024,organic,tablet,India
3234856,02-02-2024,organic,mobile,India
2134903,03-02-2024,ads,mobile,India
1204649,04-01-2024,ads,mobile,Australia
4602858,01-03-2024,ads,desktop,USA
3671802,24-01-2024,organic,desktop,USA
4151563,09-01-2024,referral,mobile,USA
3932905,03-01-2024,organic,mobile,India
4438380,16-02-2024,organic,desktop,India
4401256,01-04-2024,organic,mobile,USA
2202938,20-01-2024,email,mobile,India
2132317,11-01-2024,referral,mobile,USA
1683236,09-01-2024,email,desktop,India
4125078,04-01-2024,ads,desktop,UK
2440262,10-01-2024,organic,mobile,India
2413046,06-02-2024,organic,mobile,Germany
1966617,23-01-2024,ads,mobile,USA
3594473,12-03-2024,organic,tablet,India
4799046,06-02-2024,organic,desktop,India
1339483,08-03-2024,ads,mobile,India
3084291,07-02-2024,organic,mobile,USA
1233203,05-02-2025,organic,desktop,USA
3742690,16-03-2024,ads,mobile,Canada
3277930,03-01-2024,organic,desktop,India
3449410,07-03-2024,ads,mobile,UK
4906959,04-05-2024,organic,mobile,India
3058008,03-01-2024,ads,mobile,India
2222065,23-01-2024,organic,desktop,India
4962398,19-02-2024,organic,mobile,Australia
3610675,20-02-2024,email,desktop,India
3845704,23-02-2024,ads,mobile,India
2801460,12-03-2024,social,mobile,USA
4278843,08-05-2024,social,mobile,USA
4139421,27-01-2024,ads,desktop,India
2451139,18-01-2024,organic,mobile,India
3142239,09-02-2024,ads,mobile,UK
2163711,13-01-2024,organic,mobile,India
1486219,03-03-2024,social,mobile,Canada
3675758,25-05-2024,ads,desktop,USA
3498577,04-02-2024,organic,mobile,India
1565338,05-02-2024,organic,mobile,USA
2524330,15-03-2024,organic,mobile,Australia
2115184,01-01-2024,organic,desktop,India
2304824,27-01-2024,social,desktop,Australia
3813052,09-05-2024,organic,mobile,Canada
3288690,10-01-2024,organic,mobile,India
1857109,04-03-2024,ads,desktop,India
4431975,08-01-2024,organic,tablet,India
4538205,07-01-2024,ads,mobile,Germany
4141889,31-01-2024,referral,desktop,UK
1697767,29-03-2024,organic,mobile,USA
4549770,05-02-2024,organic,mobile,India
4631524,10-02-2024,organic,mobile,Canada
2103303,31-01-2024,referral,mobile,Canada
2267140,07-01-2024,organic,desktop,USA
4647861,15-03-2024,ads,mobile,India
4023480,01-04-2024,ads,desktop,Germany
2849813,14-04-2024,email,mobile,India
4680408,09-01-2024,email,mobile,UK
2642301,04-01-2024,organic,mobile,India
3706279,27-03-2024,ads,desktop,India
3377611,24-03-2024,organic,mobile,India
4943831,16-01-2024,ads,mobile,Germany
2771418,08-01-2024,email,desktop,Canada
2826473,07-02-2024,organic,desktop,India
3388078,31-01-2024,organic,mobile,USA
3304209,19-04-2024,referral,desktop,India
4488485,10-01-2024,organic,desktop,USA
1770171,27-01-2024,ads,mobile,India
1349139,18-01-2024,email,mobile,Germany
1001728,11-01-2024,ads,mobile,India
4335542,06-01-2024,social,desktop,USA
3176042,02-01-2024,organic,mobile,India
4482472,13-02-2024,organic,mobile,India
2590564,03-02-2024,ads,mobile,India
3218027,17-01-2024,organic,desktop,India
3480453,17-01-2024,social,mobile,India
3892883,04-01-2024,email,mobile,India
1882018,25-05-2024,organic,mobile,USA
4379474,08-04-2024,ads,desktop,USA
2954462,11-03-2024,organic,tablet,Germany
4814043,16-02-2024,referral,mobile,India
4750895,10-01-2024,organic,desktop,India
3422463,30-01-2024,organic,desktop,USA
1557168,25-02-2024,organic,tablet,India
1576700,05-01-2024,organic,desktop,Canada
3186326,10-04-2024,organic,mobile,India
1020114,26-03-2024,ads,mobile,India
3754767,04-08-2024,referral,mobile,India
1848505,04-01-2024,organic,desktop,India
2409093,11-02-2024,ads,mobile,India
1729681,16-02-2024,organic,mobile,Canada
1950274,13-01-2024,referral,mobile,India
1338032,17-01-2024,organic,desktop,Germany
2196511,02-01-2024,organic,mobile,India
1026233,11-01-2024,referral,desktop,Germany
4473217,31-03-2024,referral,mobile,India
4402588,19-01-2024,referral,mobile,India
1860343,15-01-2024,ads,mobile,USA
1538358,13-02-2024,organic,mobile,USA
4184837,09-01-2024,ads,desktop,India
2752704,13-01-2024,referral,tablet,USA
3288022,17-01-2024,email,mobile,India
2168462,15-02-2024,organic,mobile,USA
4166198,01-02-2024,referral,mobile,UK
2486288,20-01-2024,ads,desktop,USA
1811244,01-03-2024,organic,desktop,India
4556299,12-01-2024,ads,tablet,UK
3738318,04-02-2024,organic,mobile,India
1403677,15-03-2024,organic,desktop,USA
4086921,14-02-2024,organic,mobile,India
2706970,30-01-2024,email,desktop,USA
4152254,09-02-2024,ads,mobile,India
4817987,22-01-2024,ads,tablet,USA
1999646,24-04-2024,ads,tablet,India
1036736,12-01-2024,ads,mobile,India
3166944,24-02-2024,email,desktop,USA
3879459,06-05-2024,referral,mobile,Canada
1237604,14-03-2024,ads,tablet,India
3088659,16-02-2024,ads,desktop,Germany
4629141,07-01-2024,organic,tablet,India
2220327,07-01-2024,ads,tablet,India
3948643,15-01-2024,organic,mobile,Germany
4495138,25-02-2024,organic,mobile,USA
1722057,21-01-2024,ads,mobile,India
1007500,16-03-2024,organic,desktop,Canada
4378861,06-01-2024,organic,tablet,USA
1845561,04-01-2024,email,mobile,UK
2463147,02-01-2024,email,mobile,India
3556692,10-01-2024,email,mobile,Canada
1995434,24-01-2024,ads,mobile,India
4013451,23-02-2024,organic,tablet,India
4597879,22-01-2024,organic,tablet,India
4862283,24-02-2024,organic,desktop,India
1425964,19-02-2024,referral,mobile,India
2376228,02-02-2024,ads,desktop,USA
2848521,10-01-2024,organic,mobile,Australia
4189909,09-01-2024,ads,desktop,India
4856741,30-01-2024,referral,desktop,USA
2138795,26-01-2024,referral,desktop,India
2502456,20-02-2024,ads,mobile,India
3882110,06-01-2024,organic,desktop,India
1235445,19-04-2024,organic,tablet,India
1091964,08-03-2024,email,mobile,USA
2882643,17-01-2024,organic,desktop,UK
2354087,25-01-2024,referral,desktop,UK
4013237,01-03-2024,email,mobile,USA
2483074,28-05-2024,ads,desktop,India
2452144,09-01-2024,organic,mobile,Germany
3389006,20-04-2024,referral,desktop,India
2946401,26-01-2024,referral,mobile,India
2614212,30-05-2024,referral,desktop,USA
2053637,07-01-2024,email,tablet,India
3568913,01-02-2024,organic,desktop,India
4686979,07-01-2024,referral,mobile,USA
4771193,03-03-2024,social,mobile,UK
3895924,01-03-2024,referral,tablet,USA
4281781,27-01-2024,organic,mobile,India
1671450,16-04-2024,social,desktop,USA
2368466,17-05-2024,email,desktop,India
2031261,20-01-2024,social,mobile,Germany
2592878,09-01-2024,email,desktop,USA
2901315,26-03-2024,organic,desktop,India
3302823,03-05-2024,organic,mobile,UK
3456138,05-01-2024,ads,mobile,India
1610965,04-01-2024,ads,mobile,USA
2037667,05-04-2024,referral,desktop,India
4716511,01-01-2024,referral,mobile,UK
3472033,08-01-2024,referral,mobile,India
2536298,14-02-2024,referral,desktop,UK
3225504,27-01-2024,organic,tablet,UK
3061655,16-01-2024,email,mobile,Australia
4437259,08-01-2024,organic,desktop,India
3286335,28-06-2024,organic,mobile,UK
1708835,30-01-2024,ads,mobile,India
3233059,08-01-2024,organic,mobile,Canada
3189326,21-01-2024,organic,desktop,UK
4601474,22-07-2024,ads,desktop,USA
1095239,21-01-2024,ads,mobile,India
3475498,07-01-2024,organic,mobile,India
4812837,07-01-2024,referral,mobile,India
1779940,14-02-2024,organic,mobile,UK
2379503,19-11-2024,organic,mobile,USA
4404748,04-01-2024,referral,mobile,India
2207658,28-01-2024,ads,mobile,Germany
1530900,12-03-2024,organic,mobile,India
2173792,23-01-2024,organic,mobile,Australia
3751774,18-01-2024,organic,mobile,India
1768958,07-02-2024,email,tablet,India
1557796,07-01-2024,email,desktop,Australia
1926499,27-01-2024,ads,mobile,India
2085558,31-01-2024,ads,mobile,UK
3478381,28-02-2024,social,mobile,Canada
2701743,22-01-2024,organic,mobile,India
1743213,24-01-2024,organic,desktop,India
1274457,12-01-2024,ads,desktop,USA
2545331,30-06-2024,organic,tablet,USA
3064866,21-02-2024,organic,desktop,Canada
3388243,22-02-2024,ads,desktop,India
4014601,04-06-2024,organic,desktop,USA
4022849,05-03-2024,ads,desktop,India
1385729,02-03-2024,referral,mobile,India
1128818,19-03-2024,organic,desktop,India
4360042,06-01-2024,organic,desktop,India
4307000,31-01-2024,organic,mobile,India
4837555,13-02-2024,ads,mobile,USA
2130736,06-02-2024,email,mobile,USA
4725717,05-01-2024,ads,desktop,India
4752665,26-01-2024,organic,desktop,India
2573554,23-03-2024,ads,mobile,Germany
3411417,19-04-2024,organic,desktop,Germany
3010997,29-02-2024,email,mobile,India
3016406,23-01-2024,email,desktop,Canada
2062863,29-01-2024,ads,mobile,UK
4626604,07-04-2024,ads,mobile,UK
2424568,04-01-2024,organic,mobile,USA
3976987,03-01-2024,ads,mobile,India
1931356,26-04-2024,social,mobile,USA
3767214,10-09-2024,organic,mobile,India
2887034,23-02-2024,organic,mobile,Canada
4448301,22-01-2024,organic,mobile,Australia
4986947,15-02-2024,organic,mobile,India
3888686,16-02-2024,ads,tablet,India
4830071,08-01-2024,ads,tablet,India
4411734,12-01-2024,referral,mobile,India
1693051,20-01-2024,organic,mobile,India
3007545,03-01-2024,organic,desktop,Germany
1174590,14-04-2024,organic,mobile,USA
4618805,22-01-2024,organic,mobile,India
4289455,07-01-2024,ads,desktop,India
4483641,28-02-2024,referral,mobile,UK
3505782,11-02-2024,ads,mobile,India
2088072,13-01-2024,organic,mobile,Australia
2140112,09-02-2024,organic,mobile,India
3314488,23-04-2024,ads,mobile,India
1346283,22-01-2024,organic,mobile,India
1275915,04-01-2024,organic,mobile,Canada
1898837,10-02-2024,ads,mobile,India
4142349,10-02-2024,organic,mobile,India
2765724,03-06-2024,organic,mobile,India
1882468,30-01-2024,ads,mobile,USA
4343162,19-02-2024,ads,mobile,India
1986741,02-04-2024,organic,mobile,India
2276970,14-01-2024,organic,mobile,India
2361124,19-01-2024,referral,mobile,India
1121107,29-05-2024,ads,mobile,Germany
4272013,25-01-2024,referral,mobile,Australia
1522384,09-03-2024,organic,mobile,UK
4327309,16-02-2024,ads,desktop,India
2333315,05-02-2024,organic,desktop,Canada
2225222,10-03-2024,referral,mobile,Germany
1723874,11-01-2024,referral,desktop,India
3427692,04-02-2024,organic,mobile,India
4320518,29-02-2024,ads,mobile,India
1814146,03-01-2024,ads,mobile,India
4230776,24-01-2024,organic,mobile,UK
2967649,24-01-2024,email,mobile,India
2208084,10-01-2024,ads,mobile,India
3637736,07-01-2024,organic,desktop,USA
4684905,30-01-2024,referral,mobile,Canada
4920832,17-02-2024,organic,desktop,USA
1241344,19-03-2024,ads,desktop,India
2467890,31-01-2024,organic,tablet,India
4699377,14-04-2024,organic,desktop,UK
4984308,16-02-2024,social,mobile,India
4970710,20-02-2024,organic,mobile,India
4438649,02-01-2024,organic,mobile,Canada
1163832,26-04-2024,organic,mobile,USA
4764943,26-01-2024,ads,mobile,India
2944971,02-04-2024,ads,mobile,India
1627182,18-01-2024,organic,mobile,India
4950278,14-01-2024,email,mobile,USA
4876795,12-04-2024,email,desktop,Canada
3607247,01-02-2024,organic,mobile,USA
4274268,21-01-2024,ads,desktop,India
4797707,01-02-2024,ads,desktop,Canada
2197907,19-01-2024,organic,tablet,Canada
4002304,23-01-2024,ads,mobile,India
4077354,06-07-2024,organic,mobile,UK
4268354,09-01-2024,ads,mobile,India
2624692,12-01-2024,social,tablet,Germany
3734693,12-01-2024,email,desktop,India
2770956,09-02-2024,organic,mobile,India
3020665,09-01-2024,ads,mobile,UK
4262250,04-01-2024,email,mobile,USA
4887899,30-01-2024,organic,mobile,UK
4989924,01-01-2024,ads,desktop,Germany
3868673,07-01-2024,referral,mobile,India
2634684,25-03-2024,organic,tablet,USA
1416124,20-01-2024,ads,mobile,India
4542165,04-02-2024,referral,tablet,USA
2018342,13-01-2024,referral,mobile,India
3139894,10-01-2024,ads,desktop,India
4004705,26-04-2024,ads,mobile,India
2489668,06-01-2024,ads,mobile,UK
2387536,08-02-2024,ads,mobile,India
3490613,25-02-2024,organic,mobile,UK
1824557,18-02-2024,organic,tablet,India
2406844,02-01-2024,ads,mobile,India
1383339,22-01-2024,organic,mobile,India
1893991,01-02-2024,ads,mobile,India
1919548,20-06-2024,social,tablet,India
4438496,02-02-2024,organic,desktop,UK
4138534,25-01-2024,organic,mobile,UK
1972763,31-01-2024,organic,mobile,India
1471123,23-02-2024,ads,mobile,India
4117381,03-01-2024,ads,desktop,India
2379617,21-03-2024,organic,desktop,USA
3638898,23-03-2024,organic,desktop,USA
2738027,21-01-2024,organic,desktop,India
1256937,09-02-2024,referral,mobile,USA
4205564,20-02-2024,ads,desktop,India
4649221,24-02-2024,ads,mobile,Australia
3135221,06-02-2024,social,mobile,Canada
2261811,04-01-2024,social,mobile,India
1791385,16-01-2024,organic,desktop,USA
1171722,01-01-2024,ads,mobile,UK
1718630,04-04-2024,ads,mobile,India
4900301,08-03-2024,email,desktop,India
1449093,14-01-2024,email,mobile,India
4290982,13-01-2024,organic,mobile,India
3331995,05-02-2024,organic,mobile,Germany
4793187,06-01-2024,ads,mobile,India
4287321,13-01-2024,ads,mobile,India
3254023,30-01-2024,ads,desktop,India
4075999,10-05-2024,organic,mobile,India
2871039,08-02-2024,ads,desktop,Germany
4554065,22-01-2024,organic,desktop,India
2665454,15-05-2024,organic,desktop,USA
1265832,27-01-2024,ads,mobile,India
3906490,13-02-2024,email,mobile,Canada
2155323,10-01-2024,organic,mobile,India
4293482,01-01-2024,organic,desktop,India
4427987,26-01-2024,organic,tablet,UK
1784476,29-01-2024,organic,mobile,India
2813312,09-01-2024,referral,mobile,India
2410161,12-01-2024,ads,mobile,Germany
4375078,14-01-2024,email,tablet,India
4403058,28-02-2024,ads,mobile,Germany
2680781,18-02-2024,ads,desktop,Australia
3846051,02-03-2024,organic,mobile,India
4612462,02-04-2024,organic,mobile,UK
2399144,25-02-2024,referral,mobile,Germany
1394257,31-01-2024,organic,mobile,India
1259732,03-01-2024,email,tablet,USA
3845911,21-01-2024,organic,desktop,USA
3298695,22-01-2024,organic,desktop,India
3348297,11-03-2024,organic,tablet,USA
3069180,01-01-2024,ads,mobile,Australia
2617329,27-01-2024,ads,mobile,India
4253811,03-01-2024,organic,mobile,USA
4127261,22-05-2024,ads,mobile,Australia
4498384,28-04-2024,referral,mobile,India
3348735,22-02-2024,ads,desktop,USA
2223343,06-05-2024,organic,mobile,India
4483854,04-02-2024,organic,mobile,India
3924168,10-01-2024,ads,desktop,UK
4089851,10-03-2024,organic,tablet,USA
4649506,01-02-2024,ads,mobile,India
2346485,23-01-2024,email,mobile,Australia
4941775,13-01-2024,ads,desktop,Australia
3374396,01-02-2024,email,desktop,UK
4237268,23-01-2024,organic,mobile,Canada
1767221,13-04-2024,referral,tablet,USA
4359536,28-04-2024,organic,mobile,Australia
3738421,19-02-2024,organic,mobile,India
2662731,04-01-2024,referral,mobile,India
3257538,07-02-2024,organic,mobile,Germany
3848525,04-02-2024,social,mobile,UK
4856555,11-01-2024,ads,tablet,USA
3878050,03-05-2024,organic,mobile,USA
3427315,29-02-2024,email,desktop,Australia
2096041,22-01-2024,referral,desktop,Australia
1502232,24-02-2024,organic,mobile,India
1712660,24-01-2024,referral,mobile,UK
1458867,22-06-2024,referral,mobile,Germany
1210682,02-01-2024,organic,mobile,India
2753171,05-01-2024,ads,desktop,India
1757207,08-02-2024,organic,desktop,USA
3005917,16-02-2024,organic,desktop,India
1155507,07-01-2024,email,mobile,Canada
2095908,17-01-2024,email,tablet,India
3678126,02-03-2024,referral,mobile,India
4962990,06-01-2024,ads,desktop,UK
4543033,04-02-2024,ads,desktop,India
1898207,16-01-2024,ads,desktop,USA
1964782,21-03-2024,ads,desktop,Canada
2720104,25-01-2024,email,tablet,USA
4718756,26-05-2024,referral,mobile,India
4230371,12-01-2024,ads,desktop,USA
1392815,08-01-2024,social,mobile,India
4742090,04-02-2024,organic,desktop,Germany
3019592,05-03-2024,organic,desktop,Australia
2989567,10-03-2024,organic,desktop,USA
4900707,08-01-2024,email,mobile,UK
3336312,23-01-2024,organic,tablet,Australia
2355965,12-04-2024,referral,desktop,India
2354677,08-03-2024,email,mobile,India
3809886,15-01-2024,organic,mobile,UK
1365846,10-02-2024,ads,mobile,UK
2272001,09-03-2024,organic,mobile,India
2388494,07-01-2024,organic,mobile,USA
4721514,29-01-2024,organic,mobile,India
1044969,16-03-2024,ads,mobile,USA
1312157,16-01-2024,ads,mobile,USA
2471940,05-02-2024,ads,mobile,India
4181463,09-01-2024,organic,mobile,India
3061454,02-02-2024,organic,mobile,Germany
4408612,27-02-2024,social,mobile,India
3932944,04-02-2024,ads,mobile,India
4330740,02-01-2024,organic,mobile,Canada
3692627,02-04-2024,ads,mobile,India
4116799,24-01-2024,organic,desktop,USA
2357103,01-01-2024,organic,desktop,India
2425631,15-03-2024,organic,tablet,India
3416380,16-01-2024,social,mobile,Australia
3758134,01-04-2024,organic,desktop,USA
3753744,15-03-2024,organic,mobile,India
4365438,16-01-2024,ads,mobile,Canada
2827498,10-04-2024,organic,mobile,USA
2949129,28-02-2024,ads,desktop,India
4577028,19-01-2024,organic,mobile,India
1395214,08-01-2024,social,mobile,USA
4542291,15-01-2024,ads,mobile,India
1692854,02-03-2024,email,mobile,USA
4715463,06-01-2024,organic,mobile,Germany
4189503,19-02-2024,social,mobile,Canada
1404834,19-03-2024,ads,mobile,Germany
1992508,06-01-2024,email,mobile,India
1665535,09-02-2024,organic,mobile,India
4327156,28-01-2024,ads,desktop,India
4913932,02-02-2024,referral,mobile,India
4446973,23-02-2024,organic,mobile,India
2377377,09-01-2024,ads,mobile,Canada
1495387,28-02-2024,organic,mobile,USA
3261931,28-01-2024,organic,mobile,India
2117248,06-05-2024,ads,mobile,India
2189526,07-01-2024,ads,mobile,India
1264307,03-01-2024,organic,mobile,India
2513852,08-01-2024,organic,mobile,Canada
3871849,04-01-2024,ads,desktop,India
2443739,14-01-2024,ads,tablet,USA
2348136,29-02-2024,organic,desktop,UK
2451679,23-01-2024,organic,desktop,UK
3066486,10-01-2024,organic,desktop,USA
1176163,15-01-2024,ads,desktop,UK
2766183,04-01-2024,ads,mobile,USA
3694175,01-01-2024,ads,mobile,USA
1652104,11-01-2024,organic,mobile,UK
4130512,17-01-2024,organic,mobile,Canada
2639589,11-01-2024,organic,mobile,India
1193988,12-01-2024,ads,mobile,India
2016152,26-01-2024,organic,desktop,USA
4718421,02-02-2024,ads,desktop,India
1443434,03-02-2024,referral,desktop,India
4700948,08-01-2024,organic,mobile,USA
2285033,07-03-2024,ads,tablet,India
3069880,11-01-2024,referral,mobile,India
1794394,26-02-2024,organic,mobile,India
3353232,27-01-2024,email,mobile,Germany
1231064,04-01-2024,referral,mobile,India
3789136,12-01-2024,email,desktop,India
2484121,01-02-2024,organic,tablet,UK
4012293,13-02-2024,organic,desktop,India
4276330,04-02-2024,ads,desktop,USA
2051392,11-04-2024,organic,mobile,Germany
3515495,02-03-2024,referral,mobile,UK
4163854,24-01-2024,organic,mobile,India
1009308,20-03-2024,referral,desktop,India
2564805,02-05-2024,referral,desktop,India
1474609,08-01-2024,email,mobile,India
2831637,11-01-2024,ads,mobile,India
2037973,21-01-2024,organic,mobile,USA
2665085,10-01-2024,social,desktop,USA
1408849,08-01-2024,organic,mobile,USA
3594272,12-01-2024,organic,mobile,India
2801295,02-01-2024,ads,mobile,USA
3931998,05-04-2024,social,mobile,India
1072751,06-02-2024,organic,desktop,Australia
1207954,15-02-2024,ads,mobile,India
1462138,30-01-2024,ads,mobile,Canada
4100026,06-01-2024,organic,desktop,UK
3409885,13-01-2024,organic,mobile,India
4596214,09-04-2024,organic,mobile,India
4875735,14-02-2024,organic,mobile,USA
4547987,12-03-2024,ads,tablet,Germany
3133144,14-06-2024,email,desktop,UK
1824425,09-04-2024,ads,desktop,India
1977447,31-03-2024,organic,mobile,India
3198229,29-02-2024,ads,desktop,India
3704141,03-02-2024,ads,mobile,India
1111464,08-03-2024,organic,mobile,Canada
1301201,11-01-2024,referral,mobile,UK
2057595,22-01-2024,organic,mobile,India
1179645,02-04-2024,ads,mobile,USA
4550432,20-02-2024,referral,desktop,UK
1803549,14-01-2024,ads,mobile,India
3608469,20-01-2024,ads,mobile,India
4276675,17-02-2024,ads,desktop,India
4287732,05-01-2024,organic,mobile,India
2502290,15-02-2024,organic,tablet,India
3103126,26-09-2024,referral,mobile,India
3440463,30-01-2024,organic,mobile,India
2172264,11-01-2024,organic,mobile,USA
3824012,12-03-2024,organic,mobile,Germany
3164200,12-02-2024,referral,desktop,India
2340859,06-01-2024,organic,mobile,USA
4867081,04-02-2024,organic,desktop,India
1459051,20-01-2024,organic,mobile,India
1771326,30-01-2024,organic,desktop,UK
1577316,04-03-2024,organic,mobile,India
4247882,05-01-2024,referral,mobile,India
1694195,14-01-2024,organic,mobile,India
1682234,23-01-2024,organic,mobile,India
1721188,17-01-2024,organic,mobile,Canada
1397091,19-01-2024,organic,mobile,India
3330439,15-02-2024,social,mobile,India
2797327,06-03-2024,referral,desktop,India
2298699,12-01-2024,ads,tablet,India
4596951,19-01-2024,social,tablet,Germany
3572058,19-09-2024,organic,mobile,USA
4365518,12-03-2024,email,mobile,UK
3505454,01-02-2024,ads,desktop,USA
1412927,30-04-2024,ads,tablet,India
2716704,01-01-2024,organic,mobile,India
1955712,06-01-2024,ads,desktop,USA
4940205,02-01-2024,email,mobile,India
4887661,24-06-2024,organic,tablet,UK
1395144,05-01-2024,organic,desktop,UK
2399862,09-05-2024,ads,mobile,USA
4884558,11-03-2024,social,mobile,USA
2728130,01-01-2024,organic,desktop,India
2049803,04-02-2024,ads,tablet,USA
1478524,07-02-2024,email,desktop,India
3999036,10-01-2024,organic,mobile,India
4482823,12-01-2024,organic,tablet,India
2216414,14-01-2024,organic,mobile,Australia
3913742,20-01-2024,organic,mobile,India
3224947,04-01-2024,ads,mobile,USA
1846013,13-02-2024,organic,mobile,India
3259623,17-02-2024,referral,mobile,India
4441613,16-02-2024,ads,mobile,India
1687575,26-01-2024,organic,mobile,India
2669297,19-01-2024,organic,mobile,UK
2462418,19-06-2024,referral,mobile,UK
2876599,07-01-2024,email,tablet,India
3368715,29-01-2024,organic,tablet,UK
1614829,07-01-2024,organic,mobile,USA
4097711,12-03-2024,referral,mobile,India
2168115,16-02-2024,social,mobile,Australia
3880889,12-01-2024,ads,mobile,India
1727033,18-03-2024,organic,desktop,Australia
3400152,08-01-2024,email,tablet,India
1054790,30-01-2024,organic,desktop,India
4790485,25-02-2024,organic,mobile,USA
3082823,29-03-2024,referral,mobile,USA
2489818,02-01-2024,ads,desktop,India
4808182,21-04-2024,ads,mobile,India
1444055,26-01-2024,organic,mobile,India
3661452,07-04-2024,organic,desktop,India
3369997,04-01-2024,ads,mobile,USA
3211505,07-01-2024,ads,desktop,Canada
4979104,08-01-2024,organic,tablet,India
1192770,03-01-2024,ads,desktop,India
3164796,02-01-2024,referral,mobile,Australia
1209260,01-03-2024,organic,mobile,India
3986454,02-02-2024,referral,mobile,UK
4968669,18-01-2024,ads,mobile,India
4657403,03-04-2024,organic,mobile,India
4905237,28-01-2024,referral,mobile,USA
1014832,03-05-2024,ads,mobile,India
4560026,09-01-2024,organic,mobile,Germany
4079318,27-01-2024,ads,mobile,USA
3268097,13-01-2024,ads,desktop,UK
2115858,13-01-2024,ads,tablet,Canada
4083865,20-01-2024,referral,mobile,India
3562823,22-02-2024,organic,mobile,India
4616128,15-01-2024,referral,mobile,India
4178980,14-02-2024,ads,mobile,India
2587566,08-01-2024,organic,desktop,India
3231213,08-02-2024,organic,mobile,USA
4048513,22-03-2024,email,desktop,India
4836396,08-01-2024,ads,desktop,USA
2579034,01-01-2024,social,desktop,UK
1976631,19-04-2024,ads,mobile,USA
3639825,10-01-2024,social,mobile,India
3343385,22-03-2024,email,mobile,UK
3304827,08-02-2024,organic,mobile,USA
3521355,02-01-2024,ads,mobile,India
2623629,01-01-2024,referral,mobile,India
4495897,10-01-2024,organic,mobile,India
4974909,21-01-2024,organic,mobile,India
4049073,12-02-2024,organic,mobile,India
1590186,18-01-2024,ads,desktop,India
4806450,26-02-2024,ads,mobile,USA
3037354,29-03-2024,ads,mobile,India
2623272,01-02-2024,organic,tablet,Germany
4672141,26-01-2024,organic,tablet,India
4446306,04-01-2024,organic,desktop,India
4960065,10-01-2024,ads,mobile,India
1422167,06-01-2024,organic,desktop,India
3417359,11-03-2024,organic,desktop,India
1604006,28-01-2024,referral,mobile,Canada
3727039,08-01-2024,referral,mobile,USA
4310715,13-01-2024,organic,desktop,UK
2074424,06-01-2024,referral,mobile,India
3853557,16-01-2024,ads,mobile,India
4700120,08-01-2024,ads,mobile,India
3744404,17-01-2024,email,mobile,India
1890462,14-01-2024,ads,tablet,India
4877646,01-01-2024,organic,desktop,USA
1357335,18-01-2024,referral,desktop,India
1502304,02-02-2024,ads,mobile,Canada
2086865,04-02-2024,ads,mobile,India
4246375,01-02-2024,organic,mobile,Canada
1469874,19-02-2024,organic,desktop,India
4146346,19-01-2024,organic,tablet,India
1780522,10-02-2024,referral,desktop,India
2174882,07-04-2024,organic,desktop,India
1841230,05-08-2024,social,tablet,India
3334228,14-01-2024,organic,mobile,India
4734753,23-02-2024,organic,mobile,UK
1781259,13-02-2024,organic,desktop,USA
2313343,22-01-2024,referral,mobile,Australia
3408542,03-02-2024,social,mobile,Australia
2950200,20-03-2024,referral,mobile,India
3196948,09-03-2024,ads,mobile,India
1202604,10-01-2024,email,desktop,Canada
3454218,12-07-2024,social,mobile,USA
4097707,07-06-2024,ads,desktop,USA
3904949,06-02-2024,organic,mobile,UK
4979636,09-01-2024,organic,mobile,USA
2129578,28-01-2024,referral,mobile,USA
4001177,29-10-2024,organic,mobile,India
4020063,17-04-2024,organic,desktop,India
1297710,20-02-2024,organic,mobile,Germany
4829415,30-03-2024,organic,mobile,USA
2238417,11-01-2024,ads,desktop,USA
3362167,08-03-2024,organic,desktop,India
3753477,18-04-2024,organic,desktop,India
2001852,05-04-2024,organic,mobile,USA
3843198,26-01-2024,social,mobile,Canada
3212583,11-02-2024,social,mobile,India
3317156,22-01-2024,ads,mobile,India
1583211,26-02-2024,organic,desktop,UK
1008090,09-04-2024,ads,mobile,India
4201691,02-01-2024,organic,mobile,UK
3941198,23-01-2024,ads,tablet,Germany
2881767,21-01-2024,organic,mobile,India
2148250,09-02-2024,ads,tablet,India
3848990,27-01-2024,ads,mobile,UK
2652325,07-01-2024,organic,desktop,India
3680207,22-01-2024,ads,desktop,India
4210037,02-02-2024,referral,tablet,Germany
4946102,03-01-2024,referral,desktop,India
4225988,23-02-2024,organic,mobile,India
4789830,22-02-2024,organic,mobile,UK
3770090,17-03-2024,organic,desktop,India
3338292,03-01-2024,ads,mobile,India
4488674,10-01-2024,ads,mobile,India
1350302,08-01-2024,organic,mobile,USA
2661200,02-01-2024,ads,mobile,India
1450974,18-04-2024,organic,mobile,Germany
3473636,12-01-2024,organic,desktop,India
4602530,11-01-2024,ads,mobile,India
3276807,11-02-2024,referral,mobile,India
4044203,06-01-2024,social,mobile,UK
1198404,31-01-2024,email,mobile,India
3200663,04-02-2024,ads,mobile,India
4680365,21-01-2024,organic,mobile,India
2165109,12-01-2024,organic,mobile,USA
1804072,05-03-2024,social,desktop,UK
4802189,05-01-2024,organic,mobile,India
2104401,29-02-2024,organic,mobile,India
3917326,24-01-2024,ads,desktop,UK
1254667,23-01-2024,ads,desktop,Canada
2478322,22-01-2024,referral,mobile,India
3621371,13-01-2024,organic,desktop,Germany
3827569,29-01-2024,social,mobile,Australia
4475394,29-02-2024,ads,mobile,India
3571659,03-01-2024,organic,mobile,Germany
4155389,06-02-2024,email,desktop,USA
3080960,21-03-2024,organic,desktop,India
2875247,01-03-2024,organic,desktop,USA
3229651,04-02-2024,ads,mobile,Australia
3481683,13-01-2024,referral,mobile,India
4340123,15-02-2024,organic,desktop,India
4371593,11-01-2024,organic,desktop,India
2672537,08-05-2024,ads,mobile,India
1723936,19-01-2024,ads,desktop,USA
4445697,12-01-2024,ads,desktop,USA
1462742,03-01-2024,ads,mobile,India
2568254,04-01-2024,organic,mobile,India
3990392,26-08-2024,ads,tablet,UK
3861763,07-02-2024,organic,mobile,India
3585338,19-04-2024,referral,desktop,UK
1850018,15-02-2024,ads,mobile,Germany
3026462,16-02-2024,organic,mobile,India
1137229,12-01-2024,ads,mobile,Canada
4470267,20-01-2024,ads,mobile,India
4306748,17-02-2024,organic,mobile,India
4842689,26-01-2024,referral,mobile,India
3382608,10-01-2024,ads,mobile,India
4335279,19-01-2024,organic,mobile,India
4851434,07-03-2024,ads,desktop,Canada
3519019,14-01-2024,organic,mobile,Canada
4806975,21-03-2024,organic,mobile,India
3687861,12-02-2024,ads,mobile,India
3713297,28-03-2024,organic,mobile,India
1995408,19-01-2024,ads,mobile,USA
1963789,13-01-2024,ads,desktop,India
4356345,13-02-2024,organic,mobile,USA
2672986,16-01-2024,ads,mobile,India
1026062,23-02-2024,organic,desktop,India
1652840,30-05-2024,email,desktop,India
4614593,31-01-2024,organic,mobile,India
3918900,24-01-2024,organic,mobile,India
4907113,07-02-2024,organic,mobile,USA
2277747,28-01-2024,organic,desktop,USA
3559273,09-02-2024,referral,mobile,India
4160197,16-02-2024,email,mobile,India
4798557,11-02-2024,organic,mobile,India
3841826,05-01-2024,ads,mobile,India
4900800,21-01-2024,ads,mobile,Canada
2788420,29-02-2024,ads,mobile,India
4623433,07-02-2024,organic,mobile,India
2752021,01-01-2024,ads,desktop,Canada
4811250,17-02-2024,organic,mobile,USA
1775585,12-01-2024,organic,desktop,India
2646635,14-01-2024,ads,tablet,Canada
4760024,08-02-2024,ads,desktop,USA
3037768,02-01-2024,organic,mobile,India
2913250,15-01-2024,organic,mobile,India
2654221,07-03-2024,ads,desktop,India
3377408,10-01-2024,organic,mobile,USA
1395928,07-01-2024,organic,mobile,USA
1477339,29-03-2024,organic,desktop,India
3251324,06-03-2024,ads,mobile,USA
1321876,07-03-2024,ads,desktop,India
4356365,18-01-2024,organic,desktop,UK
2970517,08-01-2024,organic,mobile,Australia
4302148,14-03-2024,email,mobile,India
2337064,12-01-2024,referral,mobile,USA
3542472,03-03-2024,organic,mobile,UK
4019900,16-01-2024,email,mobile,USA
4007591,25-04-2024,organic,mobile,Canada
3116052,06-02-2024,referral,mobile,USA
3483011,17-05-2024,organic,mobile,Germany
4149333,16-02-2024,social,mobile,India
2017495,06-01-2024,organic,mobile,Germany
1004117,01-02-2024,social,mobile,USA
2333433,15-04-2024,organic,mobile,Canada
1880811,17-02-2024,referral,mobile,Germany
2286642,06-01-2024,organic,tablet,India
2348992,13-03-2024,organic,mobile,Canada
1805652,15-02-2024,ads,mobile,India
4095252,19-04-2024,organic,desktop,USA
3956877,05-03-2024,ads,mobile,Canada
3462072,19-01-2024,referral,mobile,India
3058866,15-01-2024,organic,tablet,India
4284176,02-01-2024,organic,mobile,Canada
4127961,29-01-2024,ads,mobile,India
4242368,18-02-2024,organic,mobile,India
3384578,02-04-2024,referral,mobile,USA
1540624,02-02-2024,email,mobile,India
4061920,17-01-2024,organic,tablet,India
1467251,26-01-2024,organic,mobile,India
4185288,03-02-2024,ads,mobile,Canada
2398029,18-01-2024,email,desktop,Canada
3742882,13-01-2024,ads,mobile,USA
2108170,04-01-2024,ads,mobile,India
3099336,25-01-2024,organic,desktop,India
4412600,15-01-2024,ads,mobile,Germany
2248661,14-01-2024,organic,mobile,UK
1721799,29-02-2024,ads,desktop,Canada
4101339,09-01-2024,organic,mobile,USA
1358131,24-01-2024,email,desktop,India
2938089,28-01-2024,referral,tablet,USA
2436496,22-02-2024,organic,mobile,USA
4122207,25-01-2024,organic,desktop,India
2152606,29-03-2024,organic,mobile,Canada
1607183,09-03-2024,social,desktop,Canada
4736994,13-02-2024,social,mobile,India
2797903,24-01-2024,organic,mobile,India
1216578,14-05-2024,organic,mobile,USA
4794658,08-02-2024,email,mobile,India
3301642,15-01-2024,referral,mobile,Canada
3661895,05-01-2024,referral,mobile,UK
2888085,12-02-2024,social,mobile,USA
3246467,08-04-2024,organic,mobile,India
3228312,13-01-2024,referral,desktop,UK
2657916,16-02-2024,email,tablet,India
2989538,18-02-2024,email,mobile,Canada
4125405,14-01-2024,ads,mobile,India
4186560,19-03-2024,organic,mobile,India
2439751,01-05-2024,social,mobile,India
2839765,31-01-2024,organic,desktop,India
3100865,06-01-2024,ads,tablet,India
2857827,08-01-2024,email,mobile,India
2888812,23-02-2024,organic,mobile,USA
4209767,31-01-2024,ads,mobile,India
1831978,23-02-2024,organic,desktop,India
4101325,04-01-2024,ads,mobile,USA
1009793,20-04-2024,organic,desktop,Canada
1364909,07-01-2024,organic,tablet,India
4631295,12-01-2024,ads,mobile,Canada
1260919,17-01-2024,ads,mobile,UK
3838192,25-06-2024,email,mobile,UK
4192825,25-01-2024,ads,mobile,India
1060949,28-06-2024,ads,mobile,USA
3547859,07-03-2024,organic,mobile,India
1844691,04-01-2024,organic,tablet,UK
4129144,12-01-2024,organic,mobile,USA
2527990,02-01-2024,ads,mobile,Canada
2678254,26-03-2024,ads,mobile,USA
3046730,12-02-2024,ads,mobile,India
3558484,02-02-2024,organic,tablet,Australia
3916934,15-01-2024,organic,desktop,India
1838571,16-02-2024,organic,mobile,India
3085845,02-02-2024,ads,desktop,Canada
2897147,06-01-2024,ads,desktop,USA
4094406,03-07-2024,organic,mobile,Australia
1646725,03-01-2024,ads,mobile,India
4470619,26-01-2024,email,mobile,India
4801875,22-01-2024,ads,mobile,India
2892447,09-05-2024,email,mobile,India
3777780,27-01-2024,organic,mobile,India
4128523,20-04-2024,ads,mobile,UK
2123280,03-02-2024,organic,desktop,USA
4509528,17-01-2024,organic,desktop,USA
2990062,13-01-2024,organic,mobile,Canada
2334538,13-02-2024,ads,mobile,India
4996535,20-01-2024,referral,desktop,India
3846771,10-01-2024,organic,mobile,India
4336143,10-01-2024,ads,desktop,Canada
1437376,30-01-2024,ads,mobile,Germany
2090745,11-03-2024,social,desktop,UK
3284083,03-01-2024,organic,mobile,India
3355187,25-01-2024,ads,tablet,India
3430154,02-05-2024,email,desktop,USA
1714598,04-03-2024,referral,mobile,India
4407648,24-02-2024,referral,tablet,India
3896199,23-02-2024,organic,mobile,India
3855733,26-01-2024,email,mobile,Germany
4209630,30-01-2024,organic,mobile,India
4803887,28-01-2024,ads,mobile,Germany
4501030,06-05-2024,ads,desktop,India
4566168,07-03-2024,organic,desktop,Australia
1193682,29-03-2024,organic,mobile,USA
3197728,26-01-2024,organic,mobile,India
1110551,23-01-2024,organic,desktop,UK
2742688,21-02-2024,ads,mobile,India
3138737,21-01-2024,ads,mobile,USA
4004003,07-01-2024,organic,mobile,Canada
2597228,09-01-2024,organic,desktop,India
3984062,31-03-2024,referral,desktop,Canada
2790021,06-01-2024,organic,desktop,India
4153562,03-01-2024,ads,mobile,Germany
4378379,02-02-2024,referral,mobile,USA
3135031,08-01-2024,referral,desktop,UK
4911800,01-03-2024,ads,mobile,India
4088310,04-08-2024,ads,desktop,Canada
2289253,30-01-2024,ads,mobile,USA
3508977,05-01-2024,organic,mobile,India
2256087,09-01-2024,organic,mobile,USA
3010627,11-01-2024,referral,mobile,India
1294486,01-01-2024,email,mobile,USA
4144782,13-02-2024,ads,mobile,India
3583452,08-02-2024,organic,mobile,India
3403067,16-01-2024,ads,desktop,India
2523137,13-01-2024,organic,tablet,India
2949945,27-02-2024,referral,tablet,India
3988982,03-05-2024,referral,desktop,India
4356196,03-05-2024,ads,desktop,Canada
4472053,11-04-2024,referral,desktop,India
1602999,22-04-2024,organic,mobile,India
3103214,16-01-2024,referral,mobile,India
4658684,17-02-2024,ads,mobile,India
2172340,23-06-2024,email,mobile,India
2766905,19-01-2024,ads,mobile,Australia
2136011,20-05-2024,ads,tablet,India
3191899,06-01-2024,organic,desktop,Canada
3532491,09-02-2024,organic,mobile,India
3762495,19-01-2024,organic,mobile,India
4354573,19-01-2024,organic,mobile,India
4064640,01-01-2024,ads,mobile,India
1386383,19-01-2024,organic,mobile,USA
2150104,11-02-2024,ads,desktop,India
4829685,21-01-2024,organic,desktop,Canada
1530214,02-01-2024,referral,mobile,India
1506046,17-03-2024,ads,mobile,India
2935032,06-07-2024,organic,mobile,India
4564358,08-04-2024,organic,mobile,India
3564066,11-01-2024,ads,desktop,India
2953873,25-01-2024,organic,mobile,USA
2798786,27-02-2024,organic,mobile,India
1289295,04-01-2024,ads,mobile,India
2423610,01-05-2024,referral,desktop,USA
3740348,25-01-2024,ads,desktop,Canada
4766889,18-02-2024,ads,mobile,Germany
2760429,07-01-2024,organic,mobile,India
3756474,18-01-2024,ads,desktop,India
2365531,12-02-2024,ads,tablet,India
1617709,16-03-2024,referral,mobile,USA
2836158,25-05-2024,social,mobile,India
1843700,01-01-2024,organic,mobile,India
4953784,10-02-2024,social,desktop,Canada
1923575,18-06-2024,social,mobile,USA
3858946,17-03-2024,organic,mobile,India
3491750,01-07-2024,organic,mobile,India
4620267,22-02-2024,ads,desktop,UK
2263599,08-02-2024,social,mobile,India
3458471,13-01-2024,ads,mobile,USA
1957205,27-02-2024,organic,mobile,USA
1118168,28-03-2024,ads,desktop,Canada
1135096,28-01-2024,ads,mobile,UK
1601658,29-07-2024,referral,desktop,Canada
4764978,09-01-2024,organic,mobile,USA
2863287,18-01-2024,referral,mobile,USA
1058573,04-02-2024,ads,mobile,India
4964562,07-01-2024,ads,desktop,India
1679697,10-02-2024,organic,mobile,India
3560867,07-01-2024,ads,mobile,Germany
4411311,16-01-2024,ads,tablet,India
4046853,17-01-2024,email,mobile,UK
4999720,15-02-2024,ads,tablet,Canada
1214820,03-02-2024,organic,mobile,Australia
3470054,09-01-2024,organic,mobile,USA
4070143,10-06-2024,ads,mobile,UK
3328708,05-01-2024,ads,mobile,USA
3808545,21-01-2024,ads,tablet,Canada
1232336,07-06-2024,organic,tablet,India
3001059,15-01-2024,organic,tablet,India
1301001,23-01-2024,email,mobile,India
3593724,27-01-2024,referral,mobile,India
1594474,09-01-2024,organic,desktop,India
3023617,06-04-2024,ads,desktop,India
1220782,09-04-2024,email,desktop,Australia
2583864,10-04-2024,ads,tablet,Canada
1713241,18-01-2024,organic,mobile,India
1802364,25-01-2024,organic,mobile,India
3518861,31-01-2024,email,mobile,India
3317120,13-01-2024,organic,mobile,India
4935853,15-04-2024,organic,mobile,Germany
3561859,07-01-2024,ads,mobile,Canada
3171042,04-01-2024,email,mobile,India
4841975,03-01-2024,organic,mobile,Canada
3266647,03-01-2024,email,mobile,Canada
2637166,12-03-2024,ads,desktop,Germany
2890215,15-01-2024,organic,mobile,India
3331949,10-02-2024,organic,desktop,India
4281809,22-01-2024,referral,mobile,India
4000352,28-02-2024,ads,desktop,Germany
4106688,11-02-2024,ads,mobile,India
1811754,07-01-2024,ads,mobile,India
3698678,20-01-2024,organic,tablet,USA
1393099,17-01-2024,ads,mobile,India
4160428,07-07-2024,organic,desktop,Canada
3564357,09-01-2024,email,mobile,Germany
3954127,22-03-2024,organic,mobile,USA
2385033,31-01-2024,ads,mobile,USA
3125301,26-01-2024,email,desktop,USA
1223730,15-04-2024,email,desktop,USA
4887058,03-02-2024,organic,mobile,India
4148803,10-01-2024,organic,mobile,UK
3898903,24-01-2024,organic,desktop,USA
3172698,30-01-2024,organic,mobile,USA
2034865,04-01-2024,social,desktop,USA
3085629,18-04-2024,ads,mobile,India
1341542,11-02-2024,organic,desktop,Canada
3282786,31-03-2024,organic,mobile,India
4825293,03-02-2024,ads,mobile,India
1057170,05-01-2024,organic,mobile,India
4449188,31-03-2024,organic,tablet,India
3678328,01-05-2024,ads,mobile,UK
1545098,20-01-2024,ads,desktop,USA
3102556,09-05-2024,ads,tablet,India
1159602,12-02-2024,organic,mobile,India
4058707,24-01-2024,ads,mobile,India
2602390,31-01-2024,social,mobile,UK
3770407,10-04-2024,organic,mobile,India
2285154,20-03-2024,organic,mobile,India
1039633,24-01-2024,referral,mobile,India
3413466,23-01-2024,email,desktop,India
4626142,18-07-2024,email,mobile,UK
2611401,27-02-2024,organic,mobile,Canada
1816777,06-02-2024,ads,mobile,Germany
3129141,04-05-2024,organic,desktop,Australia
1750203,04-01-2024,organic,desktop,India
4397916,14-03-2024,organic,tablet,USA
4265406,29-02-2024,organic,desktop,India
4382551,27-01-2024,organic,tablet,USA
2169113,02-03-2024,organic,mobile,India
4837429,17-03-2024,ads,mobile,India
2880837,09-01-2024,referral,mobile,Australia
3300636,02-01-2024,organic,mobile,USA
3189571,07-01-2024,ads,desktop,India
3068340,22-04-2024,organic,desktop,India
3153450,22-03-2024,social,tablet,India
4854941,14-02-2024,organic,desktop,India
2727911,04-01-2024,organic,desktop,UK
1167764,02-03-2024,ads,mobile,USA
2319867,26-01-2024,ads,mobile,Canada
3266202,01-01-2024,email,mobile,USA
2968314,11-01-2024,organic,mobile,USA
1818928,24-01-2024,organic,mobile,Australia
3707433,11-01-2024,ads,mobile,UK
2009636,04-06-2024,referral,mobile,India
2292497,31-01-2024,social,mobile,Germany
3612553,09-01-2024,ads,mobile,India
4451068,19-01-2024,email,mobile,India
2625517,19-01-2024,referral,desktop,India
2048929,29-02-2024,organic,mobile,India
3688662,27-02-2024,organic,mobile,UK
2222751,18-05-2024,organic,mobile,USA
4661653,04-01-2024,organic,desktop,India
2800549,11-01-2024,organic,tablet,India
1554124,19-01-2024,ads,mobile,UK
3182830,04-02-2024,ads,mobile,India
3756178,01-03-2024,organic,desktop,USA
3496804,07-01-2024,email,mobile,USA
3875308,27-05-2024,referral,desktop,USA
1007783,30-04-2024,organic,desktop,India
2871197,22-01-2024,organic,mobile,India
2756403,15-01-2024,organic,mobile,Canada
2089777,21-02-2024,organic,mobile,India
3107032,16-01-2024,ads,mobile,USA
3707252,30-01-2024,ads,mobile,India
1827110,24-03-2024,organic,desktop,Australia
1851748,28-01-2024,referral,desktop,Canada
3755226,04-01-2024,ads,desktop,India
4736010,11-02-2024,organic,mobile,USA
3907786,09-02-2024,organic,mobile,India
1424454,24-02-2024,organic,mobile,India
1236860,12-03-2024,organic,mobile,India
3597743,11-01-2024,ads,mobile,India
4009575,08-02-2024,organic,desktop,India
1459271,06-01-2024,organic,tablet,India
3371968,26-05-2024,organic,mobile,Canada
4324702,21-04-2024,organic,tablet,India
4109475,27-01-2024,organic,mobile,USA
2270870,04-03-2024,ads,mobile,Canada
2886981,25-02-2024,ads,mobile,India
3027990,16-03-2024,ads,desktop,USA
3313340,10-01-2024,organic,mobile,USA
4576632,10-01-2024,ads,tablet,India
3143316,31-01-2024,email,mobile,Canada
3956559,18-04-2024,organic,mobile,USA
2892947,24-01-2024,ads,mobile,Australia
3765198,27-01-2024,organic,desktop,USA
2255992,01-03-2024,organic,mobile,India
3194263,08-02-2024,referral,mobile,India
2692717,11-02-2024,organic,mobile,UK
1704512,11-03-2024,organic,desktop,USA
1401927,04-02-2024,ads,mobile,UK
4248875,08-01-2024,ads,mobile,Canada
1996453,08-01-2024,referral,desktop,India
1716737,08-02-2024,organic,desktop,Canada
1615665,06-02-2024,organic,desktop,India
3233275,21-02-2024,organic,desktop,UK
2254912,04-01-2024,ads,mobile,India
3490807,15-01-2024,organic,mobile,India
3695439,16-01-2024,ads,mobile,India
3222370,28-01-2024,organic,mobile,India
3021462,08-01-2024,organic,desktop,Germany
4781315,20-01-2024,organic,desktop,India
2021447,17-03-2024,organic,mobile,India
4844021,05-01-2024,organic,desktop,India
3019411,11-01-2024,ads,mobile,UK
3172496,27-03-2024,organic,mobile,India
3213771,15-02-2024,organic,tablet,India
1539098,23-02-2024,ads,mobile,India
4482004,25-02-2024,organic,desktop,Germany
3618004,09-03-2024,ads,tablet,India
1210415,07-01-2024,referral,mobile,India
3231887,15-01-2024,organic,mobile,UK
1258473,17-02-2024,social,desktop,USA
3780869,03-01-2024,organic,desktop,UK
1630658,04-01-2024,organic,mobile,India
1240695,21-01-2024,organic,desktop,India
1598922,15-01-2024,ads,mobile,Germany
1918814,02-01-2024,organic,mobile,Germany
2158279,04-01-2024,referral,tablet,Canada
2672066,06-01-2024,ads,mobile,USA
1443770,16-03-2024,ads,mobile,UK
1464767,20-01-2024,organic,desktop,India
4700971,13-02-2024,ads,mobile,India
4658722,03-01-2024,ads,desktop,India
4905806,05-01-2024,ads,mobile,India
3578686,19-02-2024,referral,mobile,India
3802146,03-01-2024,email,mobile,Germany
4344250,22-01-2024,organic,mobile,USA
1318181,24-05-2024,organic,mobile,Germany
3423075,10-01-2024,ads,mobile,USA
2992359,12-01-2024,organic,mobile,India
1543761,12-01-2024,organic,mobile,Australia
4260878,23-01-2024,referral,desktop,Germany
2219883,16-01-2024,organic,desktop,Germany
3537163,01-01-2024,organic,mobile,India
1037652,15-04-2024,organic,mobile,Canada
4962457,03-01-2024,organic,mobile,UK
3594259,10-02-2024,referral,desktop,India
4266470,06-01-2024,organic,mobile,India
4991561,09-06-2024,ads,mobile,Germany
4333422,28-06-2024,organic,tablet,India
4977457,25-01-2024,organic,mobile,India
1918118,12-01-2024,organic,tablet,USA
4508000,03-02-2024,organic,mobile,Germany
2717364,10-02-2024,referral,mobile,India
2722030,03-01-2024,email,tablet,USA
3630064,02-01-2024,ads,mobile,India
3049230,24-01-2024,social,mobile,India
3105709,16-04-2024,organic,mobile,USA
4385264,02-04-2024,ads,desktop,India
4228396,03-01-2024,ads,desktop,India
1419410,30-01-2024,organic,desktop,India
3798216,29-01-2024,ads,mobile,Canada
1288725,31-05-2024,ads,mobile,UK
1421741,07-01-2024,organic,mobile,Australia
4410434,30-01-2024,ads,mobile,India
3723663,14-01-2024,social,mobile,India
3515782,21-01-2024,organic,tablet,Canada
3507199,12-04-2024,email,mobile,USA
4492204,25-02-2024,organic,desktop,USA
4103758,12-01-2024,email,tablet,India
1384210,11-03-2024,ads,desktop,Germany
2008089,30-01-2024,email,mobile,India
3490209,30-01-2024,organic,mobile,India
3589146,19-01-2024,organic,mobile,Australia
3402112,28-02-2024,email,mobile,UK
4322431,11-02-2024,ads,mobile,India
2001586,01-04-2024,ads,mobile,India
1394617,14-03-2024,ads,mobile,India
2381253,09-01-2024,email,mobile,UK
4157039,24-01-2024,organic,mobile,Australia
4492096,12-01-2024,ads,desktop,India
3395620,29-02-2024,organic,mobile,India
1057089,03-01-2024,organic,desktop,India
2150634,03-03-2024,email,desktop,UK
4299121,06-03-2024,referral,mobile,India
2032734,07-01-2024,organic,mobile,India
1529235,15-01-2024,organic,mobile,India
4671877,31-03-2024,referral,desktop,USA
1052582,06-01-2024,referral,mobile,India
4808520,15-04-2024,organic,mobile,India
1668780,05-01-2024,organic,mobile,India
3264541,01-01-2024,organic,mobile,USA
1553105,22-01-2024,email,desktop,India
1720846,17-01-2024,organic,tablet,India
4664637,01-01-2024,ads,desktop,India
1562829,24-01-2024,organic,desktop,Australia
2218793,04-01-2024,ads,desktop,Germany
3218332,28-01-2024,organic,desktop,USA
2903459,05-01-2024,ads,mobile,USA
4404110,15-03-2024,organic,mobile,India
2270655,28-02-2024,email,tablet,India
4409744,30-01-2024,organic,mobile,UK
4214879,09-01-2024,organic,tablet,India
4232880,03-04-2024,email,desktop,USA
3327535,08-03-2024,ads,mobile,USA
4916522,20-01-2024,organic,tablet,India
3056972,25-01-2024,social,mobile,USA
1796101,07-01-2024,organic,tablet,UK
1790406,05-01-2024,organic,mobile,India
3140023,24-01-2024,organic,mobile,Australia
2651664,12-02-2024,ads,mobile,USA
4944307,25-01-2024,email,mobile,India
1612423,11-01-2024,organic,mobile,USA
2978439,20-02-2024,email,tablet,India
1478617,22-02-2024,email,mobile,USA
3575228,16-02-2024,ads,mobile,India
1997962,07-03-2024,organic,mobile,Australia
2346023,20-01-2024,organic,desktop,India
4200187,21-01-2024,email,desktop,India
3077966,23-01-2024,ads,mobile,Canada
1311209,11-05-2024,ads,desktop,USA
1741046,20-05-2024,ads,mobile,UK
1033569,04-02-2024,organic,mobile,India
1843186,08-02-2024,ads,mobile,USA
2986057,27-01-2024,referral,mobile,USA
2003867,20-03-2024,ads,mobile,Germany
2857992,18-02-2024,email,mobile,Canada
1496761,10-02-2024,ads,mobile,India
2322705,30-03-2024,ads,mobile,India
4672057,05-02-2024,email,mobile,India
2958137,19-01-2024,social,mobile,Germany
1899248,03-01-2024,ads,mobile,India
4178774,27-03-2024,social,mobile,UK
1068921,04-01-2024,organic,mobile,USA
4595103,09-01-2024,organic,tablet,Australia
4444133,25-01-2024,ads,desktop,USA
4781547,31-03-2024,referral,desktop,India
1911601,02-03-2024,ads,mobile,India
4239113,25-01-2024,ads,mobile,India
1493986,14-02-2024,ads,mobile,USA
3887105,27-02-2024,ads,mobile,Germany
4167706,22-01-2024,social,mobile,India
4820657,10-04-2024,ads,mobile,Australia
3731936,26-01-2024,organic,mobile,USA
2571203,23-04-2024,organic,mobile,Canada
2972112,07-02-2024,ads,mobile,UK
2242486,02-02-2024,organic,desktop,India
3721829,11-02-2024,organic,mobile,USA
2752774,22-02-2024,ads,mobile,India
2101843,01-01-2024,organic,mobile,Germany
1535059,01-01-2024,referral,desktop,India
4461664,27-01-2024,organic,desktop,India
3576950,05-02-2024,email,mobile,India
1988690,04-02-2024,ads,desktop,UK
2353269,28-01-2024,organic,mobile,USA
3437409,16-02-2024,ads,mobile,India
3115868,17-02-2024,referral,mobile,India
4185343,15-02-2024,ads,tablet,Canada
3742616,22-04-2024,organic,mobile,India
1909688,03-01-2024,email,mobile,India
2514054,06-01-2024,organic,desktop,USA
1176821,08-03-2024,ads,mobile,USA
3605995,13-06-2024,organic,desktop,India
4056254,08-05-2024,organic,mobile,India
3639576,15-04-2024,organic,mobile,India
4084725,25-02-2024,organic,desktop,Australia
2711603,25-01-2024,organic,desktop,Germany
2717420,10-01-2024,ads,mobile,India
3240989,01-03-2024,ads,mobile,India
3837053,24-05-2024,organic,desktop,India
1201585,03-01-2024,ads,mobile,India
4734220,20-02-2024,ads,tablet,India
3607000,26-02-2024,email,desktop,USA
1940776,22-03-2024,ads,tablet,India
2295964,23-02-2024,organic,mobile,Australia
1463270,04-05-2024,ads,tablet,India
1608485,31-01-2024,ads,desktop,India
1124002,07-01-2024,referral,desktop,USA
4051195,03-01-2024,organic,mobile,India
2036565,28-04-2024,organic,mobile,India
1557693,04-02-2024,ads,desktop,India
4705396,04-02-2024,ads,mobile,India
3256186,09-03-2024,ads,mobile,India
4661755,24-04-2024,organic,mobile,India
3789284,26-02-2024,organic,mobile,India
1542749,01-03-2024,referral,desktop,India
4101883,01-01-2024,organic,mobile,USA
4117952,09-02-2024,organic,mobile,India
3093044,23-01-2024,organic,mobile,India
3176429,07-03-2024,organic,desktop,India
1545735,06-03-2024,referral,mobile,Canada
2007478,28-02-2024,organic,mobile,India
1686541,24-01-2024,organic,mobile,India
1349785,05-01-2024,email,desktop,UK
3099171,16-02-2024,organic,desktop,India
4901851,22-04-2024,referral,mobile,India
3030107,30-03-2024,referral,mobile,India
3842946,15-01-2024,organic,mobile,UK
2059202,11-01-2024,organic,desktop,India
1005831,06-02-2024,ads,mobile,Australia
3333423,04-01-2024,organic,tablet,USA
2097880,17-04-2024,ads,mobile,UK
1249701,09-01-2024,organic,mobile,USA
3429890,04-01-2024,organic,mobile,India
1268624,02-05-2024,ads,mobile,USA
4073999,10-01-2024,email,desktop,India
1829585,01-02-2024,email,mobile,Australia
1987707,19-01-2024,organic,desktop,India
1771267,12-01-2024,referral,mobile,India
2102089,25-01-2024,ads,mobile,India
1225431,26-02-2024,referral,desktop,USA
4261212,19-01-2024,organic,desktop,India
2141313,01-01-2024,referral,mobile,UK
3211193,19-01-2024,organic,tablet,India
2668443,16-01-2024,organic,mobile,India
4805204,20-03-2024,ads,desktop,India
3095127,29-02-2024,organic,mobile,USA
4421384,20-03-2024,organic,mobile,UK
2286649,06-02-2024,ads,tablet,India
1988111,27-01-2024,organic,mobile,India
3799289,06-02-2024,referral,mobile,India
1245367,06-01-2024,organic,mobile,USA
2392167,25-02-2024,organic,mobile,India
3058336,10-01-2024,ads,mobile,USA
4461250,05-01-2024,organic,mobile,Australia
3603870,22-04-2024,organic,mobile,India
1566417,05-01-2024,ads,mobile,India
2761734,22-03-2024,organic,desktop,Australia
2492946,25-01-2024,email,tablet,UK
3498337,13-03-2024,organic,desktop,USA
1114911,04-03-2024,organic,mobile,Australia
3253635,08-01-2024,ads,mobile,Germany
3565201,23-02-2024,ads,desktop,India
1222158,01-01-2024,ads,desktop,India
3646254,13-04-2024,ads,mobile,Germany
1066874,22-01-2024,organic,tablet,USA
3416790,24-01-2024,ads,mobile,India
4219465,02-01-2024,ads,mobile,India
4750748,22-01-2024,organic,mobile,India
2323027,12-01-2024,email,mobile,USA
3113142,14-01-2024,organic,mobile,India
3555886,14-01-2024,organic,mobile,Canada
1650148,01-01-2024,email,mobile,Canada
2155469,27-01-2024,ads,mobile,India
3393692,07-02-2024,organic,mobile,USA
1521857,02-04-2024,organic,mobile,USA
2292473,06-01-2024,organic,desktop,UK
4359753,18-03-2024,organic,mobile,India
2228537,08-01-2024,email,mobile,Canada
1100970,05-02-2024,organic,mobile,India
2509927,27-03-2024,organic,desktop,USA
3332369,01-02-2024,organic,mobile,India
1929012,04-04-2024,email,mobile,Australia
3043468,13-02-2024,organic,desktop,India
2892019,14-01-2024,social,mobile,USA
3398037,13-02-2024,ads,mobile,India
1888962,09-06-2024,organic,mobile,UK
1291986,14-01-2024,email,mobile,India
4274897,07-06-2024,organic,desktop,India
2795073,05-02-2024,ads,mobile,India
4375196,11-03-2024,organic,mobile,UK
2228691,10-01-2024,organic,tablet,India
1029863,25-05-2024,ads,mobile,India
4374601,17-01-2024,ads,mobile,India
1579382,18-02-2024,organic,mobile,India
3860259,04-03-2024,organic,mobile,Canada
2258930,09-04-2024,ads,desktop,India
3708565,16-02-2024,organic,desktop,Canada
3245897,09-01-2024,referral,mobile,Australia
1268594,24-02-2024,ads,mobile,USA
4434312,20-01-2024,organic,desktop,India
2863770,17-03-2024,email,mobile,Canada
1162307,01-02-2024,email,mobile,India
1738269,28-01-2024,organic,mobile,Canada
2342091,31-01-2024,email,desktop,UK
3160819,06-02-2024,organic,mobile,USA
4308286,12-01-2024,ads,mobile,USA
4506902,12-04-2024,ads,mobile,India
4063253,26-01-2024,organic,mobile,India
2289044,03-03-2024,ads,mobile,India
1893704,23-02-2024,email,tablet,Australia
1370338,08-01-2024,ads,mobile,India
1372345,12-03-2024,organic,mobile,India
3998758,04-01-2024,organic,desktop,USA
1232533,16-01-2024,email,mobile,India
4780070,15-03-2024,organic,mobile,USA
1619874,04-02-2024,organic,mobile,India
2404502,04-01-2024,ads,mobile,India
2495818,23-01-2024,organic,mobile,UK
4816831,01-02-2024,organic,tablet,UK
1115931,04-02-2024,ads,mobile,India
2054478,25-01-2024,referral,desktop,UK
4470842,01-02-2024,organic,mobile,Canada
4985837,04-04-2024,organic,tablet,USA
2835941,15-05-2024,ads,desktop,Canada
1043589,15-06-2024,ads,mobile,USA
2773657,13-01-2024,ads,mobile,India
3078933,26-03-2024,organic,mobile,India
3383508,22-01-2024,organic,desktop,India
1040249,13-02-2024,ads,mobile,India
2685814,17-01-2024,organic,mobile,India
4023503,13-01-2024,referral,mobile,India
1453242,16-01-2024,organic,mobile,UK
2946779,03-02-2024,organic,mobile,India
4597984,15-01-2024,email,mobile,USA
4728936,12-02-2024,organic,desktop,UK
4305083,15-03-2024,organic,mobile,UK
2366054,05-02-2024,ads,tablet,Germany
4595024,30-06-2024,social,desktop,India
3941098,16-07-2024,ads,mobile,USA
2500043,27-01-2024,email,mobile,India
4247333,18-01-2024,organic,mobile,India
2415486,11-06-2024,organic,desktop,India
1881303,27-03-2024,email,desktop,Germany
1401733,13-02-2024,referral,mobile,USA
4282094,13-01-2024,organic,mobile,UK
3694985,05-04-2024,organic,mobile,India
2514497,11-01-2024,ads,mobile,Germany
3083645,04-03-2024,organic,mobile,USA
3994778,03-06-2024,ads,mobile,UK
3258299,12-02-2024,ads,mobile,India
2255093,10-01-2024,ads,desktop,USA
4896575,01-01-2024,referral,desktop,Australia
3695868,28-03-2024,organic,mobile,Germany
1443113,01-02-2024,organic,mobile,Canada
2695802,06-01-2024,ads,mobile,Canada
1314553,16-01-2024,ads,mobile,India
4395811,31-03-2024,social,mobile,USA
2397988,16-02-2024,ads,mobile,India
4791900,04-03-2024,organic,mobile,USA
1186594,20-03-2024,organic,tablet,UK
4434214,25-01-2024,ads,desktop,India
2747599,12-02-2024,organic,mobile,India
2432323,23-01-2024,organic,mobile,India
2768520,23-01-2024,ads,mobile,India
3971102,08-02-2024,ads,mobile,India
1385545,19-02-2024,ads,mobile,Germany
2298106,29-03-2024,organic,desktop,India
3004651,06-09-2024,social,desktop,Germany
1085165,05-02-2024,ads,mobile,Germany
4872543,21-03-2024,organic,desktop,USA
2459688,27-05-2024,organic,mobile,India
4623178,23-01-2024,ads,mobile,UK
1686007,18-04-2024,organic,tablet,Germany
1888837,16-01-2024,organic,desktop,India
2429458,12-02-2024,organic,mobile,India
3437411,16-01-2024,ads,mobile,India
2007275,31-03-2024,organic,mobile,USA
2395820,05-01-2024,referral,desktop,India
3727073,03-03-2024,ads,tablet,UK
2165646,25-02-2024,ads,mobile,USA
2010755,18-02-2024,organic,mobile,India
3305434,07-02-2024,ads,mobile,Germany
1258031,18-01-2024,organic,mobile,India
2443448,04-04-2024,referral,mobile,UK
4793811,27-01-2024,organic,mobile,USA
3320264,21-04-2024,ads,mobile,India
4759201,04-05-2024,organic,mobile,India
3047080,25-01-2024,email,mobile,USA
3376968,17-01-2024,ads,mobile,USA
3253041,03-01-2024,ads,mobile,UK
1768550,12-02-2024,ads,mobile,USA
1734048,20-04-2024,referral,tablet,India
2219701,17-01-2024,organic,desktop,India
3572567,29-01-2024,organic,mobile,USA
4292860,13-01-2024,organic,desktop,India
1597526,02-02-2024,referral,mobile,India
4174310,03-01-2024,email,mobile,Germany
4072449,23-02-2024,referral,desktop,India
4129933,06-01-2024,organic,mobile,Germany
2835466,24-03-2024,organic,tablet,India
3682316,02-01-2024,organic,tablet,India
1062662,12-03-2024,organic,desktop,India
1971741,13-02-2024,organic,desktop,Australia
3910951,30-03-2024,ads,tablet,India
2750282,25-02-2024,ads,desktop,India
2179301,29-04-2024,ads,desktop,India
2616494,04-02-2024,organic,mobile,India
4601340,19-01-2024,organic,mobile,USA
3379384,18-04-2024,email,desktop,UK
4868390,29-02-2024,referral,mobile,India
3950971,14-02-2024,organic,mobile,India
4382118,28-07-2024,organic,mobile,Canada
2434950,24-01-2024,organic,tablet,India
2257494,22-03-2024,email,tablet,India
3385331,31-03-2024,organic,desktop,USA
1324581,16-02-2024,organic,desktop,India
2455594,09-01-2024,organic,mobile,India
4848287,26-01-2024,ads,tablet,USA
1253219,28-01-2024,organic,mobile,India
2684589,06-01-2024,organic,mobile,USA
2275111,09-02-2024,email,mobile,India
1084634,26-02-2024,ads,mobile,India
3304997,19-05-2024,organic,mobile,India
2538006,19-02-2024,organic,mobile,India
4886852,12-03-2024,referral,desktop,India
4048476,12-02-2024,ads,mobile,Germany
2804629,17-01-2024,organic,mobile,USA
4778484,06-01-2024,ads,desktop,UK
1373785,01-07-2024,ads,mobile,India
4232513,14-07-2024,organic,mobile,Canada
4206377,12-01-2024,ads,mobile,India
2896099,08-06-2024,social,desktop,USA
2568601,09-02-2024,ads,desktop,USA
1347237,02-01-2024,organic,desktop,India
1109555,15-02-2024,ads,mobile,India
2129955,11-02-2024,organic,desktop,India
3329406,25-03-2024,organic,mobile,India
3387402,31-01-2024,ads,mobile,USA
3250066,12-01-2024,ads,mobile,India
1850652,28-01-2024,social,mobile,USA
4180094,17-01-2024,ads,desktop,India
2036340,01-01-2024,organic,mobile,Canada
2835438,23-01-2024,ads,desktop,India
4940751,22-02-2024,referral,desktop,UK
2556817,14-03-2024,email,mobile,USA
4300002,10-03-2024,organic,mobile,India
1288114,10-01-2024,organic,mobile,India
2063066,05-01-2024,ads,desktop,India
3552317,27-01-2024,organic,mobile,Canada
2878132,08-02-2024,organic,tablet,UK
4399688,17-03-2024,ads,desktop,India
1026749,25-02-2024,referral,mobile,Germany
2685262,01-02-2024,ads,mobile,India
1510694,23-01-2024,ads,mobile,UK
2187847,27-04-2024,organic,desktop,Canada
3147098,03-01-2024,ads,mobile,UK
4570776,16-03-2024,ads,mobile,USA
4806113,27-02-2024,organic,mobile,USA
1269775,15-01-2024,organic,mobile,UK
3425405,11-02-2024,ads,mobile,India
3123608,06-02-2024,organic,tablet,India
2694097,12-02-2024,organic,mobile,UK
4800224,02-04-2024,organic,mobile,India
1729581,10-03-2024,organic,mobile,India
2670757,21-01-2024,organic,mobile,USA
3201557,29-02-2024,referral,tablet,UK
3156859,23-02-2024,organic,mobile,USA
1295973,31-01-2024,email,mobile,UK
2887047,08-01-2024,organic,mobile,India
2925762,10-02-2024,ads,mobile,Canada
2318071,06-02-2024,referral,mobile,India
2682329,05-03-2024,referral,desktop,Canada
3834731,15-02-2024,organic,mobile,USA
1104657,25-03-2024,organic,mobile,India
4828886,23-02-2024,ads,desktop,Germany
4554239,03-02-2024,organic,desktop,UK
3671686,21-01-2024,ads,mobile,USA
4439789,27-01-2024,organic,desktop,India
2675331,18-04-2024,ads,desktop,USA
1562779,06-01-2024,social,desktop,UK
1024302,30-01-2024,organic,desktop,India
4890646,09-01-2024,referral,mobile,India
4816559,29-02-2024,organic,mobile,Germany
4234960,03-04-2024,organic,mobile,Germany
3178851,24-02-2024,ads,mobile,UK
1988764,08-01-2024,ads,tablet,India
1127214,17-04-2024,ads,mobile,Germany
3211559,06-01-2024,ads,mobile,India
1919520,20-03-2024,email,mobile,India
1359315,23-01-2024,organic,mobile,India
3397713,05-01-2024,organic,desktop,UK
1112084,02-01-2024,organic,mobile,Canada
2020361,16-01-2024,organic,mobile,India
3341548,14-02-2024,organic,mobile,India
4606585,18-02-2024,ads,mobile,USA
2921985,09-04-2024,referral,desktop,India
2199795,04-02-2024,ads,mobile,India
1488728,18-01-2024,organic,desktop,India
1540470,08-05-2024,ads,mobile,Canada
4815126,01-01-2024,organic,mobile,Germany
2444473,04-02-2024,ads,mobile,UK
1424907,02-02-2024,referral,mobile,USA
2030411,24-02-2024,ads,mobile,India
3933382,23-03-2024,organic,mobile,Germany
2210823,18-01-2024,organic,mobile,USA
2719329,06-01-2024,organic,desktop,Canada
3967960,20-04-2024,ads,mobile,India
4657493,21-02-2024,organic,mobile,Germany
1073789,03-01-2024,email,mobile,UK
2091246,31-03-2024,ads,mobile,Canada
1543261,04-01-2024,organic,mobile,India
3488981,17-01-2024,ads,mobile,India
3919113,15-01-2024,organic,desktop,USA
3980457,12-01-2024,ads,desktop,USA
4807155,03-02-2024,organic,mobile,Australia
1822209,26-07-2024,organic,desktop,India
1224083,05-04-2024,ads,mobile,USA
3189603,14-02-2024,organic,mobile,India
2075288,03-02-2024,organic,mobile,USA
4653763,18-01-2024,ads,tablet,India
1150802,15-02-2024,organic,mobile,UK
2190246,05-01-2024,ads,mobile,India
4987748,18-01-2024,organic,mobile,Australia
4680929,05-01-2024,social,mobile,India
3239639,11-01-2024,ads,mobile,USA
1801948,01-01-2024,organic,desktop,Germany
2903435,08-02-2024,ads,mobile,India
2677445,11-05-2024,organic,mobile,Australia
1504717,06-03-2024,ads,desktop,India
4721217,05-01-2024,ads,mobile,USA
1541450,19-01-2024,ads,mobile,Canada
1169219,03-03-2024,organic,mobile,Canada
3928733,14-03-2024,organic,mobile,Canada
4816235,12-01-2024,ads,mobile,India
1763585,16-03-2024,referral,mobile,India
3658319,05-02-2024,email,mobile,Germany
4826459,18-01-2024,organic,desktop,Canada
2029636,06-03-2024,email,mobile,India
2067825,13-01-2024,ads,desktop,India
1219597,30-07-2024,ads,desktop,India
4178068,04-07-2024,organic,mobile,India
1753393,26-01-2024,email,desktop,India
3625721,08-01-2024,ads,desktop,USA
3763158,05-02-2024,organic,mobile,India
1564835,13-01-2024,ads,desktop,India
4541469,15-02-2024,ads,desktop,India
3703676,25-02-2024,organic,tablet,India
2835272,27-03-2024,referral,mobile,USA
1135762,15-01-2024,organic,mobile,Canada
4353364,07-03-2024,referral,mobile,UK
1712897,04-01-2024,ads,mobile,UK
3024923,04-02-2024,organic,desktop,India
2775281,25-04-2024,ads,mobile,India
3523152,09-01-2024,organic,desktop,USA
4683925,01-02-2024,organic,mobile,UK
1498305,16-03-2024,ads,mobile,India
4878715,13-04-2024,email,mobile,India
1445237,22-05-2024,email,mobile,India
1143794,19-02-2024,ads,desktop,USA
3747692,24-02-2024,organic,mobile,USA
4414182,20-01-2024,organic,mobile,India
3276792,16-06-2024,organic,mobile,USA
2777046,14-06-2024,organic,tablet,Germany
4690844,23-03-2024,referral,mobile,USA
3615206,01-03-2024,organic,tablet,Canada
1217230,13-02-2024,organic,desktop,USA
4371249,04-03-2024,organic,mobile,Canada
3948572,02-01-2024,organic,desktop,India
4515473,26-01-2024,social,mobile,USA
1408361,19-05-2024,organic,desktop,USA
3391425,04-03-2024,email,mobile,UK
4804270,23-02-2024,email,desktop,India
2317552,27-06-2024,ads,mobile,USA
2472990,01-04-2024,ads,mobile,USA
1614401,05-01-2024,organic,desktop,Germany
1968259,04-01-2024,ads,mobile,India
1714784,01-05-2024,organic,mobile,Australia
4316646,03-02-2024,social,mobile,UK
2568444,19-01-2024,organic,desktop,India
4260305,17-01-2024,organic,mobile,Australia
4459257,08-01-2024,ads,mobile,India
4699143,21-02-2024,organic,mobile,India
2646668,01-02-2024,email,mobile,India
3326448,11-02-2024,ads,mobile,Germany
4508566,02-03-2024,organic,desktop,India
1737580,08-01-2024,organic,mobile,Germany
4841502,20-02-2024,referral,desktop,Germany
2076769,28-01-2024,referral,desktop,Canada
3311133,17-03-2024,ads,desktop,India
4069470,05-01-2024,organic,mobile,UK
2236937,03-03-2024,organic,mobile,India
3374808,19-06-2024,referral,mobile,USA
1946436,12-11-2024,ads,desktop,India
3994426,13-01-2024,social,mobile,India
1052315,19-01-2024,ads,tablet,USA
2721811,30-03-2024,organic,mobile,UK
2858291,15-01-2024,organic,mobile,Canada
3891842,04-01-2024,ads,mobile,USA
1980265,28-04-2024,email,mobile,Germany
3354421,03-01-2024,referral,mobile,India
3062986,19-01-2024,ads,tablet,India
3725209,13-02-2024,email,mobile,India
1096310,03-03-2024,organic,mobile,India
3478141,15-01-2024,organic,tablet,Australia
1304572,07-02-2024,referral,mobile,Australia
4552372,25-05-2024,ads,mobile,India
3448228,12-01-2024,ads,mobile,Australia
2129683,25-02-2024,ads,mobile,India
2692403,09-02-2024,organic,tablet,India
4295171,26-01-2024,ads,mobile,India
1843851,13-06-2024,organic,mobile,Australia
4668837,09-01-2024,organic,mobile,India
3807037,12-05-2024,organic,mobile,USA
3274660,02-08-2024,referral,desktop,India
1223440,27-03-2024,ads,mobile,Australia
1848402,28-02-2024,organic,mobile,USA
2358656,06-01-2024,social,mobile,India
1715565,22-01-2024,ads,mobile,India
4903965,02-03-2024,organic,desktop,India
4472303,04-02-2024,organic,mobile,India
1040696,30-04-2024,ads,mobile,India
2899416,04-01-2024,ads,desktop,USA
2550740,29-04-2024,referral,mobile,India
2818742,26-02-2024,organic,desktop,USA
1582406,19-03-2024,ads,mobile,India
3345691,03-01-2024,referral,desktop,India
2294471,03-01-2024,organic,mobile,India
2247843,14-03-2024,organic,desktop,India
2913476,24-04-2024,organic,desktop,Australia
3701600,20-03-2024,email,mobile,USA
3392455,04-01-2024,email,mobile,USA
1967104,25-04-2024,email,desktop,India
2737518,03-03-2024,organic,desktop,USA
1622221,20-01-2024,referral,mobile,Germany
4463627,30-01-2024,email,tablet,UK
2158075,07-02-2024,ads,mobile,USA
1633202,04-01-2024,organic,mobile,India
3158062,23-01-2024,organic,mobile,Canada
2634411,16-03-2024,email,desktop,USA
1431718,22-03-2024,referral,mobile,USA
2512667,01-02-2024,organic,desktop,USA
3822621,04-02-2024,email,mobile,USA
4105586,20-04-2024,organic,mobile,India
2873306,11-02-2024,organic,desktop,India
3976212,03-01-2024,ads,desktop,India
2011384,24-01-2024,ads,tablet,India
1650482,20-01-2024,ads,mobile,Australia
3097065,15-02-2024,ads,mobile,Germany
4404577,09-01-2024,organic,mobile,Germany
2163378,11-04-2024,organic,desktop,India
2398278,02-01-2024,ads,mobile,Australia
2264978,09-01-2024,social,mobile,UK
1082907,22-02-2024,ads,mobile,India
2919902,13-01-2024,ads,mobile,India
3827720,21-01-2024,organic,desktop,India
4539536,12-02-2024,referral,desktop,USA
2734417,26-02-2024,ads,desktop,India
4535494,26-02-2024,referral,desktop,UK
1351311,30-01-2024,organic,mobile,India
3936718,13-02-2024,organic,mobile,UK
4139073,14-01-2024,ads,desktop,India
3712839,25-01-2024,organic,mobile,USA
2761931,24-01-2024,ads,mobile,India
1855662,22-01-2024,organic,mobile,India
4438958,14-01-2024,organic,mobile,USA
4124469,29-08-2024,ads,mobile,India
1699286,08-01-2024,ads,mobile,UK
2553571,28-01-2024,ads,mobile,India
3815032,03-01-2024,ads,mobile,USA
1958480,13-01-2024,ads,mobile,India
3705801,03-01-2024,referral,mobile,India
2789928,06-01-2024,referral,tablet,India
3973576,24-03-2024,ads,mobile,India
1981211,16-01-2024,organic,mobile,USA
1793572,06-04-2024,organic,mobile,India
1204475,15-03-2024,organic,desktop,Germany
1236305,01-02-2024,referral,mobile,Canada
3241431,25-02-2024,organic,mobile,Australia
3436321,04-05-2024,organic,desktop,India
2772198,08-05-2024,organic,mobile,India
1003874,15-01-2024,social,mobile,Australia
1599195,21-01-2024,organic,tablet,India
4493204,16-01-2024,referral,mobile,India
4011434,22-02-2024,organic,mobile,UK
3779712,14-03-2024,organic,mobile,India
2860919,12-01-2024,ads,desktop,Australia
3287162,22-01-2024,organic,desktop,USA
3819035,01-01-2024,referral,desktop,India
4342868,25-02-2024,ads,mobile,India
1875970,02-02-2024,referral,desktop,USA
2868384,17-02-2024,organic,mobile,India
3355201,02-02-2024,organic,desktop,UK
4451981,26-01-2024,ads,desktop,USA
3095183,14-01-2024,organic,mobile,Canada
4719847,05-01-2024,referral,mobile,India
4350768,04-02-2024,ads,tablet,India
2911821,12-02-2024,ads,mobile,USA
3227386,10-01-2024,email,mobile,India
1482851,14-02-2024,social,desktop,Germany
4430993,08-01-2024,ads,mobile,Germany
3869739,06-01-2024,referral,mobile,India
3045959,15-01-2024,organic,mobile,India
3144053,31-01-2024,organic,mobile,India
2503259,03-04-2024,organic,desktop,USA
4162868,03-01-2024,social,desktop,India
4770339,16-03-2024,organic,mobile,USA
4045747,04-01-2024,organic,desktop,Canada
3417271,29-02-2024,referral,mobile,USA
4198781,08-03-2024,organic,desktop,India
1689235,15-02-2024,organic,desktop,India
2221857,02-01-2024,organic,desktop,India
1375099,20-02-2024,organic,mobile,USA
4059523,04-01-2024,organic,desktop,India
2490798,16-02-2024,social,desktop,India
3978200,11-02-2024,ads,mobile,India
3173789,09-03-2024,organic,mobile,Australia
3751133,03-04-2024,ads,mobile,USA
4042021,03-02-2024,organic,mobile,India
3156697,13-07-2024,social,desktop,UK
4249659,08-01-2024,referral,mobile,USA
1414270,30-01-2024,email,mobile,Canada
1040356,01-01-2024,ads,mobile,UK
1121203,14-01-2024,organic,desktop,India
1264821,25-02-2024,referral,mobile,USA
3041642,07-01-2024,social,mobile,India
3006481,18-02-2024,ads,mobile,Australia
1326703,11-01-2024,email,desktop,USA
4827209,02-02-2024,ads,desktop,USA
4747062,17-01-2024,ads,desktop,India
4021279,10-01-2024,organic,desktop,India
1463879,26-04-2024,organic,mobile,India
3239486,16-01-2024,organic,desktop,India
2068349,07-02-2024,email,desktop,UK
1901768,04-01-2024,email,desktop,India
3118910,29-06-2024,organic,mobile,Canada
1941266,12-02-2024,ads,tablet,Australia
2054234,08-01-2024,ads,mobile,Canada
3868702,21-05-2024,ads,tablet,India
3892911,06-01-2024,email,mobile,Canada
2749673,29-01-2024,ads,mobile,USA
1323418,08-01-2024,email,mobile,India
2372858,02-04-2024,organic,mobile,India
1496023,24-03-2024,organic,tablet,India
3583984,23-01-2024,social,mobile,India
1111752,16-02-2024,organic,mobile,India
3117789,28-05-2024,organic,mobile,India
2724051,10-02-2024,email,mobile,USA
3903210,12-01-2024,organic,mobile,India
1469404,19-01-2024,email,mobile,India
1353068,16-02-2024,email,mobile,India
1663145,13-01-2024,organic,mobile,USA
2209347,30-01-2024,organic,desktop,India
2121102,05-01-2024,organic,desktop,UK
3847015,06-02-2024,ads,mobile,India
4210851,24-02-2024,referral,mobile,USA
3247835,18-01-2024,organic,desktop,India
2225519,04-02-2024,organic,desktop,India
2002476,12-02-2024,organic,mobile,UK
2893049,01-02-2024,referral,mobile,Australia
2609777,12-01-2024,organic,mobile,Australia
3015917,19-03-2024,ads,mobile,USA
2844438,08-01-2024,organic,desktop,USA
4773661,01-01-2024,organic,desktop,USA
4035684,21-01-2024,email,mobile,India
3828970,03-01-2024,organic,mobile,Australia
1053122,20-01-2024,organic,desktop,Germany
4900784,16-01-2024,organic,mobile,India
4861909,02-03-2024,referral,desktop,India
2645734,12-01-2024,ads,mobile,USA
3125910,09-01-2024,organic,mobile,UK
3674406,05-02-2024,organic,desktop,UK
2146961,10-02-2024,ads,mobile,UK
1484231,03-01-2024,organic,tablet,Germany
3713097,03-02-2024,organic,mobile,Germany
1635981,27-05-2024,ads,mobile,Australia
1556204,09-01-2024,ads,desktop,India
1092609,18-02-2024,email,desktop,India
1063851,14-01-2024,referral,mobile,USA
4700137,22-01-2024,organic,mobile,USA
1473961,20-02-2024,ads,mobile,Canada
4286241,02-02-2024,organic,mobile,India
3328548,06-01-2024,organic,mobile,USA
4061542,29-02-2024,organic,desktop,USA
4873647,19-01-2024,organic,desktop,UK
4647548,04-06-2024,organic,tablet,USA
4216646,13-04-2024,referral,desktop,Germany
3757352,21-03-2024,organic,desktop,India
4708218,09-01-2024,organic,mobile,USA
2132641,27-01-2024,organic,desktop,India
3997756,27-02-2024,organic,mobile,India
1937408,06-01-2024,organic,desktop,UK
3058207,05-05-2024,ads,mobile,India
2335251,08-02-2024,ads,desktop,India
4606900,12-01-2024,organic,mobile,India
4372229,17-01-2024,ads,mobile,India
1794345,16-01-2024,organic,desktop,India
2870228,04-01-2024,organic,mobile,India
1167425,28-01-2024,email,mobile,India
2268375,03-01-2024,organic,desktop,UK
1542768,23-01-2024,organic,desktop,Australia
4582255,07-01-2024,ads,tablet,Canada
3847894,18-03-2024,ads,mobile,Germany
1501835,14-01-2024,email,mobile,Germany
2436784,29-02-2024,ads,tablet,India
2935289,28-02-2024,organic,desktop,India
4315625,03-04-2024,organic,tablet,UK
3513217,04-07-2024,ads,mobile,Australia
3566479,10-01-2024,email,mobile,India
1919045,04-01-2024,ads,mobile,India
2059177,04-01-2024,organic,mobile,India
1707419,01-01-2024,organic,mobile,India
2331101,06-05-2024,organic,mobile,USA
4008305,28-01-2024,organic,mobile,UK
4491866,04-02-2024,ads,desktop,UK
2171883,05-02-2024,organic,desktop,India
3323078,24-01-2024,organic,desktop,India
1845295,17-01-2024,organic,desktop,UK
1097563,02-01-2024,ads,tablet,India
4353018,12-01-2024,organic,mobile,Canada
4218801,17-01-2024,organic,mobile,USA
1699597,01-01-2024,ads,mobile,Germany
2922857,30-04-2024,organic,mobile,India
1902465,26-01-2024,organic,tablet,India
4061368,12-05-2024,ads,desktop,USA
3645584,24-01-2024,ads,desktop,India
1546393,06-01-2024,organic,mobile,India
1698660,02-04-2024,organic,mobile,Australia
4788454,22-01-2024,referral,mobile,India
1157764,06-02-2024,ads,mobile,India
1089132,09-01-2024,ads,desktop,USA
1157034,01-01-2024,organic,mobile,India
2642200,16-03-2024,ads,mobile,Australia
3387670,20-06-2024,referral,mobile,India
3686907,13-01-2024,ads,mobile,India
4624128,24-01-2024,organic,tablet,USA
4861580,17-02-2024,ads,mobile,India
2138842,12-01-2024,organic,mobile,USA
1392966,07-04-2024,ads,mobile,USA
4849996,21-01-2024,social,desktop,UK
1766078,01-01-2024,organic,desktop,India
3689508,07-02-2024,organic,desktop,USA
4577559,22-02-2024,organic,desktop,India
4101894,12-06-2024,organic,mobile,India
2447417,21-01-2024,organic,mobile,UK
2385695,08-01-2024,email,mobile,India
1588786,21-03-2024,social,tablet,India
4604455,22-01-2024,organic,mobile,India
1891108,03-01-2024,ads,mobile,India
1343386,02-01-2024,organic,desktop,India
4469496,20-02-2024,referral,mobile,Germany
4374358,09-03-2024,organic,mobile,UK
4332908,15-03-2024,ads,mobile,India
2669329,09-02-2024,ads,mobile,India
3194823,04-01-2024,organic,mobile,India
3738542,01-01-2024,organic,desktop,India
3989450,07-03-2024,ads,mobile,USA
3532511,02-02-2024,organic,mobile,UK
2131663,22-01-2024,email,mobile,USA
2652719,28-02-2024,email,mobile,USA
4293937,07-02-2024,ads,mobile,India
3065401,24-02-2024,organic,mobile,India
1866115,25-03-2024,organic,mobile,India
2620735,15-03-2024,organic,mobile,USA
1846103,06-01-2024,email,mobile,India
4210281,15-01-2024,organic,mobile,India
4077566,15-06-2024,ads,tablet,India
2549202,03-02-2024,referral,mobile,USA
3626482,02-03-2024,ads,mobile,UK
4902585,20-02-2024,organic,mobile,India
2672477,20-01-2024,organic,mobile,India
2023277,30-05-2024,organic,desktop,Canada
2727994,12-01-2024,organic,mobile,India
3223823,07-02-2024,email,desktop,USA
2127361,04-01-2024,ads,mobile,India
2325059,11-01-2024,organic,mobile,Australia
1993382,05-01-2024,email,mobile,USA
1033394,27-07-2024,organic,desktop,India
4802860,11-02-2024,referral,desktop,USA
3311496,02-01-2024,ads,desktop,India
3817824,10-02-2024,organic,mobile,Canada
1111985,15-03-2024,ads,desktop,USA
4378182,03-06-2024,ads,mobile,India
2755613,24-02-2024,organic,desktop,UK
2911056,11-01-2024,ads,mobile,UK
2589948,30-01-2024,ads,desktop,India
1574561,14-01-2024,organic,mobile,Germany
4239306,14-02-2024,social,mobile,India
2013851,18-02-2024,organic,desktop,India
3082031,01-01-2024,ads,desktop,UK
2358732,14-01-2024,referral,mobile,India
3094935,19-03-2024,referral,desktop,India
3912380,01-02-2024,ads,mobile,USA
2963327,30-01-2024,email,mobile,Canada
2308282,05-01-2024,ads,desktop,UK
1995006,14-01-2024,ads,mobile,USA
1686783,11-02-2024,ads,desktop,India
4475096,25-05-2024,organic,mobile,India
2221775,04-01-2024,ads,mobile,Canada
4196575,17-01-2024,referral,mobile,India
2418265,21-05-2024,ads,mobile,USA
3898606,10-01-2024,organic,tablet,India
2959005,20-01-2024,organic,mobile,Australia
1366472,15-02-2024,referral,desktop,India
4249413,17-03-2024,referral,mobile,Canada
4587280,19-01-2024,organic,desktop,India
1323924,14-02-2024,organic,mobile,India
1597258,20-03-2024,email,mobile,India
3554302,21-01-2024,organic,mobile,India
3053207,01-02-2024,organic,tablet,USA
4757152,01-05-2024,organic,desktop,Canada
4859334,04-01-2024,organic,desktop,Canada
3952447,26-01-2024,referral,mobile,Germany
3010763,08-03-2024,ads,mobile,India
2253717,05-03-2024,organic,desktop,USA
3110755,31-03-2024,ads,mobile,India
4322051,02-04-2024,referral,desktop,India
1065352,03-03-2024,organic,tablet,UK
2321024,17-02-2024,organic,mobile,Canada
4840761,05-03-2024,ads,tablet,India
1679713,12-05-2024,referral,mobile,India
1670409,18-01-2024,organic,mobile,India
1528677,26-01-2024,organic,desktop,Australia
2341147,28-01-2024,organic,mobile,USA
3648377,11-01-2024,ads,mobile,USA
3962798,12-01-2024,organic,mobile,Canada
1513638,17-01-2024,email,mobile,India
1038375,03-01-2024,ads,desktop,Australia
3807546,13-01-2024,ads,mobile,India
1618634,14-01-2024,organic,tablet,Australia
2129177,02-01-2024,organic,mobile,India
4735515,07-04-2024,referral,mobile,India
2338801,21-01-2024,organic,desktop,India
4832762,12-03-2024,social,desktop,India
2093508,26-01-2024,ads,desktop,UK
1491303,15-01-2024,organic,desktop,India
3447744,04-02-2024,organic,mobile,India
4079237,17-01-2024,organic,desktop,India
1656901,05-02-2024,organic,mobile,Australia
3086905,23-04-2024,organic,mobile,India
4314188,09-03-2024,referral,desktop,India
2155575,04-01-2024,organic,desktop,Australia
3180300,22-01-2024,ads,mobile,India
3298290,20-01-2024,referral,desktop,Canada
4718245,05-04-2024,organic,tablet,Canada
2801383,03-02-2024,ads,desktop,India
3794267,14-06-2024,organic,mobile,Australia
3347092,10-06-2024,organic,mobile,UK
1546641,04-01-2024,referral,mobile,Canada
1642251,12-01-2024,ads,mobile,India
2824588,24-02-2024,referral,mobile,India
3871877,12-01-2024,ads,tablet,India
3534333,07-01-2024,referral,mobile,Canada
3756399,15-02-2024,organic,mobile,UK
4382870,21-02-2024,organic,desktop,Germany
4633887,28-01-2024,social,mobile,UK
3883956,05-01-2024,ads,mobile,India
1039977,29-02-2024,social,mobile,UK
4555648,09-01-2024,email,tablet,Australia
2411138,01-01-2024,ads,desktop,Germany
1910089,14-02-2024,ads,desktop,India
2811364,30-01-2024,ads,mobile,India
1189018,10-01-2024,organic,desktop,Australia
4049610,25-01-2024,referral,mobile,Germany
2562814,15-03-2024,ads,desktop,India
1930034,28-02-2024,social,mobile,USA
4962576,20-01-2024,organic,mobile,Canada
2006192,09-01-2024,ads,tablet,USA
2274060,20-01-2024,organic,mobile,UK
2486427,08-03-2024,organic,tablet,India
4059763,07-05-2024,organic,mobile,India
1577626,23-03-2024,organic,mobile,India
1656287,15-01-2024,organic,mobile,India
4374446,02-01-2024,referral,mobile,USA
4861208,20-04-2024,referral,mobile,Canada
4965905,27-02-2024,organic,desktop,UK
4962663,21-03-2024,organic,desktop,USA
1270366,27-04-2024,organic,mobile,India
1998513,16-01-2024,email,desktop,UK
1961798,19-02-2024,email,mobile,UK
1451652,12-06-2024,organic,mobile,USA
3572045,18-02-2024,referral,tablet,India
4185743,05-01-2024,email,mobile,India
2904070,30-01-2024,organic,desktop,USA
3343727,03-03-2024,ads,mobile,India
2882530,22-01-2024,referral,mobile,India
1500051,12-01-2024,ads,desktop,India
2081314,24-03-2024,ads,mobile,India
3937646,06-01-2024,referral,mobile,USA
1872259,08-02-2024,social,mobile,India
4879128,29-02-2024,ads,mobile,USA
4981008,14-03-2024,organic,mobile,UK
4781171,03-03-2024,organic,mobile,India
4561387,21-02-2024,referral,desktop,India
1421268,14-04-2024,organic,mobile,India
2041773,11-01-2024,organic,mobile,Canada
3621476,13-01-2024,ads,mobile,India
1016694,12-03-2024,ads,mobile,India
2461039,12-01-2024,organic,mobile,India
3101514,24-01-2024,organic,mobile,USA
2533311,26-01-2024,ads,desktop,Germany
3217639,25-01-2024,organic,mobile,Canada
2195072,11-02-2024,organic,mobile,India
4778947,30-01-2024,organic,mobile,USA
2289745,11-07-2024,referral,mobile,India
4741314,27-01-2024,organic,desktop,India
2328954,07-01-2024,email,mobile,India
2968807,30-06-2024,ads,desktop,Germany
1617707,29-03-2024,organic,desktop,USA
3831922,15-01-2024,organic,desktop,India
1642357,24-01-2024,referral,mobile,Canada
3729427,07-01-2024,organic,desktop,India
1971994,12-08-2024,organic,tablet,India
3430270,04-02-2024,organic,mobile,India
2978369,03-01-2024,referral,tablet,Germany
2271610,13-01-2024,organic,mobile,USA
1512320,14-03-2024,ads,desktop,India
2937956,25-01-2024,organic,desktop,India
3644382,11-01-2024,ads,tablet,USA
3371574,30-01-2024,organic,desktop,UK
4102721,18-01-2024,referral,mobile,USA
1700764,22-02-2024,ads,mobile,Germany
1308590,25-01-2024,social,desktop,USA
4114539,07-01-2024,ads,mobile,Germany
1185183,28-01-2024,organic,desktop,India
3122168,19-01-2024,ads,mobile,India
2075297,20-03-2024,referral,mobile,India
4156028,21-04-2024,ads,desktop,USA
2334312,30-01-2024,referral,desktop,USA
1698676,15-02-2024,organic,mobile,India
4294630,30-01-2024,organic,tablet,Australia
1860945,24-04-2024,ads,mobile,India
1021254,26-02-2024,ads,mobile,USA
1915783,17-02-2024,organic,mobile,UK
2205466,09-01-2024,ads,mobile,India
2364207,16-01-2024,organic,mobile,USA
3740750,13-03-2024,organic,desktop,Germany
1860764,09-01-2024,organic,mobile,India
4684524,26-03-2024,referral,mobile,Canada
3479573,04-01-2024,ads,mobile,India
2228522,02-02-2024,organic,mobile,USA
1579133,31-01-2024,referral,mobile,India
2003463,19-02-2024,organic,desktop,USA
1725046,05-02-2024,ads,desktop,USA
1777353,10-04-2024,email,mobile,India
2059567,03-01-2024,ads,mobile,India
3950103,19-02-2024,organic,desktop,India
3955069,14-05-2024,social,mobile,India
2245716,21-01-2024,ads,mobile,USA
2700193,26-01-2024,social,desktop,India
2033557,18-02-2024,ads,desktop,India
4938520,02-02-2024,ads,desktop,India
2458563,25-01-2024,organic,mobile,Germany
2083163,02-01-2024,organic,mobile,India
2775982,11-03-2024,ads,mobile,India
3621410,17-02-2024,organic,mobile,USA
1381750,22-02-2024,organic,mobile,India
1097874,13-02-2024,organic,desktop,UK
2881757,19-01-2024,organic,mobile,USA
1407856,11-02-2024,ads,mobile,USA
1286504,04-01-2024,organic,desktop,India
4212448,25-01-2024,organic,desktop,India
1713909,22-02-2024,organic,mobile,Canada
3895297,06-04-2024,organic,desktop,India
4310430,18-01-2024,email,desktop,India
2879535,01-01-2024,email,desktop,India
4102198,10-01-2024,ads,mobile,India
4918114,05-05-2024,organic,mobile,USA
4646952,12-01-2024,ads,mobile,Germany
4725318,19-04-2024,organic,mobile,USA
2831868,06-03-2024,ads,mobile,Germany
3964120,13-03-2024,email,mobile,India
3184908,17-08-2024,referral,desktop,India
3714560,18-01-2024,organic,mobile,India
2119158,31-05-2024,organic,desktop,India
1508337,03-01-2024,organic,mobile,India
2678369,09-02-2024,ads,mobile,India
1535549,23-01-2024,organic,desktop,Canada
4976452,26-03-2024,social,mobile,India
2915152,26-03-2024,ads,desktop,USA
4486491,10-01-2024,organic,desktop,India
4229385,24-01-2024,organic,mobile,Australia
2212109,12-03-2024,organic,mobile,Germany
2684444,05-01-2024,email,mobile,UK
2519381,14-01-2024,ads,desktop,India
4067483,02-02-2024,email,mobile,Australia
4332718,20-02-2024,organic,desktop,India
1576300,11-01-2024,ads,mobile,India
4426018,05-01-2024,ads,mobile,India
2970630,13-02-2024,organic,mobile,USA
4598050,07-01-2024,organic,mobile,India
2155902,05-01-2024,organic,tablet,India
2780252,05-01-2024,ads,mobile,India
2024867,08-01-2024,organic,mobile,India
3544674,01-02-2024,organic,desktop,India
2673164,01-02-2024,ads,mobile,UK
4680907,06-02-2024,ads,mobile,UK
4341744,20-01-2024,ads,mobile,Canada
4492107,08-02-2024,referral,desktop,UK
4300769,27-03-2024,social,mobile,UK
1425588,06-04-2024,email,mobile,USA
2842965,25-01-2024,ads,mobile,USA
3241183,22-02-2024,email,desktop,India
4399422,02-02-2024,organic,tablet,India
1701651,26-01-2024,organic,tablet,India
1256026,06-01-2024,ads,desktop,Germany
2208783,01-02-2024,organic,mobile,USA
4462465,15-03-2024,ads,mobile,India
2997820,08-03-2024,organic,mobile,India
3812178,29-02-2024,organic,mobile,Germany
3517029,15-01-2024,social,mobile,USA
1939297,14-01-2024,referral,desktop,India
1403106,29-02-2024,email,mobile,Germany
1725741,05-02-2024,ads,mobile,India
1854555,21-01-2024,organic,tablet,USA
1563919,08-03-2024,referral,desktop,India
3803383,25-04-2024,email,mobile,USA
4389424,16-02-2024,organic,mobile,USA
3095254,14-01-2024,organic,desktop,UK
3868383,06-02-2024,organic,mobile,Germany
2499930,03-04-2024,referral,mobile,USA
2116620,05-02-2024,social,mobile,UK
2765399,08-02-2024,ads,mobile,India
2041027,01-01-2024,referral,mobile,Australia
1292790,18-01-2024,organic,desktop,USA
4339549,12-02-2024,organic,mobile,USA
3779011,09-05-2024,ads,desktop,Germany
2948935,08-02-2024,organic,desktop,Germany
2234532,06-01-2024,organic,mobile,India
3398033,01-01-2024,email,mobile,India
2425755,10-01-2024,ads,desktop,USA
1468778,15-02-2024,organic,mobile,India
1760899,21-01-2024,ads,tablet,India
1824972,27-02-2024,ads,mobile,Germany
3653722,30-01-2024,ads,desktop,Germany
2613617,07-01-2024,ads,mobile,India
4689326,17-01-2024,referral,mobile,India
3832368,23-04-2024,organic,desktop,USA
4466907,09-01-2024,ads,mobile,Germany
2652219,03-05-2024,email,mobile,UK
1047945,02-01-2024,ads,mobile,USA
3518838,01-01-2024,organic,mobile,Canada
1025464,11-01-2024,referral,desktop,Canada
2260569,08-01-2024,organic,tablet,Canada
4097310,14-01-2024,organic,mobile,India
4640511,23-02-2024,organic,desktop,India
4842255,19-01-2024,email,desktop,India
3473439,25-01-2024,referral,mobile,USA
4869485,14-02-2024,ads,mobile,India
4516349,04-01-2024,email,mobile,Canada
3259029,11-04-2024,referral,mobile,India
2923863,28-01-2024,ads,desktop,India
2693866,02-01-2024,organic,mobile,Canada
1652930,20-07-2024,organic,mobile,USA
4518425,08-02-2024,organic,mobile,India
1099857,27-01-2024,social,mobile,Canada
4240787,28-02-2024,ads,mobile,India
1414418,11-01-2024,ads,mobile,India
1364999,14-01-2024,ads,desktop,India
1066064,15-01-2024,organic,tablet,UK
2708539,19-01-2024,organic,mobile,India
4439871,10-02-2024,referral,tablet,USA
2163985,16-07-2024,organic,mobile,USA
4694372,19-02-2024,email,desktop,USA
4006829,17-01-2024,ads,mobile,India
3947812,29-01-2024,organic,mobile,India
3362540,20-05-2024,email,mobile,India
3367396,05-04-2024,organic,tablet,India
1548305,20-01-2024,organic,desktop,UK
1355449,08-02-2024,ads,mobile,USA
3135800,19-03-2024,social,mobile,USA
4383079,02-02-2024,email,mobile,Australia
1105336,06-01-2024,organic,desktop,India
4706866,11-01-2024,organic,desktop,India
1152868,20-01-2024,organic,mobile,India
4898889,19-01-2024,organic,desktop,USA
4498561,11-01-2024,organic,desktop,USA
4256425,25-03-2024,organic,desktop,Canada
3605850,21-01-2024,ads,mobile,USA
3007872,16-01-2024,organic,mobile,India
3898443,24-01-2024,organic,mobile,India
2923453,16-01-2024,email,mobile,Australia
3482647,17-08-2024,ads,tablet,India
1288525,02-01-2024,organic,mobile,India
4658087,01-01-2024,ads,desktop,India
4078959,12-03-2024,email,mobile,USA
4243960,22-03-2024,organic,mobile,India
1849088,08-02-2024,organic,tablet,Canada
3079321,06-01-2024,organic,mobile,USA
1294687,31-01-2024,organic,mobile,Canada
2709780,03-03-2024,ads,tablet,India
1556461,18-02-2024,email,mobile,India
2773869,24-03-2024,ads,tablet,Germany
1685531,01-01-2024,organic,mobile,India
4886368,01-01-2024,organic,desktop,India
2953143,11-01-2024,ads,mobile,UK
2460945,18-03-2024,organic,tablet,USA
2305613,20-04-2024,social,desktop,India
4196422,06-01-2024,ads,mobile,India
3377989,05-01-2024,organic,mobile,Australia
3970186,27-01-2024,email,mobile,India
4031473,14-01-2024,organic,mobile,Germany
1364868,03-01-2024,organic,mobile,USA
2215798,25-05-2024,organic,mobile,Germany
2706736,08-03-2024,ads,mobile,India
1708314,15-01-2024,email,mobile,Germany
3747795,06-01-2024,ads,desktop,India
3855574,29-02-2024,email,desktop,USA
1261431,13-01-2024,organic,mobile,India
3265371,15-02-2024,ads,mobile,UK
4851297,31-01-2024,referral,mobile,India
1895031,13-01-2024,email,desktop,USA
4748535,25-01-2024,organic,mobile,UK
4052763,10-01-2024,social,desktop,India
4299520,21-01-2024,referral,mobile,USA
2739081,20-03-2024,ads,desktop,USA
3235260,07-01-2024,ads,mobile,USA
3247468,15-01-2024,organic,mobile,USA
1909872,07-01-2024,referral,mobile,India
1162241,06-03-2024,ads,mobile,Canada
3689314,02-01-2024,organic,mobile,UK
3570210,25-02-2024,organic,mobile,India
2494568,02-01-2024,organic,mobile,India
3502146,23-02-2024,ads,tablet,India
1115089,06-03-2024,organic,mobile,Canada
3013251,09-02-2024,ads,mobile,USA
1211225,23-01-2024,ads,desktop,USA
4077579,24-02-2024,ads,desktop,Germany
2549347,19-02-2024,ads,desktop,Germany
1204546,26-02-2024,referral,desktop,India
2465017,08-03-2024,ads,mobile,India
1211126,28-02-2024,organic,desktop,India
3735000,12-01-2024,ads,mobile,Canada
2170679,08-02-2024,ads,desktop,India
1893144,09-01-2024,referral,mobile,Australia
1854627,18-03-2024,referral,mobile,Germany
2861310,25-02-2024,referral,desktop,India
4937204,17-01-2024,ads,mobile,India
4012100,07-01-2024,organic,desktop,Germany
1417196,24-05-2024,organic,desktop,India
3698570,19-01-2024,ads,mobile,Australia
2765219,30-04-2024,organic,tablet,USA
1450585,31-01-2024,ads,mobile,UK
3288627,16-01-2024,social,mobile,India
1981638,17-01-2024,ads,mobile,India
1392823,16-01-2024,organic,mobile,India
4442233,07-01-2024,organic,mobile,India
1306300,26-02-2024,organic,mobile,India
2060354,16-01-2024,organic,mobile,India
2526177,17-01-2024,ads,mobile,USA
2011912,26-06-2024,ads,desktop,Germany
4324049,19-03-2024,organic,desktop,USA
4549628,05-01-2024,ads,mobile,India
2102621,04-01-2024,referral,desktop,India
2241652,19-01-2024,email,mobile,India
1812078,16-01-2024,ads,tablet,India
2612605,22-02-2024,organic,desktop,Canada
2252099,07-01-2024,email,mobile,USA
1417828,03-02-2024,organic,desktop,USA
3220520,19-03-2024,organic,tablet,UK
3565404,21-01-2024,ads,mobile,India
1393352,06-03-2024,organic,mobile,India
3555958,27-01-2024,organic,mobile,USA
1857220,11-02-2024,email,mobile,UK
4430983,24-03-2024,ads,desktop,India
4761063,03-01-2024,ads,mobile,UK
2898136,16-02-2024,ads,tablet,Canada
3689512,04-01-2024,email,mobile,USA
2600776,21-03-2024,organic,mobile,USA
3924343,18-02-2024,social,mobile,Canada
3922768,13-01-2024,organic,mobile,USA
3310775,29-01-2024,social,tablet,Australia
2303492,26-01-2024,organic,desktop,India
3009165,05-02-2024,ads,desktop,USA
1892324,03-01-2024,organic,mobile,Canada
3574605,10-01-2024,referral,mobile,Australia
3777759,28-03-2024,ads,mobile,India
3507194,25-01-2024,ads,mobile,USA
4091240,24-01-2024,organic,mobile,India
1345484,16-01-2024,organic,tablet,India
3574640,19-01-2024,ads,mobile,India
4306287,01-02-2024,organic,mobile,India
4058161,03-01-2024,referral,desktop,USA
2902733,08-01-2024,organic,desktop,Australia
2679289,24-02-2024,email,desktop,Canada
2347504,25-01-2024,referral,mobile,India
3420415,16-01-2024,ads,mobile,India
4829873,09-01-2024,ads,mobile,India
1449389,29-04-2024,ads,mobile,India
2167191,17-01-2024,organic,mobile,UK
1909980,23-04-2024,organic,mobile,Canada
3532906,09-02-2024,social,tablet,India
3922477,22-01-2024,ads,desktop,UK
4170926,15-01-2024,ads,mobile,India
1807756,21-02-2024,organic,mobile,Germany
3817187,10-02-2024,social,desktop,Canada
3670832,01-01-2024,organic,mobile,UK
1332348,13-01-2024,referral,desktop,Canada
2240366,13-01-2024,ads,mobile,India
1006190,29-04-2024,organic,mobile,USA
2750081,07-01-2024,referral,mobile,Germany
4763137,15-03-2024,organic,mobile,UK
3101100,02-02-2024,ads,desktop,Australia
2165180,20-01-2024,email,tablet,India
2338581,24-02-2024,ads,desktop,UK
4373386,30-01-2024,organic,mobile,Canada
2226925,03-03-2024,organic,desktop,UK
1268075,31-01-2024,email,mobile,India
3528546,06-04-2024,organic,mobile,India
1843509,17-02-2024,organic,mobile,UK
2483962,22-01-2024,ads,desktop,India
1247475,11-02-2024,ads,mobile,India
2384420,12-01-2024,ads,mobile,USA
1819832,06-01-2024,organic,mobile,Canada
3137263,22-04-2024,organic,mobile,India
2301002,08-07-2024,organic,tablet,UK
1380286,01-02-2024,referral,desktop,UK
4012086,03-02-2024,organic,mobile,USA
4234874,09-02-2024,email,mobile,India
1285291,22-01-2024,organic,desktop,India
3320893,23-02-2024,referral,desktop,USA
1637043,02-01-2024,email,mobile,USA
3470389,04-02-2024,ads,mobile,India
2319034,07-03-2024,social,desktop,Germany
4254376,14-01-2024,referral,mobile,India
2348732,09-01-2024,organic,mobile,India
3040010,01-01-2024,organic,mobile,India
4076069,12-01-2024,organic,desktop,UK
2670215,29-02-2024,organic,desktop,USA
2006883,08-01-2024,ads,desktop,Australia
4955350,15-05-2024,organic,mobile,USA
1771250,01-01-2024,email,mobile,India
4571493,05-01-2024,ads,mobile,India
3282362,17-02-2024,referral,mobile,UK
4368369,01-03-2024,ads,mobile,Germany
1565337,12-02-2024,organic,mobile,USA
2874779,28-04-2024,organic,desktop,India
1517361,01-03-2024,referral,mobile,India
3876133,09-02-2024,referral,mobile,UK
3952320,01-04-2024,organic,desktop,UK
3964267,19-01-2024,organic,mobile,USA
3623890,07-01-2024,organic,desktop,USA
1288649,03-01-2024,referral,mobile,Australia
3157488,18-01-2024,organic,mobile,India
2645349,07-01-2024,social,mobile,Germany
2322232,31-01-2024,organic,mobile,India
4790247,29-01-2024,organic,tablet,USA
3493322,17-01-2024,organic,mobile,USA
4846751,01-02-2024,organic,mobile,India
2133936,01-01-2024,ads,mobile,India
4064922,16-01-2024,ads,desktop,USA
3579134,06-03-2024,organic,tablet,USA
2149044,06-02-2024,ads,tablet,UK
3893520,02-03-2024,social,mobile,Canada
4555691,04-03-2024,organic,desktop,India
2027612,02-01-2024,referral,mobile,India
3011833,15-02-2024,referral,mobile,India
3834516,26-06-2024,organic,mobile,India
1178762,06-03-2024,referral,mobile,India
3382719,28-03-2024,organic,desktop,USA
3805753,25-01-2024,organic,mobile,India
4399476,12-01-2024,referral,mobile,Germany
2157605,03-01-2024,ads,desktop,Canada
1187374,18-02-2024,referral,mobile,India
1782815,24-01-2024,organic,mobile,USA
4141969,14-01-2024,organic,desktop,India
1747652,09-01-2024,referral,mobile,Germany
3949305,07-04-2024,referral,desktop,Canada
3819908,15-02-2024,ads,mobile,UK
3122653,09-01-2024,organic,desktop,India
1562722,30-03-2024,social,tablet,India
2648483,04-01-2024,email,desktop,Canada
1024261,12-01-2024,organic,tablet,India
4217094,18-02-2024,organic,mobile,India
3305222,27-02-2024,organic,mobile,India
4162307,10-01-2024,email,tablet,USA
4116772,09-05-2024,organic,desktop,Germany
2315006,02-04-2024,organic,desktop,Germany
4857814,27-02-2024,organic,mobile,USA
3065406,19-03-2024,organic,desktop,Australia
3473838,31-01-2024,social,mobile,UK
3238229,17-02-2024,organic,desktop,India
2307206,20-02-2024,email,desktop,India
3095294,10-06-2024,organic,mobile,Canada
2455104,04-01-2024,email,desktop,UK
1775507,29-03-2024,organic,desktop,Germany
2337057,02-03-2024,email,mobile,USA
2407262,03-01-2024,organic,tablet,India
3188561,09-01-2024,ads,mobile,India
4332535,09-01-2024,organic,desktop,USA
3270969,13-01-2024,organic,mobile,USA
4335049,09-02-2024,social,mobile,USA
2482190,17-01-2024,organic,desktop,India
3134617,09-03-2024,organic,mobile,India
2059411,23-01-2024,organic,tablet,Germany
4720173,22-02-2024,organic,mobile,India
3645843,18-01-2024,organic,mobile,India
2343028,04-03-2024,ads,mobile,India
2940747,26-02-2024,ads,mobile,UK
2028225,31-03-2024,ads,mobile,USA
2069581,06-08-2024,ads,desktop,USA
3635301,16-01-2024,organic,mobile,Canada
4529980,28-01-2024,organic,mobile,India
2353772,09-03-2024,organic,mobile,UK
4291256,28-01-2024,organic,mobile,India
4177419,07-03-2024,organic,desktop,India
3226078,01-03-2024,organic,tablet,Australia
3718606,07-01-2024,email,desktop,India
4864490,12-03-2024,organic,mobile,India
2128007,05-01-2024,organic,desktop,USA
2093459,14-02-2024,email,desktop,UK
4402046,04-02-2024,ads,mobile,USA
1317755,22-03-2024,ads,mobile,Canada
3529713,08-02-2024,social,mobile,UK
1237585,25-01-2024,email,mobile,UK
2050773,20-01-2024,ads,mobile,India
1694316,12-01-2024,organic,desktop,USA
2506941,17-03-2024,organic,mobile,USA
1838023,22-02-2024,organic,desktop,Canada
4408147,01-01-2024,email,mobile,India
2633696,03-01-2024,ads,desktop,India
2048521,26-01-2024,ads,desktop,India
1627813,11-01-2024,ads,desktop,UK
1993761,28-01-2024,email,desktop,Germany
2426419,21-03-2024,ads,mobile,India
1049712,13-02-2024,organic,mobile,UK
2783758,27-01-2024,ads,tablet,USA
3133455,02-01-2024,organic,mobile,USA
2850017,05-01-2024,ads,mobile,India
1174319,16-03-2024,ads,mobile,Canada
1649178,25-01-2024,organic,mobile,India
2489278,03-01-2024,organic,desktop,India
4327885,09-02-2024,organic,mobile,Australia
2398792,06-01-2024,organic,desktop,Canada
2578919,10-01-2024,organic,mobile,India
1322618,10-04-2024,organic,mobile,India
1386689,23-01-2024,referral,mobile,India
1553975,18-02-2024,organic,mobile,Canada
2584549,14-04-2024,ads,mobile,USA
2820844,25-02-2024,organic,desktop,USA
2245050,20-01-2024,organic,mobile,India
1549986,11-01-2024,organic,desktop,Canada
3042960,30-01-2024,ads,desktop,India
1163001,22-02-2024,organic,mobile,India
3915146,01-02-2024,ads,desktop,India
1259133,19-01-2024,ads,mobile,India
3282314,07-02-2024,organic,mobile,USA
2902455,05-04-2024,organic,mobile,Germany
1632295,20-01-2024,organic,mobile,India
1956834,29-02-2024,ads,mobile,India
1841943,11-03-2024,social,mobile,India
1297117,01-01-2024,ads,mobile,Germany
1621655,21-01-2024,organic,desktop,India
1890035,07-01-2024,organic,mobile,USA
4790795,13-02-2024,ads,mobile,USA
2951277,29-07-2024,organic,desktop,India
3646261,26-01-2024,ads,desktop,Germany
4721607,03-02-2024,ads,tablet,India
3859582,03-01-2024,organic,desktop,Germany
1220304,07-02-2024,ads,mobile,India
3583920,13-01-2024,organic,desktop,UK
1325554,08-02-2024,ads,desktop,USA
4874413,29-03-2024,ads,tablet,USA
2024243,23-01-2024,organic,mobile,India
3021847,19-01-2024,organic,mobile,India
3592016,18-02-2024,organic,mobile,India
2492700,03-02-2024,organic,mobile,India
1894554,07-02-2024,referral,mobile,India
2672990,04-04-2024,referral,mobile,India
3715225,18-02-2024,organic,desktop,USA
1806002,02-01-2024,organic,mobile,USA
2614896,02-01-2024,organic,desktop,UK
1056157,06-01-2024,ads,mobile,Canada
4091830,31-01-2024,ads,mobile,UK
4010393,22-03-2024,organic,tablet,India
3726603,19-01-2024,ads,mobile,India
4777848,03-03-2024,email,mobile,India
1329825,18-01-2024,referral,mobile,UK
1906196,10-02-2024,organic,desktop,USA
1939260,01-03-2024,ads,mobile,USA
2432408,01-01-2024,organic,mobile,India
4754347,08-01-2024,organic,mobile,India
3032025,19-06-2024,referral,desktop,Germany
2668460,13-02-2024,organic,desktop,USA
2460358,24-02-2024,ads,mobile,India
2694530,02-07-2024,email,desktop,USA
4812077,02-01-2024,ads,desktop,Germany
3237082,21-02-2024,email,tablet,USA
3334293,17-01-2024,organic,mobile,Australia
1429203,04-04-2024,ads,mobile,Canada
2087638,26-01-2024,ads,mobile,India
2356417,14-02-2024,email,mobile,India
4219373,04-01-2024,ads,mobile,India
3814124,12-02-2024,ads,desktop,USA
4788301,17-01-2024,ads,desktop,India
3189438,28-01-2024,ads,mobile,USA
3035672,22-02-2024,referral,desktop,India
3711431,02-08-2024,social,mobile,Australia
2146194,22-01-2024,organic,mobile,India
2322626,09-02-2024,organic,tablet,India
4055406,19-02-2024,email,mobile,USA
1020056,25-01-2024,organic,desktop,India
4626261,28-02-2024,email,desktop,USA
1495193,14-04-2024,ads,mobile,India
3144977,13-01-2024,organic,mobile,India
1508657,30-01-2024,ads,desktop,India
2212961,07-03-2024,ads,desktop,India
2688520,23-01-2024,organic,desktop,Canada
1857355,14-02-2024,ads,desktop,India
2014701,03-02-2024,email,mobile,USA
4209319,15-03-2024,organic,desktop,Australia
2384543,08-02-2024,organic,mobile,Germany
1158166,11-01-2024,ads,mobile,UK
4847055,03-02-2024,referral,mobile,India
1627959,09-01-2024,ads,mobile,India
3848881,16-01-2024,organic,desktop,India
3264313,14-01-2024,social,desktop,Germany
3478675,13-01-2024,social,mobile,USA
1730020,12-05-2024,email,desktop,Germany
3272218,17-01-2024,referral,mobile,USA
2986683,07-03-2024,organic,mobile,UK
1487179,14-01-2024,organic,mobile,USA
3598720,05-02-2024,organic,mobile,Australia
3873819,06-01-2024,organic,mobile,India
2631325,04-08-2024,organic,mobile,India
2587578,06-01-2024,organic,desktop,USA
2873538,08-02-2024,social,mobile,India
1973974,07-03-2024,organic,desktop,Canada
2095679,04-01-2024,organic,desktop,USA
2188512,12-01-2024,referral,mobile,USA
4248354,06-01-2024,referral,desktop,India
4337580,06-01-2024,email,desktop,India
1205674,20-01-2024,organic,mobile,USA
1885487,28-01-2024,referral,mobile,Canada
1554533,27-03-2024,social,desktop,India
3698787,30-01-2024,organic,mobile,India
2527518,01-01-2024,referral,desktop,India
4490515,02-01-2024,ads,desktop,Canada
3441461,27-02-2024,organic,desktop,USA
3221095,30-05-2024,ads,mobile,India
3671554,08-01-2024,social,tablet,India
3590987,03-01-2024,email,desktop,UK
2964619,03-01-2024,ads,desktop,India
3867600,02-03-2024,organic,desktop,UK
1641640,08-01-2024,ads,mobile,UK
1549730,06-01-2024,ads,tablet,India
4700641,14-02-2024,ads,mobile,UK
3185023,14-01-2024,ads,mobile,India
4737163,21-01-2024,referral,mobile,India
2991433,03-02-2024,organic,mobile,India
1140066,09-02-2024,organic,mobile,Germany
3415806,31-01-2024,ads,mobile,India
3516011,16-01-2024,referral,mobile,UK
2742170,02-02-2024,organic,mobile,Germany
2064532,20-05-2024,ads,mobile,India
2186294,19-01-2024,organic,mobile,Australia
4217987,07-01-2024,organic,desktop,Australia
4742763,13-01-2024,ads,desktop,USA
4927229,24-01-2024,organic,tablet,India
4501389,06-01-2024,referral,desktop,Australia
4002339,08-05-2024,organic,mobile,India
2471363,18-03-2024,ads,mobile,India
2321145,09-06-2024,social,desktop,India
4285377,31-03-2024,organic,desktop,UK
2551498,07-04-2024,organic,mobile,Germany
2656037,08-03-2024,ads,mobile,Germany
4529334,22-01-2024,ads,mobile,India
4003533,31-01-2024,ads,desktop,USA
4758748,30-01-2024,ads,desktop,Canada
3812265,08-01-2024,referral,desktop,UK
3646451,21-01-2024,organic,desktop,India
3789536,15-03-2024,ads,mobile,India
2006853,11-02-2024,ads,desktop,Canada
3095584,29-04-2024,ads,mobile,Canada
1151399,11-01-2024,referral,mobile,Germany
3627117,03-02-2024,organic,mobile,India
3046975,26-03-2024,ads,mobile,Canada
2571243,15-02-2024,ads,mobile,Canada
4820793,10-02-2024,organic,tablet,India
3666439,08-01-2024,referral,mobile,Australia
1021853,18-01-2024,ads,tablet,USA
1946361,02-01-2024,organic,desktop,USA
3891833,24-01-2024,organic,desktop,India
3862121,17-05-2024,email,mobile,Canada
1923440,25-03-2024,ads,mobile,India
2086256,14-01-2024,ads,mobile,India
1150808,17-02-2024,organic,desktop,India
4307323,05-01-2024,referral,mobile,India
3897808,20-01-2024,ads,mobile,India
1954504,10-01-2024,organic,tablet,India
4940489,02-01-2024,ads,mobile,India
1712942,01-02-2024,ads,mobile,India
3337405,03-02-2024,organic,mobile,UK
2674626,05-05-2024,organic,mobile,Australia
4183773,08-01-2024,organic,mobile,India
2759143,30-03-2024,organic,mobile,India
4844322,27-01-2024,ads,desktop,India
1458470,27-06-2024,organic,tablet,USA
4929824,23-02-2024,referral,mobile,India
4913755,05-04-2024,organic,tablet,USA
4785103,21-04-2024,email,tablet,India
2932452,29-01-2024,organic,mobile,Germany
4913972,16-01-2024,organic,mobile,USA
2317199,26-06-2024,organic,mobile,India
4202521,29-01-2024,organic,mobile,UK
2034316,27-01-2024,organic,mobile,USA
2629145,20-01-2024,organic,desktop,India
4797678,18-03-2024,referral,mobile,India
3138704,05-01-2024,social,mobile,USA
1001588,21-01-2024,email,tablet,USA
1876843,13-01-2024,ads,mobile,India
2987722,12-02-2024,ads,desktop,India
3046708,26-01-2024,email,mobile,India
2698023,13-05-2024,organic,mobile,UK
1286369,03-02-2024,referral,mobile,USA
2582987,19-01-2024,organic,mobile,India
4494968,16-05-2024,organic,mobile,Australia
1958521,26-04-2024,ads,desktop,India
4958284,10-03-2024,organic,mobile,UK
4334418,02-02-2024,organic,mobile,USA
1361045,16-01-2024,organic,desktop,Canada
2928562,29-01-2024,ads,mobile,Germany
1261493,30-03-2024,email,mobile,India
4485288,08-01-2024,organic,desktop,Canada
3575770,14-03-2024,organic,mobile,India
1231241,17-02-2024,email,mobile,USA
4096402,08-01-2024,email,desktop,Canada
2636475,06-01-2024,organic,desktop,USA
2424246,24-02-2024,ads,mobile,USA
4540796,25-01-2024,ads,mobile,Germany
4916056,29-02-2024,social,tablet,India
2205286,14-01-2024,email,mobile,USA
3198838,03-02-2024,ads,mobile,USA
3611213,02-02-2024,ads,desktop,India
2186106,18-02-2024,ads,tablet,Canada
3734391,22-06-2024,social,desktop,USA
4820788,02-01-2024,referral,mobile,India
3003395,13-04-2024,ads,mobile,India
4655648,23-01-2024,organic,mobile,India
4694128,24-01-2024,social,mobile,India
2545974,08-02-2024,referral,desktop,USA
4572399,20-01-2024,organic,desktop,India
3590342,22-03-2024,referral,mobile,India
3980299,07-01-2024,referral,tablet,India
3991434,27-02-2024,ads,desktop,USA
1907846,07-02-2024,ads,mobile,India
1386414,09-01-2024,ads,mobile,India
4354430,05-02-2024,organic,desktop,USA
2482751,08-03-2024,social,mobile,USA
3145834,31-03-2024,email,desktop,Germany
4232968,07-02-2024,ads,desktop,USA
2936226,02-01-2024,organic,desktop,UK
3948192,04-02-2024,referral,desktop,India
4370621,16-04-2024,organic,tablet,India
4396834,18-03-2024,organic,desktop,USA
3207541,16-02-2024,ads,tablet,India
1477007,09-02-2024,organic,mobile,India
2071688,11-01-2024,organic,desktop,USA
4382212,06-01-2024,organic,desktop,Australia
4276552,25-01-2024,referral,mobile,India
3682163,02-01-2024,ads,mobile,India
3402863,06-01-2024,ads,tablet,USA
2434393,08-02-2024,ads,desktop,India
4468961,08-04-2024,organic,desktop,Germany
4136199,16-05-2024,organic,desktop,India
1856888,27-02-2024,organic,desktop,Canada
3441301,09-03-2024,email,desktop,India
3806584,26-02-2024,organic,mobile,India
2228217,18-01-2024,organic,tablet,India
2822648,19-01-2024,organic,mobile,USA
2070721,14-02-2024,organic,mobile,Germany
4974718,19-04-2024,email,mobile,India
2170236,23-06-2024,ads,mobile,Canada
3097054,10-02-2024,ads,mobile,India
4635553,23-02-2024,organic,tablet,USA
2480714,18-01-2024,ads,mobile,UK
3868537,11-02-2024,organic,mobile,Canada
1381354,12-03-2024,ads,mobile,India
1114885,02-01-2024,social,desktop,India
1241845,29-03-2024,ads,mobile,USA
1952933,17-01-2024,organic,mobile,UK
1565972,26-01-2024,referral,tablet,India
1895204,23-05-2024,organic,desktop,India
2991425,19-01-2024,email,mobile,India
3694640,19-01-2024,organic,desktop,UK
3211726,13-02-2024,organic,desktop,USA
4018103,11-02-2024,ads,tablet,USA
3165816,03-01-2024,organic,mobile,USA
3565121,03-01-2024,organic,desktop,USA
3536996,11-01-2024,organic,desktop,India
3325217,04-01-2024,ads,mobile,India
2746928,18-01-2024,referral,mobile,India
4010661,28-03-2024,referral,tablet,India
4268328,10-01-2024,ads,mobile,Canada
3762633,13-02-2024,ads,mobile,Germany
2029308,21-05-2024,organic,mobile,India
2164645,05-01-2024,organic,mobile,India
2452761,22-01-2024,organic,mobile,UK
3689757,22-02-2024,organic,mobile,India
3660324,04-01-2024,organic,desktop,India
1787808,21-01-2024,ads,mobile,India
4846805,02-01-2024,ads,mobile,UK
2779296,27-07-2024,email,mobile,USA
1759294,13-01-2024,organic,desktop,UK
1202849,22-02-2024,organic,desktop,USA
2583832,22-01-2024,ads,mobile,USA
2185938,20-01-2024,organic,mobile,UK
1189256,12-01-2024,organic,desktop,India
3268694,29-01-2024,organic,mobile,India
4140257,05-01-2024,ads,mobile,India
2137334,13-01-2024,organic,mobile,UK
3183013,04-01-2024,ads,desktop,UK
4590549,28-11-2024,organic,mobile,India
1615301,15-01-2024,organic,mobile,India
1350695,10-01-2024,social,mobile,India
4243053,06-01-2024,organic,mobile,India
1720304,05-01-2024,referral,mobile,India
3495225,15-02-2024,referral,mobile,USA
1379806,14-01-2024,organic,mobile,India
2380567,02-01-2024,organic,desktop,India
1347805,02-03-2024,ads,desktop,India
3210100,23-02-2024,email,mobile,USA
3913853,12-02-2024,ads,mobile,Australia
1724291,27-02-2024,ads,mobile,Germany
3151448,10-01-2024,referral,mobile,India
4134803,19-03-2024,ads,mobile,India
2293178,02-01-2024,ads,mobile,Germany
4252339,29-01-2024,email,mobile,USA
4468699,20-05-2024,organic,desktop,India
4982340,13-01-2024,ads,mobile,Germany
1598359,29-01-2024,organic,mobile,India
3013449,16-01-2024,organic,tablet,Germany
1927192,22-04-2024,organic,desktop,USA
4763059,20-01-2024,email,mobile,India
4776942,24-01-2024,organic,mobile,USA
1670504,09-01-2024,organic,desktop,USA
1750288,24-02-2024,ads,mobile,UK
1141040,18-02-2024,organic,mobile,India
1108011,20-07-2024,ads,desktop,Germany
3501032,07-01-2024,organic,mobile,Australia
3035075,07-02-2024,organic,mobile,India
1363188,07-01-2024,email,desktop,India
3064934,25-03-2024,organic,mobile,UK
2762503,21-02-2024,ads,mobile,India
2234909,16-04-2024,email,mobile,India
1389216,28-03-2024,organic,mobile,India
2458683,29-02-2024,organic,mobile,UK
3963533,06-05-2024,social,mobile,USA
4667568,01-02-2024,organic,mobile,UK
4909883,22-02-2024,ads,mobile,Canada
4470321,12-01-2024,organic,mobile,Germany
4367965,14-01-2024,organic,tablet,Canada
3467752,17-01-2024,ads,desktop,India
2923838,27-01-2024,referral,mobile,Canada
3197546,13-03-2024,ads,mobile,Australia
4285181,25-01-2024,ads,mobile,USA
3986385,18-02-2024,ads,mobile,India
4464922,13-05-2024,email,desktop,Canada
1188026,10-01-2024,email,mobile,UK
1675317,23-02-2024,organic,mobile,India
4675520,13-02-2024,organic,mobile,India
2868820,26-05-2024,organic,mobile,UK
1055454,04-04-2024,social,tablet,Germany
3626193,10-03-2024,organic,desktop,UK
4522240,04-02-2024,ads,desktop,India
1553952,20-01-2024,referral,desktop,India
4851813,19-01-2024,email,desktop,India
2200978,11-05-2024,organic,desktop,USA
1435727,28-01-2024,referral,mobile,USA
2055205,20-01-2024,organic,desktop,India
1912903,11-02-2024,organic,mobile,India
1083746,21-01-2024,ads,mobile,UK
3962906,01-03-2024,social,mobile,UK
2938292,14-01-2024,organic,mobile,UK
2744621,31-01-2024,ads,mobile,UK
2853396,25-01-2024,email,mobile,UK
3420988,14-02-2024,referral,desktop,UK
2486035,05-01-2024,organic,mobile,USA
2982995,25-01-2024,organic,desktop,UK
4247706,29-01-2024,email,mobile,USA
1018182,25-06-2024,ads,desktop,India
2842223,21-03-2024,organic,desktop,UK
2166543,01-08-2024,organic,desktop,India
3818693,28-01-2024,organic,mobile,India
2381917,23-03-2024,referral,mobile,USA
1753863,21-04-2024,email,mobile,Australia
3501092,23-01-2024,organic,desktop,Australia
3895258,12-01-2024,organic,mobile,India
4100268,07-02-2024,ads,desktop,Australia
2774804,25-02-2024,ads,tablet,India
1247517,01-01-2024,organic,mobile,USA
4751740,15-01-2024,organic,mobile,India
3941727,19-01-2024,referral,tablet,Germany
1167561,15-05-2024,social,mobile,Canada
4620596,13-01-2024,ads,mobile,UK
3965146,18-02-2024,organic,mobile,UK
3314419,10-01-2024,organic,desktop,India
1111661,12-01-2024,social,mobile,India
3122517,01-01-2024,ads,desktop,India
2235689,10-04-2024,organic,mobile,USA
4761664,31-01-2024,organic,mobile,India
3375922,07-03-2024,organic,desktop,India
4337977,14-01-2024,referral,mobile,India
1995843,08-05-2024,organic,desktop,India
1338350,14-02-2024,social,desktop,India
4008850,27-04-2024,social,desktop,Canada
4451383,29-02-2024,ads,mobile,Australia
2508437,02-04-2024,organic,desktop,India
2098027,09-02-2024,organic,mobile,India
1184148,18-01-2024,social,desktop,USA
1982344,04-06-2024,organic,mobile,Germany
2751170,20-03-2024,email,mobile,India
1260714,25-01-2024,social,desktop,Canada
4685419,31-01-2024,referral,mobile,India
4389028,14-02-2024,social,mobile,USA
4828972,09-01-2024,email,mobile,UK
3661170,03-01-2024,referral,mobile,Germany
1702557,13-04-2024,referral,desktop,India
4403928,15-01-2024,ads,mobile,India
2205309,04-01-2024,organic,mobile,India
2398928,23-03-2024,email,desktop,India
2255582,16-02-2024,ads,mobile,Australia
1329453,15-01-2024,ads,mobile,Canada
4797718,05-02-2024,ads,desktop,India
2100668,27-03-2024,organic,mobile,USA
4972430,05-02-2024,organic,mobile,India
2631753,05-01-2024,organic,mobile,India
1005365,19-02-2024,ads,tablet,India
4716390,18-01-2024,organic,tablet,Canada
2121164,28-03-2024,email,mobile,USA
2749869,04-01-2024,email,mobile,India
4750875,10-01-2024,organic,desktop,Canada
4006883,22-03-2024,organic,mobile,India
1906131,10-02-2024,ads,desktop,India
2624976,05-02-2024,referral,desktop,India
4676208,25-01-2024,organic,mobile,Germany
4169173,07-01-2024,organic,mobile,India
2910254,18-01-2024,organic,mobile,India
1025216,07-02-2024,social,tablet,India
1766675,25-01-2024,ads,desktop,India
1935018,13-02-2024,organic,mobile,India
1420725,14-01-2024,organic,tablet,India
3123190,17-01-2024,ads,mobile,Canada
4132976,02-02-2024,organic,mobile,USA
1617617,06-01-2024,organic,desktop,India
4456009,15-07-2024,organic,desktop,Australia
2218305,31-01-2024,ads,mobile,India
3034830,11-01-2024,social,mobile,India
4566853,20-01-2024,organic,desktop,USA
4866513,26-02-2024,email,mobile,Canada
2434542,20-02-2024,organic,tablet,USA
2399202,29-05-2024,organic,mobile,Germany
4621010,09-01-2024,ads,desktop,UK
3029181,02-01-2024,ads,mobile,Australia
4630357,02-01-2024,email,mobile,UK
3195928,03-03-2024,organic,desktop,India
3770864,31-01-2024,organic,mobile,India
3615010,18-02-2024,referral,desktop,India
4058450,08-01-2024,social,mobile,Canada
4263449,04-01-2024,organic,mobile,India
4072493,06-02-2024,ads,mobile,USA
4812164,19-01-2024,organic,desktop,India
4308527,16-02-2024,referral,mobile,USA
3522932,22-01-2024,organic,mobile,India
1748577,10-04-2024,organic,mobile,India
2081654,21-01-2024,ads,mobile,India
3965799,04-07-2024,organic,desktop,Canada
4882165,03-04-2024,organic,mobile,USA
3054644,15-04-2024,organic,mobile,India
2843358,18-04-2024,ads,desktop,UK
3777542,07-01-2024,organic,desktop,Germany
2104057,13-06-2024,organic,tablet,India
4590665,01-01-2024,referral,mobile,UK
4154063,21-01-2024,referral,desktop,India
1838542,02-01-2024,organic,mobile,USA
1549088,02-02-2024,organic,desktop,India
4211151,20-01-2024,organic,desktop,Germany
4279797,03-02-2024,organic,mobile,India
2659697,10-01-2024,ads,mobile,India
4092468,04-01-2024,ads,mobile,UK
4480683,14-01-2024,organic,desktop,USA
1377408,09-04-2024,organic,desktop,India
2547514,22-01-2024,ads,mobile,India
4524468,07-03-2024,referral,mobile,Canada
3332970,14-01-2024,organic,desktop,USA
2781353,29-01-2024,social,tablet,Germany
4574947,02-03-2024,referral,tablet,Germany
2621703,19-02-2024,organic,desktop,India
1635482,24-02-2024,ads,desktop,India
4825524,07-01-2024,referral,mobile,India
4951369,12-01-2024,social,mobile,USA
4205447,09-02-2024,organic,desktop,India
1292598,07-03-2024,ads,desktop,Australia
1949362,27-03-2024,organic,mobile,India
4840031,25-01-2024,ads,mobile,Australia
3100489,13-02-2024,social,desktop,India
4023707,27-01-2024,organic,mobile,Canada
2629872,19-08-2024,organic,mobile,India
2257837,05-01-2024,email,mobile,Germany
4952358,15-01-2024,organic,mobile,India
1374705,16-03-2024,ads,desktop,India
3085399,26-01-2024,organic,tablet,India
3441151,13-01-2024,referral,mobile,India
1100962,12-02-2024,organic,mobile,USA
1840347,14-01-2024,ads,mobile,UK
4331828,18-02-2024,ads,mobile,Canada
2898343,28-01-2024,ads,mobile,India
2874102,23-02-2024,organic,desktop,India
1077946,13-01-2024,email,mobile,Germany
3052472,01-02-2024,organic,mobile,India
3784883,22-01-2024,organic,tablet,India
2225378,16-01-2024,organic,mobile,Germany
3102900,09-01-2024,email,mobile,India
4544289,13-01-2024,ads,mobile,Germany
3003619,08-02-2024,ads,mobile,Germany
2571385,06-01-2024,organic,desktop,UK
2553984,15-01-2024,organic,desktop,USA
2014678,04-01-2024,ads,tablet,India
4817582,20-01-2024,organic,desktop,India
2798278,20-01-2024,organic,mobile,India
4591893,16-01-2024,organic,tablet,USA
4584524,08-03-2024,social,desktop,India
2091278,08-02-2024,organic,desktop,India
4544862,05-01-2024,ads,mobile,UK
1281265,24-01-2024,email,desktop,India
3893324,30-01-2024,organic,desktop,USA
1835109,04-01-2024,organic,mobile,India
3311687,30-01-2024,organic,mobile,India
1897406,24-02-2024,email,mobile,Australia
4806695,19-01-2024,ads,mobile,India
1205690,05-01-2024,ads,mobile,USA
1970486,01-02-2024,organic,mobile,India
2075781,19-01-2024,ads,tablet,India
1540180,19-02-2024,organic,desktop,Germany
1666636,02-11-2024,email,tablet,India
1429823,15-02-2024,organic,desktop,USA
3887004,27-01-2024,organic,mobile,India
1705979,31-01-2024,organic,mobile,India
2021786,05-03-2024,social,desktop,India
2311214,21-01-2024,organic,mobile,UK
2685118,25-03-2024,ads,desktop,Canada
4668139,20-01-2024,organic,mobile,Canada
4623621,12-05-2024,ads,mobile,India
1947287,04-02-2024,organic,mobile,USA
3023752,18-02-2024,organic,desktop,USA
2597471,31-01-2024,ads,mobile,USA
1251342,07-02-2024,organic,desktop,Germany
2040269,04-06-2024,email,mobile,Germany
4017778,24-04-2024,organic,desktop,India
3626525,13-03-2024,organic,desktop,India
3725446,10-01-2024,social,desktop,UK
4894895,20-02-2024,organic,mobile,USA
2808208,09-02-2024,referral,mobile,India
4804968,05-03-2024,referral,desktop,India
4147005,27-01-2024,referral,mobile,Australia
4060235,06-02-2024,ads,mobile,Germany
4746556,03-02-2024,organic,mobile,India
1472685,11-08-2024,organic,tablet,India
3746475,07-02-2024,organic,mobile,India
1872712,12-02-2024,organic,tablet,India
4551634,07-02-2024,organic,mobile,Canada
4099008,10-03-2024,ads,mobile,India
4469260,07-03-2024,organic,mobile,India
2114442,07-03-2024,ads,mobile,UK
2718843,20-03-2024,organic,mobile,Canada
1899873,20-02-2024,email,mobile,India
4214843,06-03-2024,referral,mobile,Germany
4430967,22-01-2024,organic,mobile,Canada
2821503,25-03-2024,ads,tablet,India
1602374,12-01-2024,ads,desktop,India
1393648,05-01-2024,ads,tablet,India
2304996,05-01-2024,ads,mobile,UK
1929597,05-01-2024,social,desktop,UK
1488165,21-01-2024,email,desktop,India
2516976,09-01-2024,ads,mobile,India
1300859,02-01-2024,ads,tablet,India
2514921,03-01-2024,organic,mobile,USA
1919797,08-01-2024,email,mobile,UK
4986531,03-01-2024,ads,mobile,India
2749550,01-01-2024,ads,mobile,Canada
2693091,26-04-2024,organic,mobile,India
4678853,11-03-2024,social,mobile,USA
3246346,23-03-2024,referral,desktop,India
1916552,01-01-2024,email,mobile,UK
1638716,06-02-2024,ads,desktop,India
3427670,04-01-2024,organic,mobile,Germany
2596077,06-01-2024,email,desktop,USA
1810365,09-05-2024,organic,mobile,India
2289694,18-01-2024,organic,desktop,India
3531804,09-04-2024,organic,mobile,USA
4157871,03-01-2024,ads,mobile,USA
1903742,28-01-2024,ads,mobile,USA
4562933,28-01-2024,ads,desktop,India
2644559,14-04-2024,ads,desktop,Australia
1910862,19-02-2024,ads,mobile,India
2802624,05-01-2024,organic,mobile,Germany
4862061,06-02-2024,organic,desktop,India
1010244,17-01-2024,organic,mobile,USA
1225317,23-01-2024,ads,desktop,USA
2822255,07-02-2024,organic,desktop,Germany
4560246,08-03-2024,referral,desktop,India
3422809,22-02-2024,email,mobile,India
2614493,01-01-2024,organic,mobile,India
1832360,08-01-2024,ads,desktop,India
3951723,31-01-2024,social,mobile,India
4322735,14-02-2024,ads,mobile,Germany
3181858,09-02-2024,organic,mobile,India
4027905,20-02-2024,referral,desktop,Canada
1753392,01-01-2024,organic,desktop,India
3793439,04-03-2024,organic,mobile,India
4363085,08-02-2024,organic,tablet,USA
1983677,10-02-2024,ads,mobile,UK
2277224,12-02-2024,social,desktop,India
3427509,03-01-2024,ads,tablet,UK
4563169,05-02-2024,ads,mobile,UK
1612316,20-01-2024,organic,desktop,Germany
2920886,05-02-2024,ads,mobile,India
3977623,30-04-2024,ads,tablet,India
1161929,24-02-2024,organic,mobile,India
4213197,15-01-2024,ads,mobile,USA
1680965,21-03-2024,ads,desktop,UK
1459491,02-02-2024,referral,mobile,Germany
1411210,25-02-2024,ads,mobile,India
1563526,13-01-2024,organic,mobile,USA
4628066,18-01-2024,referral,mobile,India
4251452,08-03-2024,organic,tablet,Canada
1545727,04-02-2024,ads,mobile,USA
3080893,20-01-2024,organic,mobile,UK
2548927,01-03-2024,ads,desktop,India
2171620,19-01-2024,referral,mobile,Canada
3502931,21-02-2024,organic,mobile,India
2225662,31-01-2024,organic,desktop,India
2904822,09-01-2024,ads,desktop,Germany
2652083,24-01-2024,ads,mobile,Canada
3468504,31-03-2024,ads,mobile,India
4737676,16-01-2024,email,mobile,Canada
4228518,13-01-2024,ads,mobile,USA
3447210,31-01-2024,organic,mobile,UK
3426931,02-02-2024,organic,tablet,India
3174089,23-06-2024,organic,tablet,India
4147516,18-03-2024,ads,desktop,India
2105034,10-01-2024,ads,mobile,India
4162884,06-01-2024,organic,mobile,India
1109668,18-02-2024,ads,desktop,India
1961787,26-02-2024,organic,mobile,India
1870722,10-01-2024,organic,mobile,UK
4567643,04-01-2024,organic,desktop,India
2175073,04-02-2024,email,mobile,India
4701619,12-07-2024,ads,tablet,India
1497519,20-03-2024,ads,mobile,India
2470666,07-02-2024,email,desktop,India
1909386,01-02-2024,organic,mobile,India
3547402,19-02-2024,organic,desktop,India
3904283,28-02-2024,referral,mobile,USA
1679820,29-04-2024,referral,mobile,India
2319322,02-02-2024,organic,desktop,India
2165093,29-01-2024,ads,desktop,USA
4466629,01-02-2024,ads,desktop,India
2069556,25-02-2024,ads,mobile,Germany
2432994,27-03-2024,organic,desktop,Canada
2927976,28-01-2024,referral,mobile,India
1169724,20-02-2024,social,mobile,India
2936056,23-01-2024,ads,tablet,USA
3118032,28-02-2024,ads,desktop,USA
2128874,26-01-2024,referral,mobile,USA
1570027,27-01-2024,organic,desktop,India
2335887,14-01-2024,ads,mobile,UK
2182833,16-03-2024,ads,mobile,India
4112067,05-01-2024,organic,mobile,USA
3675176,17-03-2024,ads,mobile,India
2521142,25-02-2024,organic,desktop,USA
1952395,07-05-2024,organic,desktop,Germany
4384268,12-02-2024,email,mobile,Canada
2922750,22-05-2024,email,desktop,India
2246650,08-05-2024,referral,desktop,UK
4277267,01-01-2024,email,mobile,Australia
3883960,05-02-2024,referral,mobile,Canada
2843908,06-03-2024,ads,mobile,Germany
2790698,03-04-2024,organic,desktop,Canada
2182197,09-03-2024,email,desktop,Canada
3854825,23-01-2024,organic,mobile,USA
2117109,01-01-2024,organic,tablet,USA
2467748,06-02-2024,email,tablet,Germany
4415129,25-03-2024,organic,desktop,India
3967674,14-01-2024,organic,mobile,India
4061761,07-02-2024,ads,mobile,Canada
4530077,22-01-2024,ads,mobile,Germany
3706690,27-01-2024,ads,mobile,Australia
3912033,02-03-2024,organic,desktop,India
1607759,01-03-2024,ads,desktop,Germany
3936800,03-02-2024,organic,mobile,UK
3343702,05-05-2024,ads,desktop,India
3394954,01-02-2024,email,desktop,India
1561458,05-03-2024,ads,mobile,USA
3950408,05-01-2024,ads,mobile,India
2792620,03-01-2024,ads,mobile,India
4990237,01-03-2024,organic,desktop,USA
4281614,03-01-2024,organic,tablet,India
1505740,16-02-2024,referral,desktop,India
2399577,07-02-2024,referral,mobile,India
2276364,04-01-2024,referral,mobile,India
2715547,10-04-2024,ads,desktop,USA
4455300,10-01-2024,organic,desktop,Germany
1135400,27-03-2024,organic,mobile,India
1572007,18-04-2024,social,tablet,UK
4963710,29-02-2024,referral,desktop,India
2378484,10-02-2024,referral,desktop,Germany
4407505,15-01-2024,organic,desktop,India
3763965,25-01-2024,referral,mobile,UK
3631559,12-01-2024,ads,desktop,USA
2277150,11-01-2024,ads,mobile,Australia
1621712,23-02-2024,ads,mobile,India
3581045,17-06-2024,organic,mobile,Germany
4624336,02-04-2024,ads,desktop,India
4131055,03-03-2024,ads,desktop,India
3981081,19-04-2024,organic,desktop,Canada
3611554,29-04-2024,email,mobile,India
4527120,13-01-2024,ads,mobile,India
4566247,07-02-2024,organic,mobile,India
3014114,21-05-2024,organic,mobile,Germany
4930800,28-02-2024,organic,mobile,Canada
3867202,29-01-2024,organic,desktop,India
2013911,23-03-2024,organic,desktop,UK
3467466,17-01-2024,email,desktop,USA
4109802,18-01-2024,ads,mobile,UK
3499125,29-02-2024,ads,mobile,India
4779177,05-01-2024,organic,desktop,UK
1983431,16-01-2024,ads,mobile,UK
1446824,01-02-2024,ads,mobile,Australia
1985168,06-03-2024,ads,mobile,Germany
1207568,05-01-2024,email,tablet,India
1577303,25-04-2024,organic,mobile,India
3333329,14-02-2024,organic,mobile,India
1574917,14-02-2024,referral,mobile,India
2795359,17-03-2024,organic,desktop,USA
2898430,29-01-2024,referral,desktop,Australia
1505277,09-08-2024,ads,mobile,India
1013623,13-01-2024,ads,mobile,India
2022048,26-04-2024,email,mobile,UK
2566768,12-01-2024,organic,desktop,USA
2300845,08-07-2024,ads,mobile,India
1276130,10-04-2024,email,mobile,UK
3893399,28-02-2024,ads,mobile,India
2208093,25-05-2024,referral,mobile,Australia
2571384,05-02-2024,organic,desktop,India
2348627,07-01-2024,organic,mobile,USA
4876990,28-04-2024,ads,mobile,India
1349913,12-03-2024,organic,desktop,Australia
1983007,24-02-2024,ads,mobile,Australia
4737179,14-01-2024,ads,desktop,Canada
1754193,04-01-2024,referral,mobile,India
4286647,15-02-2024,organic,mobile,Canada
3708488,01-04-2024,ads,mobile,India
1441688,28-01-2024,social,desktop,USA
1579460,11-03-2024,email,desktop,India
4259641,20-02-2024,organic,desktop,India
3466412,09-02-2024,email,mobile,India
3078051,18-01-2024,referral,tablet,USA
4661525,06-01-2024,organic,mobile,India
3391241,18-01-2024,email,desktop,UK
3812815,27-02-2024,ads,desktop,USA
3911160,16-01-2024,organic,mobile,India
1173394,22-04-2024,social,mobile,India
1185767,30-01-2024,organic,mobile,India
3751750,29-01-2024,ads,mobile,India
3454188,17-01-2024,organic,mobile,India
3655590,16-01-2024,organic,mobile,India
1324008,15-01-2024,ads,mobile,USA
2550454,29-01-2024,organic,desktop,India
1452987,05-02-2024,referral,mobile,USA
1839425,22-02-2024,organic,mobile,UK
1259464,11-01-2024,ads,mobile,India
2081103,16-03-2024,email,desktop,India
2774299,01-01-2024,organic,desktop,India
2165744,30-03-2024,organic,mobile,Australia
1814619,03-01-2024,ads,desktop,Australia
4862288,03-01-2024,referral,mobile,Germany
2962404,18-01-2024,organic,mobile,India
4919465,04-01-2024,ads,mobile,India
1106265,24-02-2024,organic,mobile,USA
2202899,29-01-2024,email,desktop,India
3934151,22-01-2024,ads,desktop,UK
1089855,09-01-2024,ads,tablet,India
3209114,02-01-2024,organic,desktop,UK
1922339,29-02-2024,ads,mobile,USA
4368259,09-02-2024,ads,mobile,UK
3586621,18-01-2024,organic,mobile,India
3680590,16-03-2024,organic,mobile,UK
4319938,01-02-2024,organic,mobile,USA
4694082,01-01-2024,referral,mobile,India
1129739,04-02-2024,organic,desktop,Germany
4408826,05-02-2024,organic,mobile,India
3817877,21-01-2024,social,desktop,USA
1331884,14-03-2024,ads,desktop,India
2640744,27-03-2024,organic,desktop,India
1558322,03-03-2024,email,mobile,Germany
4790825,17-03-2024,referral,mobile,Germany
2083923,27-05-2024,ads,mobile,USA
2467050,28-04-2024,ads,mobile,Germany
4226327,08-01-2024,referral,mobile,India
1194561,06-01-2024,email,desktop,USA
1382801,01-02-2024,organic,desktop,Canada
4480367,17-02-2024,referral,mobile,USA
2721615,24-01-2024,ads,mobile,India
4510660,04-01-2024,ads,mobile,India
2338920,02-01-2024,ads,desktop,USA
3211026,08-02-2024,ads,mobile,Canada
3587683,01-02-2024,social,desktop,India
2042825,08-03-2024,organic,tablet,USA
4192459,12-01-2024,referral,desktop,UK
3908513,15-01-2024,email,mobile,India
4349759,05-01-2024,email,desktop,UK
1061402,24-01-2024,organic,mobile,India
3675988,14-05-2024,ads,mobile,USA
3714985,04-01-2024,referral,mobile,USA
3950346,25-02-2024,ads,mobile,USA
4546900,26-01-2024,organic,mobile,Germany
3312852,01-01-2024,ads,desktop,USA
2064497,03-03-2024,organic,mobile,UK
2419696,26-03-2024,ads,mobile,India
4014437,24-01-2024,organic,mobile,India
2499525,01-03-2024,email,mobile,India
3688463,12-02-2024,referral,tablet,USA
4854971,17-01-2024,ads,mobile,Canada
1714684,07-02-2024,organic,mobile,Canada
1742993,09-02-2024,ads,mobile,USA
1569294,01-01-2024,social,mobile,Germany
4412648,28-02-2024,email,mobile,USA
4326666,02-04-2024,referral,desktop,India
3305679,26-01-2024,ads,mobile,India
4176751,10-01-2024,ads,desktop,UK
4290733,20-01-2024,email,mobile,India
4366167,25-01-2024,organic,mobile,India
3302947,01-02-2024,organic,desktop,India
3778523,18-03-2024,organic,desktop,USA
1958584,19-03-2024,ads,desktop,USA
2254514,16-03-2024,ads,desktop,UK
4155059,02-02-2024,referral,mobile,India
1881290,28-01-2024,organic,mobile,India
2365690,02-02-2024,organic,mobile,India
2698648,08-01-2024,ads,mobile,UK
4798891,01-02-2024,ads,desktop,India
2029631,07-04-2024,organic,mobile,India
4450646,06-01-2024,organic,mobile,USA
3607696,02-01-2024,email,mobile,UK
2723849,19-04-2024,organic,desktop,India
3680036,04-01-2024,email,mobile,India
4353195,20-01-2024,organic,desktop,Germany
1654684,13-06-2024,referral,mobile,Australia
1211068,15-01-2024,ads,mobile,USA
3355375,22-01-2024,email,mobile,India
2762734,03-01-2024,organic,mobile,USA
3733378,09-05-2024,organic,tablet,India
4727480,17-01-2024,ads,desktop,Canada
1630904,11-01-2024,referral,tablet,India
3294251,04-01-2024,ads,mobile,USA
4775598,18-01-2024,email,mobile,Canada
2698200,14-01-2024,ads,mobile,India
3678612,27-01-2024,ads,desktop,India
4056099,29-01-2024,social,desktop,India
4506500,16-04-2024,organic,desktop,Australia
2447112,19-01-2024,organic,desktop,India
4453565,14-02-2024,email,mobile,USA
4534321,06-03-2024,email,mobile,India
2828993,09-01-2024,organic,desktop,India
3186649,02-01-2024,social,mobile,USA
1413251,05-03-2024,ads,tablet,Canada
4862481,12-04-2024,email,mobile,UK
1415537,01-01-2024,organic,mobile,USA
1996331,25-02-2024,ads,desktop,India
4241111,25-02-2024,organic,mobile,India
4882023,26-01-2024,social,desktop,USA
3718161,15-01-2024,organic,mobile,Australia
1422291,14-06-2024,organic,tablet,Germany
4476634,05-02-2024,referral,mobile,USA
3960396,30-01-2024,referral,mobile,India
1395998,19-02-2024,organic,mobile,USA
2601136,23-01-2024,ads,mobile,India
3557554,06-03-2024,email,desktop,UK
3393716,15-07-2024,ads,mobile,India
4117369,19-01-2024,ads,desktop,Australia
1175861,03-03-2024,referral,desktop,UK
2318736,17-01-2024,ads,desktop,India
4504246,12-01-2024,ads,desktop,India
2144910,13-01-2024,ads,mobile,UK
1389915,17-01-2024,organic,tablet,India
2025466,29-01-2024,email,desktop,Canada
1753468,11-01-2024,referral,mobile,India
3022141,07-04-2024,ads,tablet,India
2656048,14-01-2024,ads,desktop,India
2412452,27-01-2024,organic,desktop,India
4961904,07-02-2024,organic,desktop,India
4069468,07-02-2024,email,mobile,Australia
1098677,20-02-2024,organic,mobile,USA
4054380,10-01-2024,referral,tablet,UK
2460763,15-01-2024,organic,desktop,Canada
2579014,13-06-2024,organic,desktop,India
2074631,04-02-2024,social,mobile,India
4589484,14-01-2024,organic,mobile,India
1432128,01-01-2024,organic,mobile,Canada
1786851,25-02-2024,organic,mobile,India
3859289,26-04-2024,organic,mobile,India
1008466,23-02-2024,referral,mobile,India
3143869,01-01-2024,referral,mobile,India
3853307,14-01-2024,organic,tablet,India
3371168,10-08-2024,organic,mobile,Australia
3324584,30-03-2024,referral,desktop,USA
4825153,17-01-2024,email,desktop,India
1087910,26-01-2024,organic,mobile,India
3441211,07-04-2024,organic,desktop,Canada
4112611,23-01-2024,organic,desktop,USA
4246581,07-04-2024,ads,mobile,India
3987453,06-03-2024,organic,tablet,Canada
1508961,07-01-2024,email,mobile,India
4982508,27-01-2024,organic,mobile,UK
1966962,05-04-2024,organic,mobile,India
2376135,05-02-2024,organic,mobile,Germany
2408723,13-02-2024,social,mobile,USA
2749702,14-01-2024,referral,mobile,India
3863197,22-01-2024,organic,desktop,Canada
4525814,14-01-2024,email,desktop,USA
2349392,11-02-2024,referral,mobile,India
2564374,14-02-2024,organic,mobile,Canada
2108783,30-01-2024,referral,mobile,India
2744011,13-02-2024,referral,desktop,UK
1999668,19-02-2024,organic,mobile,India
4277318,11-03-2024,ads,desktop,USA
4839335,23-03-2024,email,desktop,Germany
2030773,14-01-2024,ads,desktop,India
4158743,02-02-2024,organic,mobile,India
4541321,01-02-2024,ads,desktop,Germany
1803422,09-06-2024,organic,desktop,India
1095841,08-01-2024,ads,mobile,Australia
3807063,06-03-2024,organic,mobile,Germany
4496637,26-02-2024,referral,mobile,USA
3357216,27-01-2024,organic,mobile,UK
2280285,17-01-2024,email,desktop,India
4284449,05-01-2024,organic,desktop,Germany
1571386,30-01-2024,social,mobile,India
1477795,04-04-2024,referral,mobile,India
1450798,06-01-2024,organic,mobile,UK
3773603,01-06-2024,ads,mobile,UK
2870084,06-03-2024,ads,desktop,India
4697473,03-03-2024,organic,tablet,India
2216783,10-03-2024,organic,desktop,USA
1789011,14-01-2024,referral,desktop,Germany
1966092,19-02-2024,organic,mobile,India
1469265,29-02-2024,organic,mobile,USA
4341766,22-01-2024,organic,mobile,Australia
2519599,02-03-2024,organic,mobile,Australia
4497787,20-01-2024,referral,mobile,India
1869215,01-01-2024,organic,desktop,India
4969850,26-04-2024,ads,tablet,USA
1308672,15-01-2024,ads,mobile,India
4875452,10-01-2024,organic,desktop,UK
4158749,06-02-2024,organic,mobile,UK
2629514,02-01-2024,organic,tablet,Germany
1254582,30-04-2024,organic,mobile,India
2940650,04-01-2024,organic,desktop,Germany
2701576,23-04-2024,organic,desktop,USA
3575630,16-03-2024,organic,mobile,India
1605607,23-01-2024,ads,tablet,India
1674782,31-01-2024,ads,mobile,India
3055236,24-01-2024,organic,mobile,India
3678937,02-01-2024,organic,tablet,India
4484915,05-02-2024,organic,mobile,Australia
4584768,22-07-2024,ads,mobile,Germany
2219317,21-02-2024,ads,mobile,Canada
3889022,02-01-2024,organic,mobile,India
4572869,08-03-2024,organic,desktop,India
2896710,17-04-2024,social,desktop,India
1362681,07-05-2024,ads,mobile,USA
3049034,01-01-2024,organic,desktop,India
2099679,13-02-2024,email,mobile,UK
1258236,22-02-2024,organic,mobile,USA
3723694,07-01-2024,referral,mobile,USA
3215294,07-01-2024,ads,mobile,India
4487146,17-07-2024,email,mobile,India
3802310,26-02-2024,organic,mobile,India
3515123,30-01-2024,organic,desktop,USA
1750534,12-03-2024,referral,mobile,India
4040013,09-01-2024,email,mobile,UK
1310072,26-01-2024,organic,desktop,Australia
4325954,02-01-2024,referral,mobile,India
1943191,03-04-2024,organic,tablet,India
4900987,10-02-2024,social,mobile,India
4163081,19-01-2024,organic,desktop,India
2786381,14-01-2024,social,mobile,India
1245541,01-01-2024,organic,desktop,USA
1674013,12-01-2024,organic,mobile,India
2464446,26-02-2024,organic,mobile,India
4025781,18-03-2024,organic,desktop,UK
1483577,01-01-2024,email,mobile,India
2300794,04-02-2024,organic,mobile,India
1550758,04-02-2024,ads,desktop,USA
3123397,17-02-2024,organic,mobile,Australia
1831767,10-05-2024,referral,mobile,Canada
3676634,02-02-2024,organic,mobile,India
4226712,02-01-2024,organic,desktop,Australia
4595364,27-01-2024,ads,desktop,UK
4719397,11-02-2024,email,mobile,India
2718250,31-01-2024,ads,mobile,Canada
3203712,12-02-2024,referral,mobile,India
3413621,01-01-2024,organic,desktop,India
1422739,25-02-2024,ads,desktop,USA
2363796,01-02-2024,ads,mobile,India
1083369,05-02-2024,ads,desktop,India
2266239,02-01-2024,organic,mobile,India
3728086,06-04-2024,referral,mobile,India
3887501,09-02-2024,ads,mobile,India
2433379,22-01-2024,organic,mobile,India
4666115,09-01-2024,referral,desktop,Canada
1524474,15-01-2024,ads,desktop,USA
4728342,02-01-2024,organic,mobile,India
3405580,23-05-2024,social,mobile,India
2743223,29-04-2024,ads,mobile,India
4006065,10-02-2024,organic,desktop,India
1411301,07-03-2024,organic,tablet,USA
2826519,03-01-2024,social,desktop,USA
4275756,07-01-2024,ads,tablet,Canada
3834178,22-01-2024,ads,mobile,India
3158489,10-01-2024,ads,desktop,India
4867469,02-03-2024,referral,mobile,India
3782021,15-04-2024,organic,mobile,India
1858612,20-02-2024,ads,mobile,India
1576257,16-02-2024,social,mobile,India
1212247,04-02-2024,email,desktop,India
3753525,01-02-2024,referral,tablet,UK
3797151,07-01-2024,organic,desktop,USA
3891183,08-03-2024,ads,tablet,UK
1528786,27-01-2024,email,mobile,UK
3940705,15-02-2024,organic,mobile,India
3587166,01-02-2024,organic,mobile,India
3717770,08-02-2024,organic,mobile,UK
2179233,08-02-2024,organic,mobile,UK
4483003,03-02-2024,email,mobile,India
4549029,14-01-2024,organic,mobile,India
3194383,29-03-2024,social,mobile,USA
4464949,17-01-2024,ads,mobile,Australia
3861333,19-01-2024,organic,desktop,India
2277028,17-07-2024,organic,mobile,USA
1581013,19-01-2024,organic,mobile,UK
3956407,30-03-2024,organic,desktop,India
1091812,24-03-2024,organic,tablet,India
2108744,10-02-2024,email,mobile,India
4798533,02-04-2024,email,desktop,USA
4949089,04-06-2024,organic,desktop,India
2906373,17-02-2024,organic,mobile,Australia
4427407,13-08-2024,ads,mobile,India
4735566,22-02-2024,ads,mobile,India
1355419,15-02-2024,ads,mobile,India
2724262,02-02-2024,organic,desktop,USA
3378123,08-03-2024,organic,tablet,Germany
4053629,27-01-2024,ads,desktop,USA
3918741,07-01-2024,ads,mobile,India
3992608,02-01-2024,organic,desktop,Germany
2945593,20-02-2024,social,mobile,USA
4696704,31-01-2024,organic,mobile,Germany
4447500,21-03-2024,ads,desktop,Canada
1741962,20-04-2024,organic,mobile,UK
2734022,14-01-2024,organic,mobile,USA
2995283,05-01-2024,organic,mobile,UK
1219266,23-02-2024,organic,desktop,UK
1598424,14-01-2024,ads,tablet,USA
1600500,06-01-2024,ads,mobile,UK
1319990,29-03-2024,email,mobile,India
4268172,22-03-2024,organic,mobile,UK
2379443,12-01-2024,referral,mobile,UK
2163040,19-01-2024,ads,mobile,India
3776468,04-02-2024,ads,mobile,Canada
2861266,11-01-2024,organic,mobile,USA
1834959,25-01-2024,referral,desktop,India
2690886,12-03-2024,referral,desktop,Canada
2580284,13-01-2024,organic,desktop,India
4395624,01-01-2024,ads,tablet,India
1564945,28-03-2024,ads,mobile,USA
3263188,24-03-2024,organic,mobile,India
1707945,08-02-2024,email,mobile,India
1087848,08-02-2024,email,desktop,India
1658279,27-01-2024,referral,mobile,USA
4164336,17-02-2024,organic,mobile,Australia
1066314,05-01-2024,email,desktop,India
4146715,02-01-2024,organic,mobile,USA
2273888,12-03-2024,organic,mobile,UK
3808454,26-01-2024,ads,mobile,India
4716958,27-02-2024,organic,mobile,Canada
1440258,18-01-2024,ads,mobile,India
3342765,19-04-2024,email,desktop,USA
4422089,05-01-2024,ads,mobile,India
2875091,10-02-2024,ads,desktop,India
3538422,18-01-2024,email,desktop,India
4771485,06-03-2024,ads,mobile,India
2779697,16-06-2024,organic,tablet,India
4136970,22-01-2024,organic,mobile,Canada
1243252,03-02-2024,organic,desktop,USA
3220192,22-01-2024,ads,mobile,Germany
2052608,26-02-2024,ads,desktop,UK
2227657,17-03-2024,social,tablet,USA
2690456,24-07-2024,referral,mobile,USA
2083193,13-03-2024,organic,mobile,USA
3636925,26-02-2024,organic,desktop,India
4685827,06-01-2024,ads,tablet,India
1205862,28-01-2024,organic,mobile,India
2227808,27-01-2024,ads,mobile,USA
1145457,28-04-2024,ads,desktop,India
3212780,16-01-2024,ads,mobile,India
2047478,02-02-2024,ads,desktop,India
4355413,07-02-2024,organic,desktop,India
4824894,13-01-2024,organic,desktop,India
2586571,17-01-2024,organic,mobile,India
1703198,23-02-2024,organic,mobile,USA
1460783,23-01-2024,organic,mobile,India
1892278,13-02-2024,ads,mobile,India
4217138,13-01-2024,organic,tablet,USA
3789278,19-01-2024,referral,mobile,India
3642939,24-01-2024,social,desktop,India
1443440,27-01-2024,organic,desktop,Germany
1610058,25-03-2024,organic,mobile,USA
2653127,09-05-2024,organic,mobile,India
3550474,06-01-2024,ads,mobile,India
2517595,03-02-2024,ads,mobile,India
2127074,13-09-2024,ads,mobile,India
2155315,05-01-2024,ads,mobile,USA
1894421,06-01-2024,email,mobile,India
1301902,04-01-2024,organic,mobile,India
4863288,10-01-2024,ads,mobile,India
2100746,26-01-2024,social,mobile,India
2715193,01-01-2024,organic,mobile,India
1522510,19-01-2024,organic,desktop,USA
3805372,30-01-2024,ads,mobile,India
4709384,21-01-2024,referral,desktop,India
3701503,04-04-2024,ads,desktop,USA
3271833,08-02-2024,ads,desktop,India
1890078,03-01-2024,organic,tablet,India
2273660,29-02-2024,referral,desktop,USA
4370631,23-01-2024,organic,mobile,USA
1992089,27-02-2024,organic,mobile,India
4114988,09-02-2024,organic,mobile,Germany
3475177,15-01-2024,organic,tablet,Germany
3668316,16-01-2024,ads,mobile,UK
2517957,30-01-2024,organic,mobile,India
4312580,20-01-2024,ads,mobile,USA
4582878,10-06-2024,ads,desktop,USA
4799167,02-03-2024,organic,desktop,India
3014735,18-02-2024,ads,mobile,USA
4767464,07-02-2024,organic,mobile,India
3632871,24-01-2024,organic,mobile,Germany
4575724,03-06-2024,ads,mobile,USA
1507566,11-02-2024,organic,tablet,USA
2180339,21-01-2024,ads,mobile,India
4820758,24-01-2024,organic,mobile,UK
2214481,24-02-2024,ads,desktop,USA
3517167,25-03-2024,organic,tablet,USA
3534457,30-01-2024,referral,desktop,USA
3809808,13-01-2024,ads,desktop,UK
2468801,18-04-2024,referral,mobile,India
2517058,29-01-2024,ads,mobile,India
4400791,18-04-2024,ads,mobile,USA
2559005,17-03-2024,email,desktop,India
1889436,10-01-2024,organic,mobile,Canada
1573870,16-04-2024,organic,mobile,Canada
4667479,15-03-2024,ads,mobile,USA
1338575,02-01-2024,organic,mobile,Germany
2830873,17-01-2024,organic,desktop,Canada
4147776,03-02-2024,organic,mobile,India
4441731,28-03-2024,ads,mobile,India
3959184,04-01-2024,organic,mobile,USA
4911044,10-02-2024,organic,desktop,India
2502885,18-01-2024,organic,mobile,India
3644504,23-02-2024,organic,desktop,Germany
2368016,07-01-2024,organic,mobile,UK
3955295,28-01-2024,organic,mobile,India
2349209,12-01-2024,organic,mobile,India
1107139,21-01-2024,organic,desktop,USA
1621986,13-02-2024,ads,mobile,UK
1495830,22-03-2024,organic,mobile,Canada
1247782,05-01-2024,ads,desktop,USA
3869838,18-02-2024,ads,tablet,India
2866278,06-03-2024,ads,mobile,India
2532588,04-05-2024,organic,desktop,UK
4310476,07-01-2024,ads,mobile,Australia
1003793,09-01-2024,organic,mobile,USA
2577828,15-02-2024,ads,mobile,USA
3054559,10-01-2024,ads,mobile,India
4903000,10-04-2024,organic,desktop,India
3435067,30-01-2024,ads,mobile,India
3087258,04-02-2024,organic,desktop,India
2864237,25-02-2024,ads,mobile,India
2921274,09-01-2024,referral,mobile,India
1368641,24-01-2024,organic,desktop,India
1841016,24-01-2024,email,mobile,UK
4079006,02-01-2024,email,mobile,India
3144252,27-01-2024,organic,desktop,India
4988494,26-01-2024,organic,desktop,India
4306556,04-03-2024,ads,desktop,Germany
2097967,10-03-2024,organic,mobile,Canada
4056666,03-01-2024,referral,mobile,Germany
2934831,23-04-2024,organic,mobile,UK
4784268,18-01-2024,referral,desktop,UK
4058993,28-04-2024,social,desktop,India
1514117,17-02-2024,ads,mobile,India
4740507,22-01-2024,ads,mobile,USA
1520270,14-03-2024,referral,mobile,India
4588645,08-03-2024,ads,mobile,India
4142979,02-01-2024,ads,mobile,USA
3806518,07-02-2024,organic,mobile,India
2073157,16-02-2024,ads,tablet,Canada
4796644,08-01-2024,organic,mobile,USA
4227104,27-01-2024,ads,mobile,USA
4404534,20-02-2024,ads,desktop,India
4259469,01-01-2024,organic,mobile,India
2587068,12-01-2024,email,mobile,India
3013359,05-02-2024,referral,mobile,UK
2362257,07-01-2024,referral,mobile,India
4627235,26-01-2024,organic,tablet,India
4516970,22-01-2024,organic,mobile,India
3235020,29-02-2024,ads,mobile,India
3271592,07-02-2024,referral,mobile,India
3816322,05-01-2024,referral,mobile,USA
3947876,01-02-2024,ads,tablet,India
3957625,04-01-2024,ads,mobile,UK
3853339,24-01-2024,organic,mobile,UK
4857803,04-02-2024,referral,mobile,UK
3990925,14-02-2024,ads,mobile,UK
1781285,04-01-2024,organic,tablet,UK
4246270,25-02-2024,ads,mobile,Australia
1210096,14-01-2024,organic,desktop,Australia
4202320,19-01-2024,ads,mobile,Canada
3677561,13-02-2024,ads,desktop,USA
3461925,07-01-2024,ads,mobile,India
4227857,02-01-2024,organic,mobile,India
3077731,05-01-2024,referral,mobile,UK
4471463,27-07-2024,organic,desktop,USA
3406829,25-02-2024,organic,desktop,USA
4625122,01-01-2024,organic,mobile,India
1214211,22-02-2024,referral,mobile,India
2668849,22-02-2024,organic,desktop,Australia
3387324,12-08-2024,ads,mobile,USA
3064396,07-02-2024,referral,desktop,USA
3650626,03-01-2024,organic,mobile,Australia
1424688,03-10-2024,organic,mobile,UK
4743174,07-01-2024,organic,mobile,UK
3833948,23-04-2024,ads,desktop,USA
4094741,06-03-2024,email,mobile,India
4812195,10-02-2024,organic,desktop,India
3860534,10-01-2024,ads,mobile,UK
2128514,27-05-2024,ads,mobile,India
3513375,31-01-2024,organic,mobile,Australia
3887216,22-01-2024,organic,desktop,UK
3378802,02-02-2024,ads,mobile,Canada
1155657,27-02-2024,organic,mobile,USA
2544259,18-01-2024,email,mobile,USA
4143650,26-04-2024,organic,mobile,USA
2507935,29-05-2024,email,mobile,Germany
4427246,14-03-2024,referral,mobile,USA
3690827,24-01-2024,social,desktop,USA
2861984,10-01-2024,ads,desktop,Canada
4317414,09-01-2024,organic,desktop,Australia
1254521,03-01-2024,social,mobile,Germany
1734978,02-02-2024,ads,mobile,India
2964402,08-02-2024,social,tablet,USA
2061839,25-02-2024,organic,desktop,India
2903764,15-02-2024,ads,mobile,UK
1668407,19-01-2024,organic,desktop,India
2020310,20-03-2024,organic,tablet,India
1854364,29-01-2024,ads,desktop,Germany
3911920,14-02-2024,social,desktop,India
2721536,03-03-2024,organic,mobile,India
2378312,15-01-2024,organic,mobile,India
4350478,16-02-2024,organic,desktop,India
4827546,05-03-2024,ads,desktop,India
4963466,08-01-2024,organic,desktop,India
4172144,07-03-2024,ads,mobile,UK
2347260,15-01-2024,organic,mobile,India
1989870,14-04-2024,organic,mobile,USA
4516854,02-01-2024,organic,tablet,UK
3710527,03-02-2024,social,desktop,India
4810508,04-02-2024,ads,mobile,Australia
1494374,11-02-2024,organic,mobile,Germany
4169112,01-02-2024,ads,mobile,USA
4135703,22-01-2024,ads,desktop,Australia
3651510,14-03-2024,ads,desktop,USA
4082346,07-02-2024,ads,tablet,Canada
1850028,06-05-2024,organic,mobile,India
1606517,01-02-2024,ads,desktop,UK
1958044,18-01-2024,email,mobile,India
1296493,21-03-2024,organic,mobile,Australia
3863258,18-01-2024,email,mobile,India
1701157,24-03-2024,email,tablet,Canada
4779776,18-02-2024,referral,mobile,UK
2110936,30-01-2024,organic,mobile,UK
3014035,13-01-2024,organic,mobile,India
1981488,02-04-2024,ads,mobile,Canada
3355153,16-06-2024,organic,mobile,India
2961280,22-02-2024,email,mobile,UK
2127320,10-05-2024,ads,mobile,India
4281467,21-01-2024,social,desktop,Canada
2010257,01-01-2024,email,desktop,India
1536328,09-01-2024,organic,desktop,UK
2670195,14-02-2024,organic,desktop,India
3810644,29-03-2024,ads,tablet,UK
2036740,19-02-2024,organic,tablet,India
4057271,05-01-2024,organic,mobile,India
3584217,10-06-2024,ads,mobile,Germany
4509507,05-02-2024,organic,mobile,India
1217881,22-01-2024,organic,mobile,UK
2395091,14-04-2024,organic,desktop,Germany
2685181,01-03-2024,organic,mobile,India
1275024,05-01-2024,social,mobile,India
1592529,11-01-2024,email,desktop,USA
2351817,17-02-2024,ads,mobile,India
3379447,24-01-2024,referral,mobile,India
1903336,12-01-2024,organic,desktop,Canada
4562856,04-05-2024,referral,mobile,Canada
4396471,11-02-2024,ads,mobile,India
1770847,16-01-2024,ads,desktop,India
3749256,22-01-2024,ads,desktop,Canada
4678793,12-03-2024,organic,mobile,Canada
1935396,06-01-2024,organic,mobile,Canada
4648412,23-02-2024,ads,mobile,India
1603087,13-06-2024,organic,mobile,Australia
3109397,05-02-2024,referral,mobile,Australia
2958184,01-03-2024,organic,mobile,UK
2805370,20-01-2024,organic,tablet,USA
1833949,12-02-2024,referral,desktop,Canada
2370415,07-01-2024,ads,tablet,India
1181522,07-03-2024,organic,mobile,USA
1152714,26-01-2024,organic,desktop,USA
4774850,04-04-2024,social,desktop,UK
1879271,21-03-2024,referral,mobile,India
4270045,07-05-2024,organic,desktop,India
1272554,10-01-2024,organic,tablet,India
1414552,08-02-2024,organic,mobile,India
2265173,07-01-2024,organic,desktop,India
4496573,17-02-2024,referral,desktop,India
3667041,11-01-2024,organic,tablet,USA
4947895,03-04-2024,social,tablet,USA
3765505,04-01-2024,ads,mobile,India
1595215,26-01-2024,referral,mobile,Germany
2790323,21-01-2024,organic,desktop,USA
4735218,08-05-2024,organic,mobile,India
3361239,14-02-2024,organic,mobile,India
3530778,01-04-2024,organic,mobile,India
3474489,11-02-2024,email,desktop,India
4137492,05-01-2024,organic,mobile,Germany
1510145,18-01-2024,organic,mobile,UK
4377815,10-01-2024,referral,desktop,Canada
4862814,21-04-2024,ads,mobile,India
3340823,06-03-2024,organic,desktop,Germany
2627331,02-02-2024,ads,mobile,India
4266320,13-01-2024,ads,mobile,India
1347614,18-02-2024,organic,mobile,USA
2836959,21-01-2024,organic,desktop,India
1996818,19-01-2024,social,mobile,Germany
3241675,17-04-2024,ads,desktop,India
3158621,28-04-2024,ads,desktop,India
4921061,04-03-2024,organic,mobile,India
4606992,29-01-2024,email,mobile,India
4061430,08-01-2024,ads,desktop,India
4197735,04-01-2024,organic,mobile,Australia
4246513,20-03-2024,email,desktop,India
1825047,01-02-2024,referral,mobile,India
2330408,29-01-2024,ads,mobile,Canada
4480938,11-01-2024,ads,mobile,USA
1506154,24-02-2024,email,mobile,India
3391761,27-01-2024,organic,desktop,UK
1699616,15-01-2024,ads,tablet,USA
3589024,05-01-2024,organic,mobile,India
1308427,19-01-2024,organic,mobile,Australia
1045855,28-01-2024,organic,mobile,India
3854386,04-01-2024,ads,mobile,Germany
2769181,20-02-2024,email,mobile,USA
1641244,15-01-2024,ads,desktop,India
4129156,01-02-2024,social,mobile,India
3060488,26-01-2024,referral,mobile,India
3790631,26-02-2024,organic,mobile,India
1913910,02-03-2024,social,tablet,India
4019290,03-02-2024,ads,mobile,USA
3486050,27-01-2024,social,desktop,USA
2800427,28-02-2024,referral,mobile,Germany
1615126,04-02-2024,ads,mobile,India
1996553,03-01-2024,organic,desktop,India
2209220,08-01-2024,social,mobile,India
3414214,05-01-2024,social,mobile,India
4147996,21-01-2024,ads,desktop,India
2717223,13-01-2024,ads,tablet,India
4890013,19-01-2024,organic,mobile,India
3075080,05-01-2024,organic,desktop,UK
4193882,08-01-2024,organic,mobile,India
2929493,25-01-2024,ads,mobile,UK
4176809,03-04-2024,organic,desktop,India
1315767,02-01-2024,referral,mobile,India
4228802,22-02-2024,ads,mobile,Germany
3155603,07-01-2024,email,tablet,Canada
4664909,22-02-2024,email,tablet,USA
1983015,06-02-2024,organic,desktop,Canada
2466167,20-03-2024,ads,mobile,USA
2978157,01-06-2024,ads,desktop,India
1768546,04-01-2024,ads,mobile,USA
3922530,22-04-2024,email,desktop,India
1194251,03-01-2024,referral,mobile,India
2209775,02-01-2024,organic,mobile,UK
4281552,19-03-2024,email,mobile,India
3943898,10-02-2024,organic,desktop,India
3060281,17-01-2024,organic,mobile,India
3919711,28-01-2024,email,desktop,USA
1850296,01-03-2024,ads,mobile,Canada
1339796,04-02-2024,ads,desktop,UK
3315438,16-01-2024,email,desktop,Germany
3892057,18-03-2024,referral,desktop,Australia
3291197,02-02-2024,ads,desktop,UK
3160505,17-01-2024,organic,desktop,India
4102597,07-03-2024,ads,desktop,USA
1109688,04-01-2024,organic,tablet,USA
3677318,02-02-2024,organic,desktop,USA
2219834,16-01-2024,organic,desktop,USA
3385633,22-01-2024,ads,mobile,USA
2044568,18-03-2024,organic,desktop,India
1388081,22-01-2024,organic,desktop,India
1153271,14-01-2024,organic,mobile,India
4706967,22-01-2024,ads,tablet,India
3229553,04-02-2024,ads,mobile,India
2963292,04-01-2024,organic,mobile,USA
4166091,14-02-2024,email,mobile,UK
2150445,08-01-2024,email,mobile,USA
1018878,11-01-2024,organic,desktop,India
1196756,18-03-2024,ads,mobile,India
1612833,04-01-2024,referral,mobile,USA
3728470,04-05-2024,organic,desktop,India
1490611,26-01-2024,social,mobile,USA
1982792,28-01-2024,organic,mobile,UK
3628033,27-04-2024,ads,desktop,India
2120452,10-01-2024,organic,mobile,India
4436355,08-04-2024,referral,mobile,India
4021705,22-01-2024,organic,mobile,India
2481425,12-02-2024,organic,desktop,India
3386767,15-01-2024,ads,desktop,India
1643740,06-01-2024,email,desktop,India
3026256,10-01-2024,organic,mobile,USA
1806280,06-02-2024,email,mobile,USA
4127657,05-02-2024,organic,tablet,India
2640795,12-10-2024,ads,mobile,India
3987108,07-01-2024,ads,tablet,Australia
3360341,26-01-2024,ads,mobile,UK
2525950,27-01-2024,ads,desktop,UK
2769348,03-01-2024,organic,desktop,India
1816673,04-01-2024,organic,mobile,India
1714303,16-01-2024,organic,desktop,India
1631504,02-01-2024,social,desktop,India
4046116,14-01-2024,email,mobile,UK
1566516,23-01-2024,ads,mobile,Germany
4208642,03-01-2024,ads,mobile,Germany
1516063,10-01-2024,organic,mobile,India
4778949,24-02-2024,organic,desktop,India
2778164,10-01-2024,ads,tablet,UK
4772081,24-03-2024,organic,mobile,Australia
1438828,18-01-2024,ads,mobile,India
1262943,14-05-2024,organic,desktop,India
4579854,22-03-2024,social,mobile,UK
4049797,16-02-2024,referral,mobile,UK
2449985,08-05-2024,organic,mobile,USA
2952473,13-07-2024,ads,mobile,Australia
3748241,07-01-2024,referral,mobile,Germany
4630156,04-01-2024,ads,mobile,UK
1128360,25-01-2024,organic,mobile,India
1828627,05-02-2024,organic,desktop,India
1449817,20-01-2024,ads,mobile,India
4581981,08-02-2024,email,desktop,UK
1135127,03-01-2024,social,mobile,India
4775435,02-01-2024,social,mobile,USA
2804623,15-04-2024,email,mobile,India
2955340,12-02-2024,organic,tablet,USA
1846279,30-01-2024,referral,mobile,UK
4440326,21-01-2024,referral,mobile,UK
3977610,17-02-2024,organic,mobile,USA
2861205,16-02-2024,email,tablet,India
3866574,14-02-2024,ads,tablet,India
4465297,15-01-2024,referral,mobile,USA
4358221,27-02-2024,organic,mobile,UK
4408879,13-01-2024,referral,mobile,India
3244030,04-03-2024,ads,mobile,India
2640680,03-01-2024,email,mobile,USA
2912380,16-06-2024,organic,mobile,UK
1359421,21-01-2024,organic,mobile,Germany
1475657,09-01-2024,email,mobile,India
1060845,22-02-2024,ads,desktop,India
1786533,05-01-2024,organic,mobile,India
1560515,26-01-2024,referral,desktop,India
1546522,13-04-2024,referral,mobile,India
4279834,11-03-2024,organic,mobile,India
2035088,03-02-2024,organic,mobile,India
1612416,29-01-2024,organic,mobile,USA
4267503,19-01-2024,ads,mobile,USA
1685231,03-04-2024,ads,mobile,UK
3974471,14-08-2024,ads,mobile,Germany
4591811,13-01-2024,email,desktop,India
1567799,02-01-2024,organic,desktop,Germany
2291479,11-01-2024,ads,mobile,Canada
1101764,17-01-2024,ads,tablet,Australia
4773000,01-01-2024,organic,desktop,Germany
2306088,24-01-2024,social,desktop,UK
4829410,17-01-2024,organic,mobile,India
4448128,02-04-2024,organic,mobile,UK
1733338,10-07-2024,organic,desktop,UK
4872623,04-01-2024,organic,desktop,Germany
4392733,27-01-2024,organic,mobile,India
3703574,05-02-2024,referral,desktop,Canada
4640370,06-01-2024,organic,desktop,India
3991631,09-01-2024,organic,mobile,India
1278501,12-02-2024,ads,desktop,India
3147033,28-01-2024,ads,tablet,India
4631048,14-01-2024,organic,desktop,USA
2891056,22-01-2024,ads,mobile,USA
4475112,07-01-2024,organic,mobile,India
3786717,08-03-2024,email,mobile,India
4095207,05-02-2024,organic,mobile,UK
3508170,20-01-2024,referral,mobile,India
1297492,13-03-2024,organic,mobile,USA
1342052,04-01-2024,ads,mobile,India
4789126,22-01-2024,organic,desktop,India
1806947,20-01-2024,organic,mobile,Canada
3118572,12-05-2024,ads,mobile,UK
4580351,09-01-2024,email,mobile,Germany
3070160,01-02-2024,social,mobile,USA
4630181,21-02-2024,organic,mobile,India
3259859,29-05-2024,ads,mobile,India
1572474,05-02-2024,email,mobile,Australia
4392141,18-01-2024,ads,mobile,India
2417272,24-03-2024,email,mobile,India
1719333,15-02-2024,organic,desktop,UK
4741437,23-06-2024,organic,desktop,UK
3566868,10-02-2024,ads,tablet,India
3112587,07-01-2024,ads,mobile,India
2881116,25-03-2024,ads,mobile,India
4302187,05-01-2024,organic,tablet,UK
4035751,04-01-2024,organic,desktop,Germany
3831360,02-02-2024,email,mobile,USA
4270210,11-03-2024,organic,mobile,India
2107233,14-03-2024,ads,mobile,India
1845774,02-02-2024,email,mobile,India
4646115,23-01-2024,social,mobile,Germany
3813338,05-01-2024,ads,desktop,India
2596010,08-02-2024,ads,desktop,USA
3079767,10-01-2024,ads,desktop,India
4464447,18-02-2024,ads,desktop,India
3880807,05-02-2024,organic,mobile,India
2009601,28-04-2024,organic,desktop,India
2210112,02-03-2024,ads,mobile,India
2208318,04-03-2024,organic,desktop,India
1670212,21-01-2024,organic,mobile,USA
1489685,27-03-2024,email,mobile,India
3500639,05-02-2024,ads,mobile,India
1721950,19-01-2024,ads,tablet,USA
1516137,12-05-2024,email,mobile,USA
4927584,28-01-2024,ads,mobile,Australia
2041710,04-04-2024,social,mobile,India
1870358,16-01-2024,referral,mobile,Australia
2707142,05-03-2024,organic,desktop,India
4706347,11-01-2024,ads,mobile,Canada
4533591,20-04-2024,ads,desktop,UK
4172932,07-01-2024,organic,tablet,India
1547887,14-01-2024,organic,desktop,India
1844846,16-01-2024,ads,mobile,UK
1251678,30-01-2024,ads,desktop,India
1595386,16-02-2024,organic,desktop,UK
2968046,11-02-2024,social,mobile,Canada
3332541,02-02-2024,organic,mobile,India
2150785,18-01-2024,ads,mobile,India
3943675,12-05-2024,social,desktop,Canada
3798619,13-01-2024,ads,mobile,India
4894567,21-02-2024,ads,mobile,India
3063810,13-01-2024,organic,tablet,India
4790086,06-02-2024,email,mobile,India
4954295,16-03-2024,ads,mobile,USA
1904935,28-09-2024,organic,mobile,India
3766573,30-03-2024,ads,desktop,India
4828691,30-01-2024,ads,desktop,Australia
2557925,24-02-2024,organic,desktop,India
4827359,07-02-2024,ads,tablet,India
2789234,24-02-2024,social,mobile,India
2626281,14-01-2024,ads,mobile,UK
4436834,13-01-2024,referral,mobile,Canada
3859390,11-02-2024,ads,mobile,Germany
2837335,20-03-2024,ads,mobile,Canada
1849439,23-01-2024,organic,mobile,India
3679846,08-02-2024,organic,mobile,USA
4688469,21-01-2024,organic,tablet,India
4220584,28-01-2024,referral,mobile,USA
1794248,28-03-2024,ads,desktop,India
4744123,16-03-2024,social,mobile,UK
1817969,18-01-2024,ads,mobile,India
4433259,05-01-2024,email,desktop,Australia
4723541,25-01-2024,referral,mobile,USA
3497289,09-04-2024,email,mobile,Australia
1467677,21-01-2024,organic,mobile,India
1179672,20-06-2024,ads,mobile,Australia
2116870,09-03-2024,organic,mobile,India
1955055,11-01-2024,referral,tablet,Australia
3624699,14-03-2024,organic,mobile,Germany
1801837,14-02-2024,organic,mobile,Canada
2435150,16-01-2024,organic,mobile,India
4632824,22-01-2024,organic,desktop,India
4727762,09-01-2024,ads,mobile,India
1531009,04-02-2024,ads,mobile,India
2942785,16-04-2024,organic,mobile,Germany
1003686,20-01-2024,ads,desktop,USA
2363281,01-02-2024,organic,desktop,UK
4262312,05-05-2024,referral,tablet,India
2857951,22-02-2024,organic,desktop,India
1736447,01-01-2024,organic,mobile,Australia
3072219,18-02-2024,ads,desktop,USA
2507567,05-01-2024,social,desktop,India
4293318,02-02-2024,ads,desktop,India
3446566,01-03-2024,email,mobile,India
3321096,23-01-2024,organic,tablet,Australia
2814802,07-04-2024,organic,mobile,USA
4557501,24-01-2024,organic,desktop,India
4666365,30-01-2024,email,desktop,Germany
4936879,08-01-2024,email,mobile,UK
3545651,18-03-2024,organic,mobile,India
1430807,17-01-2024,ads,mobile,India
4395539,14-01-2024,organic,mobile,India
2866023,01-02-2024,organic,desktop,Australia
4611619,01-01-2024,ads,tablet,Germany
2025533,27-02-2024,social,mobile,India
3668893,11-03-2024,organic,mobile,USA
3787227,12-02-2024,ads,desktop,UK
1172233,09-02-2024,email,mobile,Germany
1498057,12-01-2024,ads,mobile,India
4339537,29-03-2024,referral,mobile,Australia
4398332,19-01-2024,ads,mobile,USA
2882404,08-01-2024,ads,tablet,USA
4125345,04-01-2024,organic,mobile,India
1047282,21-01-2024,referral,mobile,UK
2645861,25-02-2024,referral,mobile,Canada
2120081,24-02-2024,referral,mobile,India
2706251,11-01-2024,organic,mobile,India
1500381,11-01-2024,organic,mobile,India
2702810,27-01-2024,email,tablet,USA
4789510,26-01-2024,ads,tablet,Germany
4297416,22-03-2024,ads,mobile,Canada
1725211,19-01-2024,organic,desktop,UK
1374876,02-02-2024,organic,tablet,Canada
3391832,27-01-2024,ads,desktop,USA
3536273,07-01-2024,ads,desktop,Canada
3674988,20-01-2024,organic,mobile,India
4160487,07-01-2024,referral,desktop,Canada
3086177,20-02-2024,organic,mobile,Australia
3314962,20-01-2024,organic,desktop,UK
1560876,08-01-2024,ads,desktop,UK
4306182,05-01-2024,organic,mobile,Canada
4320535,22-02-2024,organic,mobile,India
4592671,03-01-2024,organic,mobile,USA
2551436,08-03-2024,ads,desktop,India
1878290,24-02-2024,organic,mobile,India
2318046,28-01-2024,ads,mobile,Germany
4263410,17-04-2024,referral,desktop,UK
1773491,25-08-2024,ads,mobile,India
4119145,30-01-2024,organic,desktop,India
1136852,27-01-2024,ads,tablet,USA
3798804,30-04-2024,referral,mobile,India
4347628,25-01-2024,referral,desktop,India
4367016,22-01-2024,social,mobile,India
3547534,02-03-2024,organic,mobile,UK
1216997,04-03-2024,ads,mobile,USA
4000107,27-01-2024,organic,desktop,India
3928685,07-01-2024,ads,desktop,India
4946904,04-01-2024,ads,desktop,India
2390339,11-01-2024,ads,mobile,Australia
3092012,07-01-2024,organic,desktop,Canada
1312860,07-01-2024,referral,mobile,Canada
3819725,10-01-2024,ads,desktop,India
1715761,25-01-2024,organic,mobile,India
4507366,21-01-2024,organic,mobile,India
4915418,02-01-2024,ads,desktop,USA
2441000,28-02-2024,ads,mobile,Canada
4900726,02-01-2024,organic,mobile,India
4050487,02-01-2024,organic,desktop,UK
1218175,03-01-2024,organic,desktop,USA
2092671,09-01-2024,organic,mobile,Australia
3499626,11-02-2024,organic,desktop,India
1413882,08-01-2024,organic,mobile,Germany
3815239,01-01-2024,organic,mobile,USA
1263329,11-05-2024,referral,mobile,USA
3213195,09-03-2024,organic,desktop,USA
2031081,09-02-2024,referral,mobile,USA
1341902,07-01-2024,organic,desktop,India
2256252,31-01-2024,organic,desktop,India
2426368,01-01-2024,email,mobile,India
3459437,03-01-2024,organic,desktop,India
3733254,10-03-2024,organic,desktop,India
2950923,07-01-2024,ads,mobile,USA
3010585,17-01-2024,ads,mobile,USA
2713621,01-03-2024,organic,desktop,India
3065005,20-01-2024,organic,mobile,India
3224277,28-06-2024,ads,desktop,UK
2874554,03-05-2024,organic,desktop,USA
2100340,13-01-2024,organic,desktop,India
4657571,15-01-2024,organic,mobile,India
1903705,26-01-2024,organic,desktop,India
4800393,06-02-2024,organic,mobile,UK
2997085,19-06-2024,ads,desktop,USA
1641040,18-01-2024,organic,desktop,India
3428622,08-04-2024,ads,mobile,India
3953855,22-02-2024,organic,desktop,USA
4371952,30-03-2024,organic,desktop,USA
1700822,08-04-2024,referral,desktop,India
1753279,07-01-2025,organic,mobile,India
4405345,18-03-2024,organic,desktop,USA
4440941,16-01-2024,organic,desktop,India
4370868,14-04-2024,organic,tablet,Australia
1426627,26-01-2024,organic,mobile,India
4449759,17-01-2024,organic,mobile,India
3252830,25-01-2024,organic,desktop,India
4851075,06-01-2024,ads,mobile,Germany
4272596,02-04-2024,organic,desktop,India
3349533,08-07-2024,organic,mobile,India
4629121,07-04-2024,organic,desktop,India
3385490,27-02-2024,email,desktop,USA
2565575,02-02-2024,ads,mobile,India
2714088,21-05-2024,email,mobile,India
4869684,04-06-2024,ads,desktop,USA
3135621,04-02-2024,organic,desktop,UK
3931334,06-01-2024,organic,desktop,India
3131105,29-03-2024,organic,mobile,USA
4960287,08-01-2024,ads,mobile,India
1701283,11-03-2024,organic,desktop,USA
2791392,13-01-2024,organic,mobile,Canada
1637462,07-03-2024,organic,mobile,Canada
3131370,14-03-2024,organic,mobile,USA
4365673,01-10-2024,organic,desktop,UK
3767197,07-01-2024,email,mobile,Germany
1145758,07-01-2024,email,mobile,India
2090654,23-05-2024,ads,mobile,India
1205080,05-04-2024,email,mobile,Canada
3486997,09-05-2024,ads,mobile,India
1734332,21-04-2024,ads,mobile,Australia
1058023,04-01-2024,organic,desktop,India
2385555,26-01-2024,organic,desktop,USA
3618041,27-01-2024,ads,desktop,USA
1813993,28-01-2024,organic,mobile,India
3365466,19-02-2024,ads,mobile,Germany
3989599,19-01-2024,ads,tablet,USA
2483157,01-02-2024,organic,mobile,India
2946433,24-01-2024,email,desktop,Australia
4327265,02-01-2024,organic,desktop,Canada
4857246,23-01-2024,organic,mobile,India
1688327,09-02-2024,organic,tablet,India
4006834,27-02-2024,ads,desktop,India
4595529,25-01-2024,referral,mobile,USA
4899887,06-01-2024,ads,tablet,India
1272795,06-05-2024,ads,desktop,Germany
1515995,19-03-2024,ads,mobile,UK
4028567,29-02-2024,email,mobile,UK
3567930,09-03-2024,organic,mobile,India
3409837,12-01-2024,ads,tablet,UK
3621420,26-01-2024,ads,mobile,India
1311420,17-01-2024,organic,mobile,USA
3420867,09-01-2024,organic,mobile,India
4598728,25-01-2024,organic,desktop,India
4580243,04-04-2024,organic,mobile,India
1451587,15-01-2024,organic,desktop,UK
4541549,25-01-2024,organic,mobile,India
3429823,16-01-2024,ads,desktop,India
2769453,01-01-2024,organic,mobile,India
1327333,18-01-2024,organic,tablet,Canada
1701288,24-05-2024,ads,desktop,India
4500627,15-02-2024,organic,tablet,USA
1644691,31-01-2024,organic,mobile,USA
3843536,07-01-2024,email,mobile,USA
4508335,22-01-2024,ads,mobile,India
2481355,20-04-2024,social,mobile,UK
2270841,07-01-2024,ads,mobile,Canada
1624804,19-01-2024,referral,mobile,India
2024924,04-01-2024,organic,desktop,UK
2527404,03-01-2024,email,mobile,India
3784080,25-06-2024,email,desktop,USA
1879103,09-02-2024,ads,mobile,UK
3494181,30-03-2024,organic,mobile,USA
4839595,24-01-2024,ads,desktop,Australia
4088775,30-01-2024,ads,desktop,India
2390783,07-01-2024,organic,desktop,India
1826015,13-06-2024,organic,mobile,USA
4547055,19-03-2024,organic,desktop,India
3914336,06-02-2024,ads,mobile,Australia
1674768,14-02-2024,ads,mobile,UK
2430533,05-04-2024,organic,desktop,India
1731713,17-01-2024,organic,mobile,India
4326549,06-02-2024,ads,mobile,Germany
3883001,28-02-2024,ads,mobile,India
3996373,29-01-2024,ads,desktop,USA
2441039,22-04-2024,organic,mobile,Australia
3967582,12-02-2024,email,mobile,India
2516203,17-02-2024,organic,desktop,India
2818773,27-01-2024,ads,mobile,India
3632328,03-01-2024,social,mobile,Canada
3620383,07-01-2024,organic,mobile,USA
2454005,02-03-2024,organic,tablet,India
2257397,13-02-2024,social,mobile,USA
3321488,19-01-2024,organic,desktop,India
2799799,20-02-2024,organic,mobile,India
1597859,30-03-2024,ads,mobile,India
4330602,08-02-2024,referral,mobile,USA
1584534,01-03-2024,organic,mobile,India
1214249,06-01-2024,organic,desktop,India
4388203,24-02-2024,ads,mobile,UK
2683492,08-02-2024,organic,tablet,Canada
2942709,18-02-2024,email,desktop,Canada
1028227,23-02-2024,referral,mobile,USA
4550582,07-03-2024,ads,mobile,USA
3731293,10-03-2024,organic,mobile,India
3118095,30-03-2024,organic,tablet,UK
1415773,04-01-2024,ads,mobile,USA
2006485,01-03-2024,referral,mobile,India
3163191,27-02-2024,social,mobile,Canada
1212692,06-04-2024,ads,mobile,India
3495498,08-01-2024,email,mobile,India
1638761,01-01-2024,organic,desktop,Canada
1487072,03-02-2024,email,desktop,USA
3863885,31-01-2024,organic,desktop,Germany
3191131,10-07-2024,organic,desktop,Germany
3832879,08-02-2024,organic,desktop,India
2978297,14-01-2024,organic,desktop,India
1470241,13-02-2024,organic,mobile,India
1293396,03-02-2024,organic,mobile,UK
2991171,17-01-2024,organic,mobile,Australia
3894193,12-02-2024,organic,desktop,UK
4994295,21-03-2024,email,mobile,USA
1398129,21-01-2024,organic,mobile,India
3864188,09-02-2024,organic,mobile,USA
1325354,01-07-2024,social,mobile,UK
2329085,16-01-2024,organic,mobile,Australia
3226754,01-01-2024,ads,mobile,Germany
4157342,06-01-2024,ads,tablet,India
4679117,04-01-2024,referral,desktop,USA
2488999,15-03-2024,email,mobile,India
1949918,16-02-2024,organic,desktop,India
4233670,01-01-2024,ads,desktop,India
3789125,15-04-2024,organic,desktop,India
1340697,04-01-2024,organic,tablet,USA
3278619,06-01-2024,organic,mobile,Australia
4239061,26-02-2024,ads,desktop,Germany
1015341,12-04-2024,email,tablet,India
4960417,01-01-2024,organic,mobile,India
2140152,07-01-2024,social,mobile,India
1487307,15-03-2024,organic,desktop,India
2387946,14-01-2024,organic,mobile,India
2545671,07-01-2024,ads,mobile,USA
2765594,02-03-2024,ads,tablet,Germany
3864147,03-01-2024,organic,desktop,Canada
3600123,11-04-2024,organic,mobile,India
4895892,16-01-2024,organic,mobile,India
2516036,31-01-2024,organic,mobile,Australia
2815664,07-01-2024,email,desktop,India
2990473,04-01-2024,organic,desktop,India
1919595,05-02-2024,organic,desktop,India
4437168,05-06-2024,referral,mobile,USA
2322681,24-01-2024,organic,desktop,India
3244319,14-02-2024,organic,desktop,Australia
2740460,07-01-2024,ads,mobile,UK
1058083,22-02-2024,organic,mobile,India
2248326,01-02-2024,ads,mobile,India
1449528,20-01-2024,organic,mobile,Australia
4029447,30-01-2024,referral,mobile,India
4530798,06-02-2024,ads,desktop,Canada
3601623,26-05-2024,organic,desktop,Canada
1015882,28-02-2024,social,mobile,India
2822597,01-01-2024,ads,mobile,India
1925993,11-02-2024,ads,mobile,India
3762270,04-02-2024,ads,mobile,Canada
4851194,05-03-2024,organic,tablet,USA
3120698,07-01-2024,organic,mobile,India
4989761,03-02-2024,organic,tablet,India
1630126,05-02-2024,organic,mobile,UK
3765183,05-03-2024,email,desktop,India
3964156,05-03-2024,organic,desktop,Germany
4267293,06-01-2024,organic,mobile,Germany
4985526,13-01-2024,organic,mobile,UK
4404651,11-06-2024,ads,desktop,India
4566953,28-01-2024,organic,mobile,India
2624983,16-02-2024,ads,desktop,USA
2626684,01-01-2024,ads,mobile,India
3486038,25-02-2024,ads,mobile,Germany
3591186,02-01-2024,organic,desktop,India
1891552,04-05-2024,ads,mobile,Canada
1496367,13-01-2024,organic,desktop,USA
3385915,12-01-2024,organic,mobile,Canada
4024958,10-01-2024,organic,mobile,Canada
2085289,17-01-2024,ads,desktop,Australia
3925773,25-01-2024,organic,mobile,India
4686464,14-01-2024,organic,mobile,UK
3358086,22-01-2024,ads,mobile,India
1712702,01-01-2024,email,mobile,India
4527132,20-01-2024,organic,mobile,India
2050591,09-02-2024,organic,desktop,UK
2454510,22-03-2024,social,mobile,USA
2562161,05-01-2024,organic,tablet,India
2786070,04-01-2024,organic,mobile,Australia
3248028,02-05-2024,referral,mobile,Canada
2327236,10-01-2024,referral,mobile,Canada
3667984,24-03-2024,organic,desktop,India
2095987,06-03-2024,referral,mobile,India
4841774,20-01-2024,organic,mobile,USA
4993105,09-03-2024,organic,mobile,India
2627856,06-01-2024,organic,desktop,Germany
3598516,14-04-2024,email,mobile,USA
3566121,02-05-2024,organic,mobile,India
3191150,25-03-2024,social,mobile,India
1474792,09-02-2024,organic,desktop,India
3472935,30-01-2024,ads,mobile,USA
4279299,06-01-2024,ads,desktop,UK
4047924,23-02-2024,ads,mobile,India
2442328,01-01-2024,organic,desktop,India
3404229,11-01-2024,social,mobile,India
3112670,13-07-2024,referral,mobile,USA
4551887,21-01-2024,organic,mobile,India
4371503,28-02-2024,organic,mobile,India
2824324,01-01-2024,referral,mobile,India
2612992,17-01-2024,organic,mobile,India
3887515,14-01-2024,organic,mobile,India
3611385,21-01-2024,social,desktop,Germany
1024162,25-01-2024,ads,mobile,India
1619452,20-02-2024,social,mobile,India
1968216,02-01-2024,social,mobile,India
4970648,09-03-2024,organic,mobile,Canada
2786225,08-01-2024,ads,desktop,Canada
2051062,27-01-2024,referral,mobile,India
4953105,10-01-2024,social,mobile,India
1436380,29-02-2024,ads,tablet,India
2676496,10-01-2024,ads,mobile,USA
2740467,21-01-2024,organic,mobile,Canada
4773384,26-01-2024,ads,mobile,India
2040917,10-01-2024,social,tablet,India
2095455,03-03-2024,ads,mobile,India
1970684,23-02-2024,organic,mobile,USA
3837964,12-01-2024,ads,mobile,India
3587814,03-02-2024,referral,mobile,UK
1419707,12-03-2024,referral,desktop,USA
2230559,16-02-2024,organic,mobile,Australia
4678746,09-01-2024,ads,mobile,India
2549146,19-01-2024,organic,mobile,Canada
1045767,03-01-2024,ads,mobile,India
1068219,09-01-2024,organic,mobile,UK
3327749,06-03-2024,ads,mobile,India
2115689,04-01-2024,ads,mobile,USA
3216486,03-01-2024,organic,mobile,USA
3441659,04-01-2024,email,mobile,India
1817050,14-02-2024,ads,desktop,India
3857862,01-01-2024,referral,desktop,Germany
3560142,23-01-2024,organic,desktop,India
1962603,31-01-2024,organic,tablet,Germany
2904108,10-01-2024,ads,mobile,USA
4957084,18-07-2024,ads,mobile,India
2107102,04-05-2024,organic,desktop,India
1273792,22-01-2024,ads,mobile,USA
2893186,25-01-2024,organic,desktop,Canada
4225630,19-04-2024,email,desktop,India
1073048,28-03-2024,referral,desktop,India
4221543,12-01-2024,organic,mobile,UK
2980966,01-02-2024,organic,mobile,India
2242118,25-01-2024,email,desktop,India
1211655,17-07-2024,organic,mobile,Germany
1769141,18-01-2024,email,mobile,India
1993732,12-03-2024,organic,mobile,UK
3687981,30-01-2024,social,tablet,India
2572716,21-01-2024,ads,desktop,India
4031657,24-06-2024,ads,mobile,India
2188975,28-01-2024,organic,mobile,USA
1296916,30-01-2024,referral,mobile,USA
1495105,03-01-2024,ads,mobile,USA
2840161,24-01-2024,organic,mobile,USA
4390859,13-01-2024,organic,desktop,India
2307078,24-01-2024,ads,desktop,Australia
2401526,20-01-2024,organic,mobile,India
2358558,24-01-2024,referral,desktop,India
2110787,06-04-2024,organic,mobile,USA
1174844,05-04-2024,organic,mobile,Canada
1361605,02-01-2024,ads,mobile,USA
3992081,01-04-2024,organic,mobile,India
1085943,15-01-2024,referral,mobile,India
4247521,01-02-2024,email,mobile,India
3550091,29-01-2024,ads,mobile,India
3466744,12-01-2024,ads,desktop,Canada
3128781,18-04-2024,ads,mobile,India
3566608,29-02-2024,social,mobile,USA
2322764,30-01-2024,ads,mobile,USA
3254726,19-01-2024,organic,desktop,USA
1695550,03-03-2024,organic,mobile,UK
4297043,01-01-2024,organic,tablet,India
2730256,08-02-2024,referral,desktop,Germany
4468382,11-03-2024,ads,mobile,India
4887492,09-01-2024,organic,desktop,India
2781762,23-03-2024,ads,mobile,USA
4133311,31-01-2024,ads,mobile,India
3138356,02-03-2024,organic,tablet,India
3717285,11-01-2024,ads,mobile,India
4839240,07-01-2024,referral,mobile,India
2286299,11-02-2024,ads,mobile,Canada
4731862,11-04-2024,email,desktop,USA
3325864,29-03-2024,organic,mobile,India
3089880,07-01-2024,referral,tablet,India
4446134,11-01-2024,email,mobile,India
2161688,19-01-2024,ads,mobile,UK
1230501,12-01-2024,organic,desktop,India
2027711,04-01-2024,organic,desktop,India
1410793,17-03-2024,ads,mobile,India
2511065,15-03-2024,organic,desktop,Canada
3899757,15-02-2024,ads,mobile,USA
4385865,09-01-2024,ads,mobile,India
4944425,08-03-2024,email,desktop,Canada
2382354,04-01-2024,email,mobile,UK
1411733,18-07-2024,organic,mobile,India
3436838,13-01-2024,organic,mobile,UK
4453327,05-01-2024,ads,mobile,UK
3699422,20-02-2024,referral,desktop,UK
4982440,06-01-2024,organic,desktop,USA
4156969,16-04-2024,organic,mobile,India
3384078,05-01-2024,organic,mobile,India
1430060,31-03-2024,organic,mobile,India
4807835,16-03-2024,organic,mobile,India
1888268,03-01-2024,organic,mobile,India
2039063,28-01-2024,referral,desktop,India
1497610,22-03-2024,organic,desktop,India
4356674,08-06-2024,ads,mobile,India
3718639,29-02-2024,organic,mobile,India
4921054,14-01-2024,referral,desktop,Canada
2732609,01-01-2024,ads,mobile,Australia
4547578,22-03-2024,organic,mobile,Canada
3839550,17-06-2024,social,mobile,India
4855873,08-01-2024,organic,desktop,India
1839526,16-02-2024,ads,mobile,India
3135144,26-01-2024,organic,mobile,UK
1913103,07-01-2024,ads,mobile,India
1277123,25-02-2024,ads,mobile,USA
3545127,19-01-2024,ads,desktop,India
2252291,06-01-2024,organic,mobile,India
4781311,02-01-2024,ads,desktop,India
2589458,31-01-2024,ads,desktop,USA
4199019,04-03-2024,email,mobile,USA
3995888,04-02-2024,ads,mobile,India
3017750,29-02-2024,ads,mobile,UK
2416125,02-01-2024,ads,mobile,India
2289688,14-03-2024,ads,mobile,UK
4542918,07-01-2024,referral,mobile,Australia
4332125,26-04-2024,ads,mobile,UK
2944935,27-03-2024,ads,desktop,USA
3278059,15-01-2024,ads,mobile,USA
4082669,27-02-2024,organic,mobile,India
1997361,11-01-2024,organic,mobile,UK
4598372,11-01-2024,organic,desktop,India
2642953,26-03-2024,organic,mobile,India
2001190,19-03-2024,ads,mobile,India
4306066,19-03-2024,social,mobile,Germany
2644525,13-02-2024,ads,mobile,Canada
3844182,17-01-2024,email,mobile,Germany
3946274,28-01-2024,organic,mobile,USA
1080349,05-01-2024,social,mobile,USA
2359151,07-02-2024,organic,tablet,UK
4219746,10-02-2024,ads,tablet,UK
1273756,13-01-2024,organic,desktop,India
1774171,06-01-2024,organic,mobile,India
4293263,12-01-2024,organic,desktop,USA
4269531,09-02-2024,ads,mobile,India
4479579,07-01-2024,organic,mobile,India
3469439,27-01-2024,ads,desktop,Canada
2258600,15-01-2024,organic,mobile,UK
4640847,14-01-2024,organic,desktop,India
4041871,20-01-2024,ads,mobile,India
3687317,11-02-2024,email,mobile,Canada
3920792,27-01-2024,organic,mobile,Australia
3194582,03-01-2024,organic,desktop,USA
2536227,16-01-2024,organic,desktop,Germany
1283520,16-02-2024,ads,mobile,USA
2291813,21-01-2024,organic,mobile,India
1299854,04-05-2024,organic,desktop,India
3065064,14-01-2024,referral,tablet,UK
4960114,10-02-2024,organic,tablet,Germany
2493510,22-02-2024,referral,desktop,India
3589465,03-03-2024,email,mobile,India
3922279,21-03-2024,referral,desktop,India
2846851,17-01-2024,organic,mobile,India
4368883,16-02-2024,ads,mobile,India
3855251,04-01-2024,ads,tablet,India
2674506,26-02-2024,organic,mobile,India
4193325,12-02-2024,organic,mobile,USA
3520008,13-01-2024,organic,mobile,Germany
1036060,11-01-2024,organic,desktop,Australia
3898948,22-02-2024,organic,mobile,Germany
4804469,15-01-2024,organic,mobile,USA
1044468,13-01-2024,organic,mobile,USA
4101457,17-02-2024,organic,mobile,India
2997232,24-02-2024,organic,mobile,India
3818212,18-02-2024,organic,mobile,India
3513650,27-02-2024,ads,tablet,India
3960367,08-01-2024,organic,mobile,UK
1302446,09-01-2024,ads,desktop,UK
2799634,05-01-2024,organic,desktop,UK
4617386,05-01-2024,email,mobile,USA
2902792,26-01-2024,email,desktop,UK
1199576,16-02-2024,ads,mobile,Canada
4952288,22-01-2024,organic,desktop,Canada
4308976,06-01-2024,organic,mobile,India
1037327,08-04-2024,organic,mobile,India
4626516,14-03-2024,organic,desktop,India
3803082,17-02-2024,organic,mobile,India
1570944,12-06-2024,organic,mobile,Australia
4248573,18-01-2024,organic,mobile,UK
1485431,30-01-2024,organic,mobile,USA
4113520,08-02-2024,email,mobile,India
1395446,07-05-2024,organic,mobile,Canada
1188959,18-01-2024,ads,mobile,Canada
2597154,05-02-2024,ads,tablet,UK
2205536,16-01-2024,organic,mobile,USA
1919783,03-03-2024,referral,desktop,India
1003547,16-01-2024,organic,mobile,India
1602096,21-04-2024,organic,tablet,UK
4383928,09-01-2024,organic,mobile,India
4757689,28-02-2024,organic,desktop,India
3872033,16-01-2024,organic,desktop,India
2956093,10-04-2024,ads,mobile,India
1194489,16-01-2024,ads,desktop,Germany
4687258,07-11-2024,referral,mobile,India
1922514,29-02-2024,ads,mobile,USA
4454798,22-01-2024,ads,tablet,UK
2187626,06-04-2024,ads,mobile,India
4780165,15-02-2024,organic,desktop,USA
4323408,24-02-2024,organic,mobile,Canada
3351133,28-01-2024,ads,desktop,India
3007447,22-08-2024,social,tablet,USA
4809049,16-03-2024,organic,mobile,India
4109400,16-04-2024,organic,mobile,Canada
1056866,16-01-2024,organic,mobile,USA
2530139,17-01-2024,ads,desktop,India
2981283,06-02-2024,ads,mobile,India
2142904,23-03-2024,social,desktop,Canada
4824349,27-05-2024,organic,mobile,India
3306052,19-01-2024,social,tablet,USA
3250274,15-02-2024,organic,mobile,USA
4557111,26-01-2024,organic,mobile,India
2668031,28-03-2024,organic,mobile,UK
3940337,08-01-2024,ads,mobile,India
4191680,15-03-2024,organic,mobile,India
2051400,25-05-2024,email,desktop,India
4343253,19-01-2024,organic,mobile,Australia
4568267,23-06-2024,organic,mobile,India
4746910,09-01-2024,organic,desktop,Germany
2865039,19-01-2024,ads,mobile,Germany
2200679,12-01-2024,email,desktop,USA
1422832,27-03-2024,social,tablet,Australia
2770393,18-03-2024,email,desktop,India
1079278,29-01-2024,organic,mobile,India
2518252,17-03-2024,ads,mobile,India
4541346,30-01-2024,organic,desktop,India
2812387,07-01-2024,ads,mobile,Germany
2211710,25-01-2024,ads,mobile,India
4959523,22-01-2024,social,mobile,India
4382171,06-01-2024,referral,mobile,Canada
3829354,15-01-2024,ads,tablet,USA
1331894,11-01-2024,referral,tablet,India
1210809,13-01-2024,email,desktop,India
4610502,03-01-2024,social,desktop,India
1612953,15-01-2024,organic,mobile,Germany
2090200,22-01-2024,referral,mobile,India
3069972,28-01-2024,ads,mobile,USA
1000534,27-04-2024,social,desktop,India
1535011,13-03-2024,organic,mobile,India
3782062,20-01-2024,ads,mobile,Australia
4636187,29-02-2024,referral,mobile,Canada
1120544,21-02-2024,organic,tablet,Germany
2882207,26-04-2024,ads,mobile,India
1827639,31-01-2024,organic,tablet,India
3249241,06-01-2024,referral,mobile,India
4448470,19-01-2024,organic,mobile,India
1121204,21-02-2024,ads,mobile,Germany
3272442,14-01-2024,ads,mobile,Australia
4139426,07-01-2024,organic,desktop,India
3612759,23-03-2024,referral,desktop,UK
1677198,07-04-2024,email,mobile,India
1297203,31-01-2024,organic,mobile,India
3172128,20-02-2024,organic,mobile,India
1650335,30-01-2024,organic,mobile,Australia
3977562,08-01-2024,social,mobile,India
1243906,06-01-2024,ads,desktop,UK
1180883,12-01-2024,organic,desktop,UK
3646394,12-02-2024,ads,mobile,Australia
3496872,17-02-2024,organic,mobile,India
1394038,16-01-2024,organic,mobile,USA
4695667,09-01-2024,social,mobile,India
3958083,02-02-2024,organic,mobile,USA
1262034,07-01-2024,ads,mobile,India
1727714,12-01-2024,email,desktop,Canada
1702788,05-02-2024,ads,mobile,India
3574009,19-03-2024,organic,tablet,USA
1680614,30-03-2024,organic,mobile,India
1369450,22-04-2024,referral,mobile,India
2129237,15-01-2024,ads,mobile,India
2671716,11-02-2024,organic,mobile,USA
2624955,31-01-2024,organic,mobile,USA
4205359,13-01-2024,email,mobile,India
4299340,21-04-2024,organic,mobile,Australia
1527091,26-04-2024,organic,desktop,India
1250548,02-02-2024,organic,mobile,Germany
1797393,15-01-2024,organic,mobile,India
2685269,04-02-2024,organic,mobile,USA
1352509,13-01-2024,email,desktop,India
4285428,21-01-2024,referral,tablet,Australia
3684051,08-01-2024,referral,mobile,UK
2170877,09-02-2024,ads,mobile,USA
1437509,01-03-2024,email,desktop,India
3860564,14-02-2024,organic,mobile,India
1850295,14-05-2024,ads,mobile,India
1953845,07-05-2024,ads,mobile,India
3084274,12-01-2024,organic,desktop,India
1492171,29-02-2024,organic,desktop,India
2362772,08-01-2024,email,mobile,India
4900367,09-02-2024,organic,mobile,India
1896746,03-01-2024,email,desktop,India
2105522,22-01-2024,organic,desktop,India
4132998,01-03-2024,ads,mobile,Germany
1113015,23-02-2024,organic,mobile,India
1958389,04-01-2024,organic,mobile,India
4030813,29-03-2024,organic,mobile,India
1104857,13-05-2024,organic,mobile,India
4686335,10-05-2024,ads,mobile,India
1739365,09-01-2024,organic,mobile,India
4449564,28-02-2024,social,desktop,India
3619398,25-01-2024,organic,tablet,India
4634760,25-01-2024,ads,mobile,UK
1975436,25-01-2024,ads,mobile,India
2235479,07-01-2024,ads,mobile,India
1542384,05-01-2024,organic,mobile,Germany
1456225,23-02-2024,ads,mobile,India
4835643,07-08-2024,referral,tablet,UK
4219667,10-01-2024,ads,tablet,Canada
3260763,11-02-2024,organic,mobile,India
1820219,25-01-2024,referral,mobile,India
2389838,13-01-2024,organic,desktop,Germany
4912013,03-02-2024,ads,mobile,UK
1054364,05-01-2024,organic,mobile,Canada
1549037,29-01-2024,ads,mobile,India
2412444,12-02-2024,email,mobile,Canada
4840767,03-01-2024,referral,desktop,USA
2570299,25-03-2024,organic,desktop,India
4954003,29-01-2024,organic,mobile,India
3998026,10-02-2024,organic,mobile,India
4022876,01-02-2024,ads,desktop,Canada
3663146,13-02-2024,ads,desktop,UK
2116443,03-03-2024,social,desktop,Canada
1364609,14-01-2024,ads,mobile,UK
3851031,22-07-2024,ads,mobile,India
1579938,31-01-2024,ads,tablet,India
2582256,12-01-2024,referral,mobile,India
4325522,26-02-2024,organic,mobile,USA
4534921,04-01-2024,ads,tablet,Canada
1139153,02-03-2024,ads,desktop,India
1712200,30-05-2024,organic,mobile,India
3712307,01-01-2024,organic,mobile,USA
2773577,22-01-2024,ads,mobile,UK
4588562,11-03-2024,organic,tablet,India
3169430,04-01-2024,organic,mobile,UK
1969144,11-01-2024,email,mobile,USA
2497078,29-01-2024,ads,desktop,USA
3606829,07-01-2024,organic,mobile,India
4992901,15-01-2024,email,mobile,USA
4763886,14-01-2024,organic,mobile,India
4590069,09-02-2024,referral,tablet,Germany
3742879,07-01-2024,organic,tablet,India
2962212,25-02-2024,organic,mobile,India
3786409,20-01-2024,social,mobile,India
2112529,18-04-2024,organic,desktop,India
3404317,20-03-2024,organic,desktop,India
3184463,03-02-2024,organic,mobile,India
4436540,12-01-2024,organic,desktop,India
4897389,20-03-2024,ads,mobile,India
2670157,06-02-2024,ads,mobile,India
1872736,25-02-2024,organic,mobile,USA
3653015,06-05-2024,referral,desktop,India
1611497,19-01-2024,organic,tablet,India
3520870,05-03-2024,referral,desktop,India
2700419,26-01-2024,ads,tablet,India
2017689,14-03-2024,referral,mobile,India
1728515,14-03-2024,ads,mobile,India
4553460,22-02-2024,organic,desktop,India
2700025,03-02-2024,organic,desktop,USA
2554699,10-04-2024,social,mobile,India
2470484,11-01-2024,email,desktop,India
1411542,03-02-2024,email,mobile,India
3866158,14-01-2024,referral,mobile,Canada
2695425,02-01-2024,organic,mobile,India
1108275,14-01-2024,organic,desktop,UK
3781953,12-01-2024,organic,desktop,Australia
4345934,09-01-2024,ads,mobile,USA
4590713,06-02-2024,organic,mobile,India
4258989,03-03-2024,organic,mobile,USA
2407985,31-01-2024,organic,mobile,USA
1639478,09-01-2024,organic,mobile,India
1741269,19-04-2024,organic,tablet,India
2745324,08-01-2024,organic,desktop,India
3015346,19-01-2024,email,mobile,UK
2897623,16-02-2024,organic,desktop,Canada
2416624,23-02-2024,organic,mobile,USA
1963840,13-03-2024,ads,mobile,India
1616437,06-02-2024,referral,mobile,India
3996905,12-01-2024,ads,desktop,India
1601610,04-02-2024,referral,desktop,UK
4824784,25-02-2024,ads,mobile,Germany
4241631,08-01-2024,organic,tablet,India
2618781,05-01-2024,ads,mobile,India
1731357,19-01-2024,ads,desktop,UK
2152250,04-01-2024,ads,mobile,Canada
4148890,14-04-2024,referral,mobile,Canada
2211377,26-03-2024,organic,desktop,India
4497037,14-03-2024,organic,mobile,India
4059525,04-01-2024,social,mobile,Germany
3250459,24-04-2024,referral,mobile,India
2965045,02-03-2024,organic,desktop,India
3558875,15-03-2024,organic,mobile,USA
4547268,28-01-2024,organic,mobile,UK
1283859,07-08-2024,ads,mobile,USA
1662277,07-01-2024,referral,desktop,Australia
2375750,23-05-2024,organic,mobile,USA
2700362,10-01-2024,ads,desktop,India
2444160,26-01-2024,ads,tablet,India
3850738,05-01-2024,ads,mobile,India
4832994,06-01-2024,organic,mobile,India
4983183,01-03-2024,ads,mobile,India
4015923,04-02-2024,ads,desktop,USA
3458083,07-01-2024,organic,desktop,USA
2525802,22-01-2024,email,mobile,India
4383541,08-01-2024,email,mobile,Germany
4208355,20-03-2024,email,mobile,USA
3444124,18-01-2024,organic,mobile,India
1659928,13-02-2024,ads,mobile,India
1706456,24-04-2024,organic,mobile,UK
3694394,23-01-2024,ads,desktop,Australia
4595880,29-03-2024,ads,mobile,India
1344090,17-02-2024,organic,mobile,India
2799897,11-02-2024,ads,mobile,India
3438520,07-05-2024,organic,desktop,India
3070041,03-01-2024,ads,mobile,Australia
3367618,05-02-2024,ads,desktop,UK
4780242,11-01-2024,organic,mobile,UK
3665967,14-01-2024,ads,mobile,USA
4994731,28-02-2024,ads,mobile,India
1883615,24-01-2024,organic,desktop,USA
1951269,14-01-2024,email,tablet,India
1516977,15-01-2024,ads,mobile,Germany
4735668,25-01-2024,email,tablet,Canada
1667880,19-01-2024,organic,desktop,India
4383116,18-01-2024,organic,desktop,India
3645020,09-01-2024,email,mobile,India
4332376,01-03-2024,organic,mobile,India
1894133,14-02-2024,email,desktop,India
4978336,18-03-2024,email,mobile,India
4958559,19-02-2024,ads,desktop,India
2570427,21-02-2024,email,desktop,Canada
2615163,12-01-2024,organic,mobile,India
4659138,25-01-2024,referral,desktop,USA
1053054,17-01-2024,organic,mobile,India
4831893,07-01-2024,organic,mobile,Canada
1713693,25-02-2024,referral,mobile,USA
2624810,02-04-2024,social,desktop,UK
2724916,06-02-2024,ads,mobile,India
1624726,17-01-2024,organic,desktop,India
1180578,31-01-2024,ads,mobile,India
1483484,06-01-2024,ads,mobile,India
1137388,19-02-2024,email,desktop,USA
4882695,13-01-2024,organic,tablet,Canada
3450746,22-03-2024,social,mobile,India
4736770,28-03-2024,organic,mobile,Canada
1318708,02-01-2024,ads,mobile,USA
2076402,07-01-2024,organic,mobile,India
2027088,06-03-2024,ads,desktop,India
4909619,20-01-2024,email,mobile,UK
3604350,08-04-2024,organic,mobile,India
1630971,16-01-2024,social,tablet,India
2464774,17-01-2024,organic,mobile,India
4532932,27-02-2024,ads,mobile,Australia
3648214,18-01-2024,ads,desktop,USA
4680274,20-02-2024,organic,mobile,Canada
4453391,07-01-2024,organic,desktop,India
4718804,09-03-2024,social,desktop,India
1657874,01-02-2024,organic,desktop,Australia
1981291,03-02-2024,organic,mobile,Australia
2382000,12-05-2024,organic,mobile,USA
1810045,24-01-2024,organic,mobile,USA
2159015,15-01-2024,ads,desktop,Australia
1244615,10-01-2024,social,mobile,India
1122726,06-01-2024,organic,mobile,India
3005981,05-01-2024,organic,mobile,India
3415369,28-01-2024,ads,mobile,UK
2116261,02-01-2024,ads,tablet,India
1240730,05-01-2024,referral,mobile,USA
4397413,19-04-2024,email,desktop,India
2678891,30-01-2024,referral,mobile,India
1861063,16-02-2024,organic,mobile,USA
1500712,05-05-2024,organic,mobile,India
3031786,14-02-2024,organic,desktop,India
1363080,15-01-2024,organic,mobile,India
2237663,25-01-2024,referral,desktop,India
3358837,24-03-2024,email,desktop,India
2037480,18-05-2024,email,mobile,India
1443427,07-02-2024,social,tablet,USA
2145064,30-01-2024,organic,mobile,India
3412136,22-03-2024,ads,desktop,Australia
1779132,03-01-2024,organic,mobile,USA
2316733,16-04-2024,email,desktop,USA
3226539,21-01-2024,organic,mobile,USA
4639793,14-02-2024,organic,mobile,USA
1804948,01-02-2024,organic,desktop,Australia
4639878,02-01-2024,email,mobile,USA
3352679,07-01-2024,email,mobile,India
2020645,19-01-2024,ads,mobile,India
1055200,08-01-2024,email,mobile,India
3884200,22-01-2024,organic,mobile,India
2768791,04-01-2024,organic,mobile,India
3025274,16-02-2024,organic,mobile,UK
2505522,18-02-2024,ads,mobile,India
3383415,08-01-2024,organic,mobile,Canada
2007813,06-01-2024,ads,mobile,India
3494115,17-01-2024,organic,mobile,UK
2824993,06-02-2024,organic,mobile,India
1573040,15-01-2024,organic,desktop,India
4185384,25-04-2024,email,desktop,USA
3568038,04-02-2024,social,mobile,USA
3739654,06-01-2024,ads,mobile,Australia
2024682,14-01-2024,ads,desktop,USA
1553445,28-03-2024,ads,mobile,USA
4804276,10-01-2024,organic,mobile,Australia
2812166,12-02-2024,ads,tablet,India
1431957,25-01-2024,social,desktop,USA
4657843,17-03-2024,social,desktop,Canada
1662060,26-02-2024,organic,mobile,India
3698011,17-02-2024,social,desktop,Canada
2453854,17-05-2024,referral,desktop,USA
2552195,03-03-2024,organic,mobile,India
2284666,18-01-2024,ads,mobile,India
3858341,15-01-2024,organic,tablet,India
2507596,20-01-2024,social,mobile,UK
4890553,05-01-2024,organic,mobile,India
3021853,17-02-2024,organic,mobile,UK
1669767,04-01-2024,ads,tablet,Canada
4886481,04-01-2024,ads,desktop,Germany
2674107,08-01-2024,organic,mobile,UK
2990909,20-01-2024,organic,mobile,India
3303616,03-01-2024,organic,desktop,Australia
2781029,10-02-2024,ads,mobile,India
2527440,21-05-2024,email,mobile,India
1808792,01-01-2024,ads,mobile,UK
3422834,27-01-2024,organic,desktop,India
3569447,30-01-2024,email,desktop,UK
2832335,09-02-2024,organic,tablet,India
1031591,10-02-2024,email,tablet,Germany
3698523,05-02-2024,organic,mobile,India
4033282,12-04-2024,referral,mobile,India
4483699,18-01-2024,ads,mobile,India
3893624,08-01-2024,referral,desktop,India
4804531,23-01-2024,organic,mobile,India
3049914,02-01-2024,referral,mobile,Australia
4486832,09-01-2024,ads,mobile,USA
3287100,05-02-2024,social,mobile,Australia
4059066,09-01-2024,organic,desktop,India
3987289,24-06-2024,ads,desktop,Australia
1382406,12-03-2024,organic,tablet,Germany
3510682,28-07-2024,organic,tablet,India
4107716,01-02-2024,referral,mobile,USA
4260765,01-01-2024,social,tablet,India
2888477,10-01-2024,email,desktop,Australia
2828391,01-01-2024,social,mobile,USA
4871449,07-01-2024,ads,mobile,India
1985644,16-02-2024,organic,tablet,UK
3951135,06-02-2024,social,mobile,India
3772452,20-01-2024,organic,tablet,Canada
1143121,09-02-2024,email,mobile,UK
4848124,22-03-2024,email,desktop,USA
3521174,10-02-2024,ads,mobile,UK
4856816,20-01-2024,email,desktop,Germany
2084275,09-01-2024,ads,mobile,UK
4370662,29-02-2024,email,mobile,India
1060772,28-01-2024,ads,mobile,India
1859909,11-01-2024,email,desktop,USA
4161572,31-01-2024,organic,mobile,USA
2421398,02-04-2024,organic,desktop,Australia
3509714,19-01-2024,organic,mobile,India
1641305,02-01-2024,ads,mobile,UK
3126889,29-01-2024,email,mobile,Canada
1348113,13-01-2024,organic,desktop,USA
1977468,03-03-2024,referral,mobile,Germany
2425966,20-01-2024,organic,desktop,USA
2141208,23-04-2024,referral,mobile,India
3505169,03-06-2024,organic,tablet,India
1191446,11-02-2024,referral,desktop,India
1468560,21-02-2024,referral,desktop,India
2871184,06-02-2024,referral,mobile,India
3213862,09-02-2024,social,mobile,USA
2477009,10-04-2024,ads,mobile,USA
2168772,04-02-2024,ads,mobile,UK
3557212,07-05-2024,organic,mobile,India
2346533,05-02-2024,referral,mobile,USA
2916895,10-01-2024,ads,mobile,Germany
4615380,18-02-2024,ads,tablet,India
2884886,08-08-2024,email,mobile,India
3321189,25-02-2024,ads,mobile,Germany
1129520,06-01-2024,social,mobile,India
3988149,17-02-2024,email,desktop,Canada
3239338,29-01-2024,organic,mobile,USA
3232058,08-03-2024,social,mobile,India
1014556,11-01-2024,ads,mobile,Germany
3424112,09-03-2024,referral,mobile,Canada
3413928,27-01-2024,referral,mobile,USA
1876770,07-01-2024,referral,desktop,India
2624602,01-03-2024,organic,mobile,India
4203812,18-01-2024,ads,desktop,India
4981466,06-02-2024,organic,tablet,Australia
2031031,07-03-2024,ads,mobile,India
3992956,21-01-2024,organic,desktop,India
3800344,29-01-2024,ads,mobile,USA
2056072,19-02-2024,organic,mobile,Germany
4596699,24-02-2024,referral,mobile,UK
3568031,13-01-2024,organic,desktop,USA
4713575,06-01-2024,social,desktop,Australia
3740483,07-01-2024,referral,mobile,India
2578386,26-01-2024,referral,tablet,Germany
1997602,10-04-2024,organic,mobile,India
2936503,04-02-2024,organic,mobile,India
1341987,22-01-2024,organic,mobile,India
4661127,03-01-2024,referral,mobile,Canada
4119500,11-06-2024,organic,mobile,India
2218393,12-02-2024,organic,mobile,India
3487113,11-01-2024,ads,mobile,India
3953242,03-01-2024,organic,mobile,Australia
1449507,01-01-2024,organic,tablet,Canada
1623939,29-01-2024,organic,desktop,India
2381777,16-08-2024,organic,desktop,Canada
4089140,01-01-2024,email,desktop,India
4035353,20-01-2024,social,mobile,USA
3613902,10-01-2024,ads,tablet,UK
3080647,03-02-2024,referral,mobile,India
3151411,22-01-2024,organic,desktop,Canada
2169815,01-04-2024,ads,desktop,India
2997598,19-03-2024,organic,mobile,India
1540202,04-03-2024,email,mobile,India
4065422,28-01-2024,referral,mobile,Canada
4884385,22-01-2024,ads,mobile,India
3472587,10-01-2024,ads,mobile,India
4936555,26-01-2024,referral,mobile,India
3128831,23-05-2024,organic,desktop,USA
2702703,04-01-2024,ads,desktop,India
1059258,15-03-2024,organic,desktop,India
2186237,14-01-2024,referral,mobile,India
2944730,06-03-2024,organic,desktop,India
4537776,01-05-2024,ads,mobile,India
1410090,30-01-2024,organic,mobile,USA
1097679,28-01-2024,organic,mobile,USA
3455460,07-02-2024,organic,mobile,USA
2416087,22-02-2024,ads,mobile,India
4058043,07-01-2024,organic,mobile,UK
1240352,13-01-2024,organic,desktop,India
3639731,09-01-2024,ads,desktop,India
1969210,22-02-2024,ads,tablet,Australia
4291198,03-02-2024,organic,mobile,Germany
4939720,20-03-2024,ads,desktop,USA
2745488,06-04-2024,organic,desktop,India
4047935,02-02-2024,ads,desktop,India
1122201,12-01-2024,ads,desktop,Canada
3058556,02-01-2024,organic,mobile,Germany
1278307,10-04-2024,ads,mobile,Canada
3897219,11-02-2024,ads,mobile,Canada
3173373,22-06-2024,referral,mobile,Canada
2571149,12-01-2024,organic,mobile,India
1525504,12-05-2024,organic,mobile,India
2051223,01-03-2024,organic,mobile,India
4959664,18-02-2024,organic,desktop,USA
3886225,23-01-2024,organic,mobile,India
4030415,02-01-2024,social,mobile,USA
3054496,19-01-2024,ads,tablet,India
3934105,09-02-2024,referral,mobile,UK
3814314,30-01-2024,email,mobile,India
2163083,14-01-2024,ads,mobile,India
3812491,11-03-2024,email,desktop,Australia
3436204,08-01-2024,ads,mobile,UK
3497347,01-01-2024,ads,desktop,Germany
1862235,30-01-2024,referral,desktop,India
4397811,10-02-2024,organic,mobile,India
2527973,13-01-2024,organic,mobile,Germany
4053430,17-01-2024,ads,desktop,UK
1808350,16-02-2024,organic,mobile,India
4500084,14-01-2024,email,mobile,USA
4153432,23-01-2024,referral,mobile,India
4005475,29-03-2024,ads,desktop,USA
1989427,16-02-2024,organic,mobile,UK
3707359,20-02-2024,organic,mobile,Canada
2527706,07-05-2024,referral,mobile,UK
2777267,08-01-2024,organic,mobile,India
2425253,11-01-2024,ads,desktop,USA
3386294,04-08-2024,organic,desktop,India
3384250,02-02-2024,organic,mobile,India
1415764,08-01-2024,ads,desktop,USA
1127937,03-07-2024,organic,desktop,Canada
3806967,15-01-2024,organic,mobile,India
1746144,24-04-2024,ads,mobile,India
2548659,02-03-2024,organic,desktop,India
4469204,24-01-2024,organic,mobile,USA
1791162,13-01-2024,email,mobile,India
3992847,12-02-2024,referral,mobile,India
3715576,14-01-2024,ads,desktop,India
2290320,29-03-2024,organic,mobile,India
4418048,25-03-2024,organic,mobile,Germany
1409106,19-01-2024,ads,tablet,USA
1005385,11-01-2024,organic,desktop,Canada
2423127,10-06-2024,ads,mobile,UK
1388864,13-03-2024,organic,desktop,India
2638148,04-01-2024,referral,mobile,Germany
4118179,11-01-2024,organic,tablet,Germany
4080877,12-02-2024,organic,mobile,UK
4661362,04-01-2024,ads,desktop,India
4596576,24-03-2024,organic,mobile,USA
4537641,24-06-2024,organic,mobile,Canada
3472131,17-05-2024,ads,mobile,USA
4405195,06-06-2024,ads,mobile,India
4826531,12-01-2024,organic,mobile,India
1287486,07-02-2024,organic,desktop,India
1999496,28-03-2024,email,tablet,Canada
1490503,04-01-2024,organic,mobile,India
1220453,04-01-2024,ads,mobile,Germany
3547405,10-02-2024,ads,desktop,India
1675988,14-03-2024,ads,tablet,India
4483769,27-02-2024,ads,mobile,India
1429798,09-01-2024,ads,desktop,India
4954492,11-03-2024,ads,mobile,Canada
1211127,09-01-2024,ads,desktop,India
4904430,09-01-2024,referral,desktop,India
1323898,02-03-2024,organic,mobile,India
3915098,21-04-2024,ads,mobile,India
3378425,08-01-2024,ads,desktop,India
2333354,03-02-2024,organic,mobile,USA
3850815,06-01-2024,organic,mobile,UK
4135202,20-03-2024,organic,mobile,USA
3333558,13-01-2024,organic,desktop,Germany
2033505,02-07-2024,organic,mobile,USA
2170433,02-01-2024,ads,mobile,India
1083433,12-04-2024,organic,mobile,India
3019079,19-02-2024,organic,mobile,Canada
4804193,01-03-2024,email,mobile,Germany
2053057,12-02-2024,organic,mobile,UK
2759531,01-02-2024,email,mobile,India
2299079,14-02-2024,organic,desktop,USA
1890119,06-01-2024,ads,mobile,USA
3999418,06-02-2024,social,tablet,USA
3284983,12-01-2024,email,mobile,Germany
2078628,08-01-2024,organic,desktop,India
1982557,06-04-2024,organic,tablet,UK
1641499,04-01-2024,referral,tablet,Canada
2735783,08-03-2024,ads,desktop,USA
3975436,02-02-2024,ads,mobile,India
4868283,10-04-2024,organic,desktop,USA
4839897,03-01-2024,organic,desktop,India
3983816,01-01-2024,email,desktop,India
1334055,18-06-2024,organic,desktop,India
1593180,09-04-2024,referral,desktop,Canada
3866435,03-01-2024,social,mobile,India
1217546,02-06-2024,organic,mobile,India
3742780,18-01-2024,ads,mobile,Canada
4478291,25-03-2024,email,mobile,India
3603370,05-03-2024,social,mobile,India
1470727,27-04-2024,ads,mobile,USA
4152871,06-01-2024,ads,mobile,India
1786031,05-01-2024,ads,mobile,UK
4744529,21-01-2024,organic,desktop,India
4482532,02-02-2024,ads,mobile,India
2905809,04-05-2024,organic,tablet,Australia
3404439,12-01-2024,social,mobile,USA
1599154,09-01-2024,ads,mobile,USA
4592928,21-01-2024,ads,desktop,Germany
2730936,07-01-2024,organic,tablet,India
4036481,22-01-2024,ads,mobile,India
2839684,12-02-2024,organic,tablet,Germany
2732775,07-02-2024,referral,mobile,UK
2702309,05-03-2024,organic,mobile,UK
2856601,08-02-2024,ads,mobile,USA
1648043,17-01-2024,organic,tablet,India
3903129,21-01-2024,referral,mobile,India
2895988,17-01-2024,organic,mobile,India
3284225,02-02-2024,organic,mobile,India
2282279,01-01-2024,referral,mobile,UK
4568736,05-04-2024,organic,mobile,Australia
1347031,31-01-2024,ads,mobile,USA
1209181,22-03-2024,organic,mobile,Germany
1477546,04-02-2024,ads,desktop,Germany
2928917,04-02-2024,ads,tablet,India
4411139,21-02-2024,ads,mobile,India
2871176,25-03-2024,social,mobile,Canada
2095601,29-03-2024,organic,desktop,Germany
1805257,21-01-2024,organic,desktop,India
1162498,14-01-2024,ads,desktop,India
4067532,20-01-2024,organic,desktop,Germany
3433874,27-01-2024,organic,tablet,India
4881801,06-02-2024,ads,mobile,India
1925716,07-01-2024,organic,mobile,India
2279022,19-03-2024,ads,mobile,India
2286675,05-01-2024,ads,mobile,India
2489589,12-01-2024,organic,desktop,India
1184095,29-01-2024,ads,desktop,India
1509632,06-01-2024,email,mobile,USA
4452823,23-01-2024,referral,mobile,USA
1622630,18-06-2024,ads,mobile,India
4246756,02-02-2024,ads,desktop,India
1310365,21-03-2024,organic,desktop,Germany
3542674,25-02-2024,organic,desktop,India
1774441,06-03-2024,referral,mobile,Australia
1329978,07-01-2024,organic,mobile,India
3418876,22-03-2024,ads,mobile,India
2531699,11-01-2024,email,mobile,USA
2091898,19-04-2024,email,mobile,India
1684128,12-07-2024,email,mobile,USA
3802582,31-01-2024,referral,desktop,India
3483881,03-02-2024,organic,mobile,USA
2858728,20-05-2024,ads,mobile,India
1942790,04-02-2024,organic,desktop,India
4344223,12-01-2024,referral,mobile,India
3327295,02-03-2024,organic,mobile,Australia
2578939,24-01-2024,organic,mobile,India
1446631,22-01-2024,email,tablet,India
2935840,11-01-2024,ads,mobile,USA
2721992,31-01-2024,organic,mobile,India
3588760,24-01-2024,ads,desktop,India
3075341,07-01-2024,organic,mobile,India
1596976,04-03-2024,organic,mobile,India
1507432,15-02-2024,referral,mobile,India
1114798,27-01-2024,referral,desktop,India
1913725,18-02-2024,ads,mobile,India
1752624,22-01-2024,email,desktop,India
2760542,19-10-2024,ads,mobile,India
3987106,17-01-2024,ads,mobile,India
2860812,28-06-2024,organic,mobile,India
4664668,18-01-2024,social,mobile,USA
3776262,22-01-2024,referral,mobile,India
4055227,23-01-2024,organic,desktop,UK
1863250,02-04-2024,email,mobile,India
1202823,23-01-2024,organic,mobile,India
3712114,12-04-2024,organic,desktop,USA
3264496,07-01-2024,organic,mobile,Germany
1930873,01-05-2024,ads,desktop,India
4035265,30-01-2024,email,mobile,India
3339086,07-02-2024,referral,desktop,India
4324954,25-02-2024,organic,desktop,USA
1879044,13-01-2024,organic,mobile,Germany
3792217,16-02-2024,organic,desktop,Australia
1815830,06-01-2024,ads,desktop,USA
3824425,07-01-2024,ads,desktop,USA
2570564,07-01-2024,ads,tablet,USA
3603045,24-01-2024,email,mobile,Australia
4506193,04-01-2024,organic,mobile,India
1702078,01-01-2024,ads,desktop,UK
3819207,02-01-2024,email,mobile,India
2950498,06-02-2024,ads,mobile,USA
1601941,16-02-2024,organic,desktop,India
3844818,20-01-2024,referral,desktop,India
1068404,05-01-2024,email,mobile,India
4629094,11-02-2024,organic,tablet,India
4765460,21-01-2024,ads,desktop,USA
1253370,11-02-2024,organic,mobile,India
1813098,21-01-2024,ads,mobile,UK
3574183,31-03-2024,organic,desktop,India
2491032,07-01-2024,ads,desktop,India
3399344,21-01-2024,referral,desktop,Canada
2710111,06-01-2024,ads,desktop,Canada
1864748,21-03-2024,organic,mobile,Canada
3610086,19-01-2024,ads,mobile,UK
2034047,24-04-2024,organic,desktop,UK
4352534,06-05-2024,ads,desktop,India
4032884,27-03-2024,organic,mobile,India
3894233,13-02-2024,ads,mobile,Germany
2238364,21-03-2024,organic,mobile,India
4385080,08-01-2024,ads,desktop,India
2441499,12-03-2024,organic,mobile,India
3615778,25-01-2024,ads,tablet,India
4680230,15-01-2024,organic,mobile,India
2679872,13-05-2024,organic,mobile,India
3613193,12-03-2024,ads,mobile,India
1332959,01-03-2024,organic,mobile,India
2622508,14-01-2024,organic,mobile,India
3270140,07-01-2024,ads,desktop,Canada
4008614,06-01-2024,organic,desktop,India
4097118,12-01-2024,organic,desktop,USA
4596135,10-03-2024,ads,desktop,India
1598939,14-03-2024,ads,mobile,USA
3458037,30-01-2024,referral,desktop,India
3422447,04-01-2024,social,desktop,USA
4824944,17-01-2024,organic,desktop,USA
2622914,25-02-2024,referral,mobile,India
3149691,10-01-2024,organic,mobile,USA
2926770,03-01-2024,ads,mobile,Germany
3400431,04-05-2024,organic,mobile,India
2357995,15-06-2024,ads,mobile,Canada
1050781,20-01-2024,ads,mobile,India
4062497,15-03-2024,organic,desktop,India
3196907,04-01-2024,organic,mobile,India
3640395,09-02-2024,ads,mobile,India
3095304,20-01-2024,social,mobile,India
3899310,06-04-2024,email,mobile,India
3640520,10-01-2024,organic,desktop,India
2570215,10-02-2024,email,mobile,Canada
1628649,09-01-2024,ads,mobile,Canada
3693340,29-01-2024,email,desktop,Germany
3521200,19-01-2024,organic,mobile,UK
3836585,14-04-2024,ads,mobile,Australia
1804800,05-02-2024,ads,desktop,India
2285647,30-01-2024,organic,tablet,India
3026538,20-04-2024,organic,desktop,Germany
3448637,27-04-2024,organic,mobile,UK
4878998,05-01-2024,email,tablet,India
3196994,02-02-2024,organic,mobile,UK
3762717,06-04-2024,email,mobile,Germany
2473682,07-01-2024,organic,desktop,USA
4745708,06-04-2024,email,mobile,USA
2957833,19-01-2024,ads,mobile,Germany
3428078,15-02-2024,ads,mobile,India
3500249,01-01-2024,organic,desktop,India
2985782,07-01-2024,ads,mobile,USA
1471271,10-02-2024,ads,desktop,India
3369113,02-02-2024,ads,mobile,India
2614564,23-02-2024,ads,mobile,India
3579266,21-01-2024,organic,mobile,India
1511047,17-02-2024,ads,mobile,Canada
4098784,20-01-2024,organic,tablet,USA
1631594,17-02-2024,ads,mobile,India
3521851,07-03-2024,ads,mobile,USA
2098037,10-01-2024,organic,mobile,Australia
4162462,09-01-2024,referral,mobile,India
1026968,01-01-2024,organic,mobile,Canada
1685188,07-02-2024,ads,mobile,India
2012422,09-01-2024,organic,mobile,USA
3379556,30-03-2024,referral,tablet,USA
4886420,20-01-2024,organic,mobile,USA
2530721,30-04-2024,organic,tablet,India
2511843,10-01-2024,email,mobile,Canada
2513092,10-01-2024,email,desktop,USA
2603877,16-02-2024,referral,mobile,India
2141119,01-04-2024,ads,mobile,India
4089330,22-01-2024,email,desktop,Canada
4623623,20-05-2024,organic,mobile,India
2635319,22-01-2024,social,mobile,India
4922613,05-01-2024,ads,mobile,India
1178778,24-01-2024,organic,tablet,India
3659613,28-02-2024,ads,mobile,India
2821125,16-02-2024,organic,desktop,Germany
1166732,19-02-2024,ads,desktop,USA
3838947,26-01-2024,social,mobile,USA
1926670,14-01-2024,ads,desktop,India
1138053,13-06-2024,organic,mobile,Australia
1842358,05-02-2024,ads,desktop,USA
2410224,08-02-2024,organic,desktop,India
4439387,27-01-2024,organic,mobile,India
2004479,04-01-2024,ads,tablet,Canada
2938841,31-03-2024,referral,mobile,India
4460938,24-01-2024,ads,mobile,UK
4540368,04-03-2024,referral,desktop,USA
1745577,12-04-2024,ads,mobile,India
1674486,08-01-2024,organic,mobile,India
1939757,28-01-2024,organic,mobile,India
3814484,15-01-2024,organic,mobile,USA
2697800,24-04-2024,organic,desktop,Germany
3116589,29-01-2024,ads,desktop,Germany
4184544,27-03-2024,organic,mobile,India
3326200,05-02-2024,organic,mobile,Canada
1019984,13-02-2024,organic,tablet,Canada
4523228,28-02-2024,organic,desktop,UK
2146645,27-02-2024,organic,desktop,Germany
3717571,19-03-2024,organic,mobile,India
1068428,28-03-2024,referral,mobile,India
2617423,24-01-2024,referral,desktop,India
1493961,05-02-2024,ads,mobile,USA
4971765,05-01-2024,organic,mobile,USA
1770570,18-02-2024,organic,mobile,India
1789668,19-01-2024,ads,mobile,India
3381370,20-01-2024,ads,mobile,USA
3418077,20-03-2024,ads,desktop,USA
3261155,24-01-2024,referral,mobile,UK
1147183,13-03-2024,organic,mobile,India
2628218,04-03-2024,organic,tablet,India
1434887,22-01-2024,ads,mobile,India
4929787,15-02-2024,organic,mobile,India
1032942,14-01-2024,social,mobile,UK
4567341,03-03-2024,organic,mobile,India
2528399,09-01-2024,organic,mobile,India
1870897,03-01-2024,email,desktop,India
4917513,22-03-2024,organic,mobile,India
1286172,11-02-2024,organic,desktop,India
4930043,09-04-2024,organic,mobile,India
3064704,11-04-2024,organic,tablet,Australia
3516704,17-01-2024,ads,tablet,Australia
1493425,07-06-2024,organic,mobile,India
4856489,02-01-2024,organic,mobile,India
2978879,11-02-2024,ads,mobile,Canada
3319714,21-01-2024,organic,mobile,India
3715006,05-01-2024,ads,desktop,India
1922928,16-01-2024,organic,desktop,India
1519505,09-01-2024,ads,desktop,India
1135137,10-03-2024,organic,mobile,India
1298588,08-07-2024,organic,desktop,India
1471162,02-01-2024,ads,mobile,Germany
4713685,08-01-2024,organic,desktop,Germany
1315218,04-01-2024,organic,desktop,India
2218846,22-02-2024,organic,mobile,India
2144142,11-02-2024,ads,mobile,Canada
1449956,12-01-2024,organic,mobile,India
3723843,24-01-2024,email,tablet,India
3422778,08-07-2024,organic,mobile,India
1223217,12-01-2024,ads,desktop,India
4868171,05-01-2024,organic,mobile,Germany
2302247,19-01-2024,ads,mobile,Germany
2441460,07-05-2024,ads,desktop,USA
3353160,29-02-2024,organic,mobile,UK
3849937,03-02-2024,email,desktop,Canada
1718158,20-01-2024,ads,desktop,Germany
3269403,07-01-2024,email,mobile,India
3947067,17-01-2024,social,mobile,UK
1415705,12-03-2024,organic,mobile,India
2495945,06-05-2024,organic,mobile,USA
3549161,01-01-2024,organic,mobile,USA
4028379,30-05-2024,ads,desktop,India
3858978,03-03-2024,ads,mobile,Canada
1119475,02-06-2024,email,mobile,India
1407728,05-02-2024,ads,desktop,India
2747228,30-01-2024,organic,mobile,UK
1584347,31-05-2024,organic,desktop,UK
3387425,09-02-2024,organic,desktop,India
3119428,18-01-2024,ads,mobile,Canada
4803432,07-01-2024,ads,desktop,USA
2453360,12-01-2024,ads,mobile,USA
4130396,27-01-2024,ads,mobile,India
1476364,09-01-2024,referral,desktop,USA
4182242,02-01-2024,organic,mobile,India
2936624,02-04-2024,ads,mobile,UK
2052602,05-01-2024,ads,desktop,Canada
2522799,17-01-2024,ads,desktop,UK
3741877,15-01-2024,social,mobile,Canada
1580997,05-02-2024,ads,mobile,USA
3060721,02-04-2024,organic,desktop,India
3524178,23-02-2024,organic,mobile,India
3330845,14-02-2024,organic,mobile,India
2199523,09-01-2024,ads,mobile,Canada
4482131,23-01-2024,organic,mobile,India
2721973,18-01-2024,ads,desktop,USA
4268002,14-03-2024,ads,mobile,India
3979938,06-02-2024,ads,mobile,India
3007322,11-01-2024,organic,desktop,Canada
3046955,05-01-2024,organic,desktop,India
1240096,13-01-2024,organic,desktop,India
3436537,13-02-2024,organic,mobile,India
1548454,01-03-2024,ads,desktop,India
1815725,17-03-2024,social,mobile,India
1413697,20-01-2024,referral,tablet,India
4945325,26-01-2024,organic,mobile,Canada
1494561,13-02-2024,organic,tablet,India
4975159,03-01-2024,referral,mobile,USA
4346256,15-02-2024,ads,desktop,India
1122442,20-01-2024,organic,mobile,UK
1419913,08-02-2024,ads,mobile,UK
4495500,10-01-2024,referral,mobile,India
3806633,28-01-2024,organic,desktop,Australia
1203985,28-01-2024,organic,mobile,USA
1436201,12-01-2024,social,desktop,India
4679660,15-02-2024,organic,mobile,India
3304210,24-02-2024,organic,mobile,India
2975384,07-04-2024,ads,desktop,USA
2917941,14-02-2024,organic,mobile,India
4521351,01-03-2024,referral,desktop,India
4033817,25-01-2024,organic,desktop,India
3759350,19-01-2024,email,desktop,India
1122287,15-01-2024,organic,mobile,India
4904580,13-01-2024,organic,mobile,India
4692618,15-01-2024,ads,mobile,India
4934656,28-07-2024,email,mobile,USA
1056324,05-03-2024,ads,mobile,India
1534359,26-01-2024,email,mobile,India
2695637,28-01-2024,organic,mobile,India
1986623,04-05-2024,email,tablet,UK
4579293,16-01-2024,organic,tablet,USA
3439761,06-02-2024,organic,desktop,India
1230243,01-01-2024,ads,mobile,UK
4948252,16-04-2024,organic,mobile,Germany
1751740,22-02-2024,ads,tablet,UK
4858315,25-01-2024,referral,desktop,India
2717932,17-02-2024,referral,mobile,India
1689039,08-01-2024,ads,desktop,Australia
4381104,26-01-2024,referral,mobile,India
1328791,26-03-2024,organic,mobile,India
4777735,21-01-2024,organic,mobile,India
2021248,09-01-2024,ads,mobile,UK
2508820,11-01-2024,referral,desktop,USA
3495290,22-02-2024,organic,mobile,India
1674524,25-05-2024,referral,mobile,Canada
2219995,06-02-2024,organic,desktop,Germany
3291667,20-03-2024,email,mobile,India
2156560,18-02-2024,referral,mobile,UK
4063002,19-01-2024,organic,desktop,USA
2579336,27-04-2024,ads,mobile,India
2592805,16-02-2024,email,mobile,USA
1616974,09-01-2025,organic,mobile,USA
4402168,25-03-2024,referral,mobile,India
1378468,20-02-2024,organic,mobile,India
4580634,23-01-2024,organic,mobile,India
3077852,16-04-2024,ads,mobile,India
1427082,24-02-2024,organic,desktop,USA
2422534,24-01-2024,ads,desktop,India
3912616,09-04-2024,organic,mobile,India
4441744,09-02-2024,organic,desktop,India
1851707,28-01-2024,ads,mobile,USA
1508212,24-01-2024,organic,desktop,Germany
4500336,14-02-2024,email,desktop,Canada
3288891,01-03-2024,social,tablet,USA
1298433,04-02-2024,organic,mobile,USA
1350485,22-01-2024,email,mobile,Canada
2498892,01-01-2024,ads,tablet,India
2930050,24-01-2024,organic,mobile,UK
2629416,19-01-2024,ads,mobile,Australia
4116910,02-02-2024,organic,desktop,Germany
3154778,26-01-2024,organic,mobile,Australia
3351698,11-02-2024,organic,mobile,Canada
3990350,09-01-2024,ads,mobile,USA
3326907,03-01-2024,ads,mobile,India
2160015,04-02-2024,referral,mobile,India
3614939,13-02-2024,ads,desktop,India
4935718,04-01-2024,ads,mobile,Canada
3002950,26-01-2024,ads,desktop,Australia
2015039,26-06-2024,referral,mobile,India
3644938,23-02-2024,ads,mobile,India
3268208,20-01-2024,referral,mobile,India
1082927,29-02-2024,ads,mobile,India
4969006,01-02-2024,email,mobile,India
2337982,09-05-2024,organic,mobile,USA
1153648,07-01-2024,ads,mobile,Canada
2077486,27-04-2024,ads,mobile,USA
3698715,31-01-2024,organic,desktop,India
2355299,03-03-2024,organic,tablet,India
3230948,01-01-2024,organic,desktop,India
2407032,20-02-2024,email,mobile,India
1970667,26-03-2024,social,mobile,India
3823574,22-02-2024,social,desktop,India
3201933,14-01-2024,organic,tablet,USA
1273798,20-05-2024,organic,mobile,UK
1317736,25-02-2024,organic,desktop,USA
3834416,28-02-2024,organic,mobile,Canada
1455448,13-08-2024,ads,mobile,Canada
1871444,07-03-2024,ads,desktop,India
1132883,23-01-2024,organic,mobile,India
1825568,07-01-2024,ads,mobile,USA
4195308,11-01-2024,referral,desktop,UK
1371816,04-01-2024,ads,tablet,USA
3204098,16-01-2024,referral,desktop,USA
3966930,13-02-2024,organic,desktop,Australia
2860612,03-03-2024,organic,mobile,India
4567257,06-03-2024,referral,mobile,India
1160199,14-02-2024,organic,desktop,India
3413267,26-02-2024,organic,tablet,Germany
3479224,24-01-2024,ads,mobile,India
2389330,08-09-2024,organic,mobile,Canada
1607024,07-01-2024,organic,desktop,India
3230040,22-01-2024,organic,mobile,India
2854854,02-02-2024,organic,tablet,India
2338087,20-02-2024,ads,desktop,Australia
1384517,18-01-2024,email,mobile,India
2509894,15-01-2024,ads,mobile,USA
3297838,21-02-2024,organic,tablet,India
2386611,27-05-2024,referral,mobile,USA
2497434,06-02-2024,ads,mobile,UK
3709922,09-05-2024,ads,desktop,India
1282814,04-02-2024,organic,desktop,Australia
4817332,12-01-2024,email,tablet,Canada
4293475,15-01-2024,organic,tablet,India
2281977,10-01-2024,ads,mobile,India
2013507,12-04-2024,ads,desktop,USA
3197573,03-04-2024,organic,mobile,India
1304269,02-02-2024,ads,mobile,Germany
3814806,01-01-2024,email,mobile,Germany
4011838,12-01-2024,organic,tablet,India
3968912,21-03-2024,organic,desktop,India
3079087,20-02-2024,referral,mobile,Canada
4336590,06-01-2024,social,desktop,UK
4815406,13-06-2024,organic,mobile,India
1272560,01-02-2024,ads,desktop,India
4450484,03-03-2024,ads,tablet,Germany
3353753,14-01-2024,organic,mobile,UK
1107186,19-02-2024,organic,mobile,India
4581837,07-01-2024,ads,mobile,India
1777399,27-01-2024,ads,mobile,India
3530328,08-02-2024,organic,desktop,India
4384249,26-07-2024,social,desktop,India
4943751,26-02-2024,organic,tablet,India
1330490,05-01-2024,organic,desktop,India
3888084,09-01-2024,organic,desktop,India
4741925,31-03-2024,organic,mobile,UK
1493657,25-01-2024,organic,mobile,Germany
1317657,02-02-2024,organic,mobile,India
1161649,08-03-2024,ads,desktop,UK
1291606,08-01-2024,email,mobile,India
4927562,04-01-2024,ads,desktop,India
2577649,16-01-2024,referral,mobile,India
3953956,01-01-2024,organic,mobile,India
2758798,27-04-2024,ads,mobile,Canada
3533116,07-01-2024,referral,mobile,USA
2709716,27-02-2024,organic,mobile,India
2287998,21-01-2024,organic,mobile,India
3914008,25-03-2024,social,mobile,Canada
1678773,14-01-2024,organic,tablet,India
1695011,12-03-2024,organic,mobile,USA
1150850,05-01-2024,organic,mobile,India
4613405,12-03-2024,organic,desktop,India
3918316,21-05-2024,social,desktop,UK
2958496,02-05-2024,referral,desktop,India
4970870,28-02-2024,ads,tablet,India
3571050,10-01-2024,ads,mobile,India
1435425,14-01-2024,social,mobile,India
3082071,18-02-2024,organic,mobile,UK
2907873,18-01-2024,ads,tablet,India
3934199,16-01-2024,organic,desktop,USA
2115479,12-04-2024,organic,mobile,USA
2935716,26-02-2024,organic,desktop,India
4677145,04-01-2024,organic,desktop,India
2514561,27-02-2024,organic,mobile,India
2226003,01-03-2024,email,desktop,India
2349250,18-01-2024,ads,desktop,India
4681526,01-03-2024,referral,mobile,UK
1388914,26-02-2024,ads,tablet,India
4703782,10-02-2024,referral,tablet,India
3136680,03-02-2024,organic,desktop,India
3600217,23-01-2024,email,desktop,USA
2986498,01-01-2024,organic,desktop,India
4739155,24-02-2024,ads,mobile,India
2727054,05-04-2024,ads,mobile,Germany
4257252,30-01-2024,referral,mobile,India
1005166,08-02-2024,ads,desktop,India
1052451,03-03-2024,referral,mobile,India
2661681,17-02-2024,social,desktop,USA
3532354,19-02-2024,ads,desktop,UK
2098414,08-03-2024,organic,tablet,Germany
2769509,07-02-2024,organic,mobile,India
1221519,09-01-2024,ads,mobile,India
2793820,18-02-2024,organic,desktop,UK
3783568,22-01-2024,organic,tablet,India
3895807,04-03-2024,email,mobile,Australia
2720239,11-03-2024,email,mobile,USA
4418200,01-02-2024,ads,mobile,UK
1318091,22-02-2024,organic,mobile,USA
1205748,12-01-2024,referral,mobile,Canada
1020380,09-04-2024,email,mobile,India
4027010,06-01-2024,organic,mobile,India
3198262,21-04-2024,ads,mobile,India
4703661,05-04-2024,organic,desktop,India
4733373,01-02-2024,organic,mobile,India
4856022,13-02-2024,ads,mobile,India
1501386,20-01-2024,ads,desktop,India
2594221,05-01-2024,email,mobile,India
2492350,15-01-2024,organic,mobile,India
4803298,06-01-2024,referral,mobile,India
2935621,09-01-2024,referral,desktop,India
2094058,21-02-2024,email,mobile,India
2730813,06-01-2024,ads,mobile,India
4856824,12-02-2024,organic,desktop,India
1341720,15-01-2024,organic,desktop,USA
3752745,18-01-2024,organic,mobile,USA
1746110,19-02-2024,ads,mobile,India
3869274,23-02-2024,organic,desktop,Canada
3379017,07-02-2024,organic,tablet,India
1780204,25-01-2024,email,desktop,India
1754717,01-01-2024,ads,mobile,India
4127562,10-04-2024,organic,desktop,UK
4361830,15-01-2024,referral,mobile,USA
4135534,25-02-2024,ads,desktop,India
1601276,05-02-2024,referral,mobile,USA
2989232,01-07-2024,ads,mobile,India
2993493,20-02-2024,email,desktop,USA
4459238,06-01-2024,ads,mobile,India
2897331,05-06-2024,ads,mobile,India
1775805,22-01-2024,ads,tablet,India
2455372,20-01-2024,ads,mobile,Australia
4057543,12-01-2024,referral,mobile,Germany
1649330,17-01-2024,organic,mobile,India
1768708,03-02-2024,email,desktop,India
4220525,23-02-2024,organic,mobile,Canada
2728955,17-02-2024,email,mobile,USA
4688286,05-02-2024,ads,mobile,India
2993658,12-01-2024,ads,tablet,India
2592209,03-02-2024,organic,mobile,USA
2671490,07-01-2024,email,mobile,India
1583359,22-03-2024,organic,mobile,India
1620216,23-01-2024,ads,desktop,Germany
1506722,28-10-2024,referral,desktop,India
4539014,26-02-2024,ads,mobile,India
4491721,02-03-2024,ads,mobile,USA
2531690,02-04-2024,organic,tablet,India
2250234,29-01-2024,organic,desktop,India
2623275,08-01-2024,organic,desktop,India
1489021,03-02-2024,ads,mobile,India
4357062,24-01-2024,organic,mobile,Canada
3036570,06-01-2024,email,mobile,India
3744351,17-01-2024,organic,desktop,India
3636958,07-01-2024,organic,tablet,India
4498146,10-04-2024,ads,mobile,UK
4178703,03-02-2024,ads,mobile,Germany
1139272,06-06-2024,ads,desktop,India
4519291,05-02-2024,organic,desktop,India
4119466,21-01-2024,organic,desktop,Canada
2662710,11-01-2024,organic,mobile,India
2204724,13-05-2024,organic,desktop,Canada
4811083,14-03-2024,referral,mobile,Germany
4661522,11-01-2024,organic,mobile,UK
4034779,23-05-2024,organic,mobile,UK
2352349,09-01-2024,ads,mobile,Australia
3051221,01-01-2024,organic,mobile,UK
3430387,18-01-2024,ads,tablet,USA
4793228,01-01-2024,ads,mobile,India
1707591,10-01-2024,organic,mobile,USA
3651647,29-01-2024,ads,mobile,Canada
4727016,02-01-2024,organic,mobile,UK
2909838,03-01-2024,organic,desktop,India
4957752,13-01-2024,organic,mobile,India
1638948,08-02-2024,ads,mobile,India
3575550,31-01-2024,organic,mobile,Canada
3127744,22-03-2024,ads,mobile,India
2339522,18-01-2024,ads,mobile,India
3787989,14-04-2024,organic,desktop,India
1043771,30-01-2024,organic,mobile,USA
4556845,01-02-2024,ads,mobile,Australia
4669380,24-01-2024,email,mobile,India
4027034,11-01-2024,ads,desktop,UK
3265559,08-01-2024,organic,mobile,India
3937084,30-01-2024,ads,desktop,India
1496354,24-01-2024,ads,desktop,India
4135761,13-02-2024,email,mobile,UK
2773728,10-01-2024,organic,mobile,Canada
1389913,13-01-2024,ads,mobile,India
4282709,04-02-2024,organic,desktop,Canada
4488392,04-02-2024,organic,tablet,UK
3004959,13-04-2024,email,desktop,USA
2101051,12-01-2024,organic,desktop,India
3878393,08-01-2024,referral,desktop,Canada
1852485,02-01-2024,organic,mobile,UK
4405989,24-10-2024,organic,desktop,Canada
3953123,12-01-2024,ads,mobile,USA
1729438,18-01-2024,ads,mobile,Canada
2984455,24-03-2024,organic,tablet,USA
1950361,09-06-2024,organic,mobile,Australia
3220655,05-02-2024,ads,mobile,India
4163005,31-01-2024,organic,desktop,USA
4508584,07-01-2024,social,mobile,Canada
2642150,20-01-2024,organic,tablet,USA
4270156,12-01-2024,organic,mobile,UK
4754102,05-02-2024,organic,mobile,India
4186835,08-01-2024,organic,tablet,India
3780589,30-04-2024,organic,desktop,Canada
1643331,03-03-2024,ads,mobile,India
3241726,20-04-2024,organic,mobile,UK
2318150,11-05-2024,organic,tablet,USA
4532336,19-02-2024,referral,desktop,USA
3050760,11-01-2024,organic,mobile,India
4816514,19-02-2024,organic,mobile,Germany
4560041,09-04-2024,ads,mobile,USA
1872658,15-01-2024,organic,mobile,India
1355945,12-02-2024,organic,mobile,USA
2356892,28-01-2024,email,desktop,Canada
2418249,21-02-2024,ads,mobile,Canada
3350473,07-02-2024,organic,mobile,Canada
2701562,03-03-2024,organic,mobile,USA
3451335,17-01-2024,organic,tablet,India
2805953,13-02-2024,ads,desktop,India
2305746,26-01-2024,email,tablet,India
2968878,19-01-2024,email,mobile,India
3300997,24-03-2024,email,mobile,India
3930250,01-01-2024,ads,mobile,UK
4392715,05-03-2024,email,desktop,Germany
1143102,28-03-2024,email,mobile,India
1071659,17-07-2024,social,mobile,India
1128042,13-01-2024,organic,mobile,India
4530052,01-01-2024,organic,desktop,India
4834111,03-01-2024,ads,mobile,India
2563718,03-01-2024,organic,mobile,Germany
1976964,30-01-2024,ads,mobile,India
4075456,11-01-2024,ads,mobile,Australia
3964446,20-01-2024,referral,mobile,India
1076704,10-01-2024,email,tablet,India
2396530,21-01-2024,ads,desktop,India
4356207,21-02-2024,referral,mobile,Australia
3199185,08-01-2024,ads,mobile,UK
3692950,04-03-2024,organic,mobile,India
1067004,25-01-2024,social,mobile,Australia
4864542,15-03-2024,social,mobile,USA
3012253,07-05-2024,organic,mobile,Australia
3970184,09-02-2024,organic,mobile,Germany
4524350,17-01-2024,organic,mobile,India
4369219,11-01-2024,email,tablet,Australia
2173852,16-03-2024,organic,desktop,India
1346688,20-01-2024,referral,desktop,India
4798382,16-03-2024,organic,mobile,India
3502020,27-01-2024,email,tablet,India
1156716,13-01-2024,organic,desktop,India
3482552,29-02-2024,ads,tablet,India
3319341,08-01-2024,ads,desktop,India
3314526,08-01-2024,ads,mobile,Germany
3327363,08-04-2024,ads,mobile,India
1033125,15-01-2024,ads,mobile,USA
2438349,27-01-2024,organic,mobile,India
2821194,17-01-2024,organic,mobile,UK
1971716,06-01-2024,organic,desktop,India
2833866,16-05-2024,ads,desktop,UK
1500394,07-07-2024,organic,mobile,India
3570928,27-01-2024,organic,mobile,USA
4011286,28-02-2024,organic,mobile,India
1446597,23-01-2024,ads,mobile,Germany
3058683,25-05-2024,ads,mobile,USA
2465181,01-01-2024,email,mobile,India
1556593,16-02-2024,email,mobile,Canada
3951752,06-02-2024,ads,mobile,Canada
1417490,05-02-2024,ads,desktop,India
4259895,30-01-2024,ads,mobile,India
1381801,18-01-2024,organic,mobile,India
1277444,30-03-2024,ads,desktop,USA
4171054,11-04-2024,ads,desktop,USA
1580256,14-02-2024,organic,desktop,India
4747057,05-02-2024,organic,tablet,India
4810456,31-01-2024,organic,mobile,USA
1766370,19-01-2024,referral,desktop,India
3501705,17-08-2024,email,mobile,UK
2560150,15-03-2024,social,desktop,India
2328599,12-02-2024,organic,mobile,USA
1821181,19-02-2024,ads,mobile,India
3925141,22-02-2024,ads,mobile,India
1884693,25-05-2024,organic,desktop,India
1647179,01-02-2024,organic,mobile,Australia
3181795,02-04-2024,referral,desktop,USA
3032682,15-02-2024,email,desktop,India
2719419,06-03-2024,organic,mobile,India
1138307,19-02-2024,email,desktop,India
3764376,14-08-2024,organic,desktop,India
3611698,04-01-2024,organic,tablet,Germany
3234872,25-03-2024,organic,mobile,USA
1776545,03-03-2024,organic,mobile,India
3255717,07-02-2024,ads,mobile,Germany
1069734,29-01-2024,organic,mobile,India
2507218,07-01-2024,email,mobile,India
4800538,03-01-2024,organic,desktop,India
1797372,09-01-2024,organic,mobile,Australia
3813435,06-01-2024,organic,mobile,USA
1669190,13-03-2024,organic,mobile,India
3095300,10-02-2024,social,mobile,USA
2581775,29-01-2024,referral,mobile,India
2918141,03-01-2024,email,mobile,India
1904084,08-01-2024,organic,tablet,India
2619100,05-01-2024,ads,desktop,Canada
3624004,03-01-2024,organic,mobile,UK
3679507,25-01-2024,referral,mobile,India
2407987,09-01-2024,ads,desktop,India
2213466,11-06-2024,ads,mobile,India
1320715,10-01-2024,organic,desktop,Germany
3805192,02-06-2024,ads,mobile,UK
4616435,02-01-2024,organic,desktop,USA
2111480,09-05-2024,ads,mobile,USA
1038145,12-03-2024,organic,mobile,Germany
3855244,04-01-2024,organic,desktop,India
1173000,06-04-2024,organic,desktop,Germany
1294789,26-01-2024,social,desktop,UK
1878294,16-02-2024,organic,mobile,India
3355683,17-01-2024,organic,mobile,India
3085752,10-01-2024,organic,mobile,India
1400070,04-02-2024,organic,mobile,India
2515666,16-01-2024,ads,desktop,India
3617256,28-03-2024,ads,tablet,USA
1685125,17-04-2024,referral,tablet,Germany
1052403,02-02-2024,referral,tablet,USA
2338057,03-01-2024,organic,mobile,USA
3907593,20-01-2024,organic,mobile,Germany
3961287,19-01-2024,ads,mobile,India
3294326,13-01-2024,organic,mobile,India
2234375,01-03-2024,organic,mobile,USA
2331982,30-01-2024,ads,mobile,India
3515487,03-01-2024,referral,mobile,USA
2966575,30-01-2024,ads,mobile,Germany
1145078,04-04-2024,ads,mobile,Canada
1658864,22-01-2024,referral,tablet,Australia
3760924,09-01-2024,organic,desktop,Canada
4723879,20-01-2024,referral,mobile,India
3882943,31-01-2024,organic,desktop,India
2399049,02-01-2024,referral,mobile,India
3353278,12-01-2024,organic,mobile,India
3715000,01-02-2024,ads,mobile,UK
4253889,23-01-2024,ads,mobile,India
1816785,13-01-2024,email,mobile,USA
3485395,22-01-2024,email,desktop,India
2955573,15-01-2024,referral,desktop,USA
2174225,01-02-2024,referral,mobile,Canada
3156441,15-03-2024,ads,mobile,India
1347981,27-03-2024,ads,mobile,Germany
1126135,02-02-2024,organic,mobile,USA
4924788,10-06-2024,organic,mobile,India
2826313,16-03-2024,ads,mobile,USA
2640565,13-01-2024,organic,desktop,UK
1593618,01-02-2024,ads,mobile,India
3111803,13-04-2024,organic,mobile,India
4808345,02-01-2024,social,tablet,Canada
1213182,02-01-2024,ads,mobile,Germany
2384218,25-02-2024,organic,mobile,India
4605056,04-05-2024,ads,desktop,USA
3309444,14-02-2024,ads,mobile,Canada
2095562,24-01-2024,organic,desktop,India
3115519,01-02-2024,ads,mobile,USA
2535031,16-01-2024,organic,mobile,India
4964571,09-02-2024,organic,tablet,India
3715535,25-01-2024,ads,mobile,USA
3483138,12-01-2024,organic,desktop,India
1278127,14-08-2024,ads,mobile,India
2154927,15-02-2024,referral,desktop,Canada
4694578,24-01-2024,organic,desktop,India
2144794,12-01-2024,social,mobile,India
4949271,05-04-2024,referral,tablet,UK
4585439,05-01-2024,email,desktop,Australia
1729803,02-01-2024,organic,mobile,USA
1796124,14-06-2024,ads,mobile,India
3771260,09-02-2024,ads,mobile,Germany
3898635,30-01-2024,email,mobile,Canada
3916663,06-02-2025,ads,mobile,USA
4482684,28-01-2024,ads,mobile,USA
1170776,10-07-2024,referral,mobile,USA
4428444,19-02-2024,ads,mobile,India
4753130,24-01-2024,organic,mobile,India
2771580,23-07-2024,ads,mobile,India
1106810,06-07-2024,referral,mobile,India
4900193,17-01-2024,social,desktop,India
1707539,14-02-2024,social,mobile,India
4035520,13-02-2024,email,desktop,India
4599917,13-01-2024,ads,mobile,India
1655882,01-01-2024,organic,mobile,USA
1631583,08-01-2024,organic,desktop,India
2668388,20-01-2024,organic,mobile,Canada
4286867,17-01-2024,organic,mobile,India
3710101,24-01-2024,social,desktop,Australia
1382298,03-02-2024,organic,mobile,UK
4932326,30-01-2024,organic,tablet,UK
2639873,05-02-2024,social,desktop,India
3225096,24-02-2024,ads,desktop,India
3269942,19-02-2024,ads,mobile,India
1247683,08-01-2024,organic,mobile,India
1211531,18-01-2024,social,desktop,USA
4083654,16-01-2024,organic,mobile,USA
3185520,05-02-2024,organic,mobile,India
3852211,11-01-2024,organic,desktop,India
2919408,05-01-2024,ads,mobile,UK
1704119,11-04-2024,ads,mobile,India
1049927,01-01-2024,social,desktop,India
2623504,07-01-2024,ads,mobile,India
1887977,20-01-2024,email,tablet,Canada
1537060,08-01-2024,email,desktop,India
2397705,21-01-2024,organic,mobile,India
2522243,06-01-2024,referral,mobile,Australia
2131011,04-02-2024,email,mobile,India
1742445,29-03-2024,organic,mobile,USA
3864692,03-05-2024,organic,desktop,Germany
1534920,23-01-2024,referral,mobile,Germany
3762639,23-01-2024,organic,desktop,India
3124227,15-01-2024,ads,mobile,USA
1133279,03-02-2024,organic,mobile,USA
1910634,12-02-2024,ads,mobile,India
4500657,15-03-2024,organic,mobile,India
4593947,11-01-2024,organic,mobile,India
2718971,01-03-2024,organic,mobile,India
3888198,02-02-2024,social,desktop,USA
2610477,01-03-2024,ads,mobile,India
1973853,28-06-2024,ads,mobile,UK
2548450,17-01-2024,organic,mobile,UK
2329795,30-05-2024,ads,desktop,India
4981860,02-01-2024,social,tablet,India
1055926,08-04-2024,referral,tablet,India
3032652,01-01-2024,organic,mobile,USA
1801233,07-04-2024,organic,mobile,Australia
2695245,20-05-2024,social,tablet,USA
2049422,10-02-2024,organic,mobile,India
4447554,29-01-2024,organic,mobile,India
2208108,01-01-2024,organic,mobile,India
2262432,02-01-2024,organic,mobile,USA
2235171,06-02-2024,ads,mobile,USA
1600603,28-05-2024,ads,mobile,USA
3274432,18-01-2024,organic,mobile,Germany
3535837,04-01-2024,organic,mobile,Germany
3879159,04-01-2024,ads,desktop,India
2693368,05-01-2024,organic,mobile,India
2434274,02-02-2024,ads,desktop,India
1960796,08-06-2024,organic,mobile,India
2900580,07-01-2024,organic,mobile,India
3136689,06-02-2024,organic,mobile,USA
4322719,07-01-2024,ads,mobile,India
4629160,09-02-2024,organic,desktop,India
2571506,23-01-2024,ads,desktop,India
2069801,08-01-2024,ads,mobile,India
1803505,06-01-2024,ads,desktop,Australia
2306276,05-01-2024,email,tablet,Australia
3263550,12-02-2024,organic,tablet,India
1848891,27-01-2024,organic,tablet,India
2256187,03-01-2024,ads,mobile,Canada
3401614,11-01-2024,organic,tablet,Australia
2238516,22-01-2024,organic,mobile,India
4844370,20-03-2024,organic,mobile,USA
2350296,27-03-2024,organic,desktop,India
3841383,26-03-2024,social,mobile,India
3719810,18-04-2024,ads,mobile,India
1772462,01-03-2024,ads,desktop,Germany
3149748,10-01-2024,email,desktop,UK
3307111,09-01-2024,ads,mobile,USA
4003860,28-01-2024,ads,mobile,USA
3529973,14-01-2024,organic,desktop,USA
3423439,19-02-2024,ads,mobile,India
1009967,26-01-2024,ads,desktop,USA
1247474,20-01-2024,social,mobile,India
4351596,25-01-2024,ads,mobile,India
4543770,06-01-2024,email,mobile,UK
1290859,04-01-2024,organic,mobile,India
2983908,17-01-2024,email,mobile,USA
2710044,04-03-2024,organic,mobile,India
4447109,19-02-2024,ads,mobile,India
3230544,03-01-2024,email,desktop,USA
1610314,09-02-2024,organic,mobile,India
1985125,05-03-2024,organic,mobile,USA
1538941,25-01-2024,ads,mobile,UK
2718901,27-01-2024,organic,desktop,India
1717297,05-06-2024,organic,desktop,India
4984069,05-03-2024,email,desktop,Canada
4274538,23-01-2024,organic,desktop,India
3258905,24-03-2024,organic,mobile,USA
2690897,14-01-2024,ads,mobile,USA
4452579,15-01-2024,ads,mobile,India
3788401,07-01-2024,ads,tablet,UK
3939415,08-04-2024,organic,mobile,USA
4917143,12-01-2024,ads,desktop,India
1197137,17-03-2024,organic,mobile,India
3534741,10-01-2024,social,desktop,India
1731741,29-01-2024,organic,mobile,Germany
4606958,13-02-2024,ads,tablet,India
2097304,07-01-2024,referral,mobile,India
2988999,23-01-2024,email,desktop,India
2850740,04-02-2024,organic,desktop,India
2013333,01-01-2024,referral,desktop,USA
3772663,13-01-2024,organic,mobile,India
3507925,03-02-2024,ads,desktop,Canada
4200315,03-01-2024,organic,desktop,India
2908853,04-01-2024,ads,mobile,India
2267290,21-03-2024,organic,mobile,Australia
1297037,25-01-2024,organic,desktop,Canada
2664163,08-01-2024,organic,desktop,India
1730948,02-03-2024,organic,desktop,USA
3809285,06-01-2024,social,mobile,India
1820337,20-02-2024,ads,desktop,Australia
2082972,02-01-2024,organic,tablet,India
1718716,07-01-2024,organic,mobile,USA
1385796,12-02-2024,organic,mobile,USA
4617999,25-01-2024,social,tablet,UK
3094809,15-08-2024,ads,mobile,India
1990596,03-01-2024,ads,mobile,Canada
2495576,30-03-2024,ads,mobile,UK
3086333,29-01-2024,ads,tablet,India
1834083,02-02-2024,organic,mobile,India
1177903,13-01-2024,organic,mobile,Canada
3289250,04-01-2024,ads,desktop,India
1594877,07-02-2024,email,tablet,Canada
4718705,25-01-2024,ads,mobile,India
2343508,03-01-2024,organic,desktop,USA
2185419,25-01-2024,organic,desktop,India
1720912,16-01-2024,referral,mobile,India
2463701,29-02-2024,ads,desktop,Germany
3287660,12-01-2024,organic,tablet,Canada
3565397,24-04-2024,organic,mobile,India
4758751,27-03-2024,organic,mobile,USA
2300524,01-03-2024,ads,mobile,India
1260143,24-01-2024,organic,desktop,India
2301990,02-01-2024,social,desktop,India
2058376,19-02-2024,social,mobile,USA
3258484,06-01-2024,organic,mobile,Australia
4408709,11-01-2024,organic,mobile,UK
2780414,09-02-2024,ads,tablet,India
2348818,03-02-2024,ads,mobile,India
3430260,11-01-2024,organic,desktop,USA
2359199,14-02-2024,organic,mobile,Canada
1713792,03-01-2024,organic,desktop,India
1607703,21-02-2024,ads,mobile,Germany
4836927,06-01-2024,ads,mobile,USA
3188434,02-01-2024,organic,desktop,Canada
4830802,11-01-2024,organic,mobile,USA
1246456,08-01-2024,organic,mobile,India
2782598,28-02-2024,social,desktop,India
3711465,03-01-2024,organic,tablet,USA
3086767,03-01-2024,ads,mobile,USA
4798468,21-05-2024,organic,mobile,Canada
4931783,14-02-2024,organic,mobile,USA
2411105,24-02-2024,ads,mobile,India
4828453,28-02-2024,organic,desktop,India
3033951,04-01-2024,social,tablet,USA
2706829,17-02-2024,social,mobile,India
4800117,01-02-2024,ads,desktop,India
4383594,27-04-2024,organic,desktop,UK
2844330,16-01-2024,organic,mobile,USA
3143178,05-08-2024,organic,mobile,India
4273017,23-03-2024,email,desktop,Australia
3326089,29-01-2024,organic,mobile,Germany
3744352,02-03-2024,ads,desktop,Germany
3560732,07-02-2024,referral,desktop,UK
4233604,29-03-2024,ads,tablet,India
2497541,12-01-2024,referral,desktop,India
2530395,21-01-2024,organic,desktop,India
4928180,26-03-2024,organic,mobile,Australia
4063605,08-01-2024,ads,desktop,India
2595609,10-02-2024,organic,desktop,Canada
3407885,05-01-2024,referral,desktop,USA
2471252,02-06-2024,organic,tablet,India
2447641,26-02-2024,ads,mobile,India
4393122,16-01-2024,organic,desktop,UK
4000808,16-03-2024,email,mobile,Canada
3917886,05-01-2024,ads,desktop,UK
3458656,19-01-2024,organic,tablet,USA
1904520,22-08-2024,organic,mobile,India
3623868,17-05-2024,ads,tablet,USA
1119231,19-03-2024,ads,tablet,India
1107568,16-04-2024,organic,mobile,USA
4283330,11-02-2024,ads,mobile,India
2353115,19-01-2024,email,mobile,UK
2270271,03-01-2024,ads,mobile,Australia
1963142,01-02-2024,organic,tablet,USA
1956779,09-07-2024,organic,mobile,India
3919729,13-02-2024,ads,mobile,Germany
3752421,09-02-2024,social,desktop,USA
1350699,25-08-2024,organic,mobile,India
3020720,08-02-2024,organic,desktop,India
3179818,18-01-2024,social,mobile,India
4104178,14-01-2024,organic,desktop,USA
3092099,16-06-2024,organic,mobile,India
1116190,20-01-2024,organic,desktop,Canada
4910974,08-01-2024,referral,desktop,USA
2875406,18-01-2024,organic,desktop,Canada
1274673,04-05-2024,organic,mobile,India
3083187,05-01-2024,organic,desktop,India
1336295,05-04-2024,organic,desktop,USA
2016310,19-01-2024,organic,desktop,India
4449993,10-02-2024,ads,mobile,USA
2130467,11-01-2024,organic,mobile,India
4769046,29-03-2024,organic,tablet,India
4391212,15-01-2024,email,mobile,Canada
2258093,20-01-2024,organic,mobile,India
1626453,02-02-2024,ads,desktop,India
3924629,29-02-2024,ads,mobile,USA
2055799,28-02-2024,organic,mobile,India
4708441,10-01-2024,referral,mobile,USA
1642254,01-06-2024,social,mobile,India
2088235,02-01-2024,ads,mobile,India
1092354,03-04-2024,email,mobile,India
1684369,07-02-2024,organic,mobile,USA
1487254,12-01-2024,ads,mobile,India
1624807,26-01-2024,organic,mobile,UK
4083040,05-01-2024,organic,mobile,USA
3915160,09-01-2024,ads,tablet,USA
4871180,07-01-2024,organic,desktop,India
2229492,03-01-2024,social,mobile,India
4092329,19-01-2024,organic,mobile,India
1435539,12-02-2024,ads,mobile,Australia
3194830,03-01-2024,organic,desktop,India
1045691,02-04-2024,referral,desktop,India
3647101,21-01-2024,ads,desktop,Canada
3559498,22-02-2024,organic,desktop,India
4459275,21-01-2024,organic,tablet,India
1715820,18-06-2024,organic,mobile,India
1814742,09-02-2024,organic,mobile,India
1734996,25-01-2024,ads,mobile,USA
1345239,21-05-2024,organic,mobile,India
1370490,21-03-2024,organic,desktop,India
4820026,17-02-2024,organic,mobile,USA
3831508,10-06-2024,referral,desktop,Germany
2939184,12-06-2024,social,mobile,Germany
2255568,07-01-2024,social,mobile,Australia
1827428,30-01-2024,organic,mobile,India
1431958,16-01-2024,ads,mobile,UK
2676713,08-03-2024,organic,mobile,UK
4107050,28-03-2024,ads,mobile,India
4882920,27-01-2024,referral,desktop,Germany
4157747,24-03-2024,organic,desktop,India
3604437,19-02-2024,organic,desktop,Canada
4035884,22-01-2024,ads,mobile,India
2666578,29-01-2024,organic,desktop,India
4651606,06-02-2024,ads,desktop,India
1915810,21-01-2024,ads,mobile,India
2047186,18-07-2024,organic,mobile,UK
4475336,15-02-2024,referral,mobile,India
2874808,08-01-2024,organic,mobile,Australia
4728754,20-01-2024,organic,mobile,India
3946767,04-03-2024,organic,mobile,India
2948023,21-01-2024,social,tablet,Germany
4558575,01-01-2024,email,mobile,Germany
2074066,27-01-2024,ads,desktop,India
4305240,21-01-2024,ads,desktop,USA
3880607,26-01-2024,email,mobile,Germany
4729231,18-03-2024,email,mobile,Germany
4812911,25-01-2024,organic,mobile,India
3228531,04-01-2024,ads,mobile,UK
2585471,10-04-2024,social,mobile,India
1816132,04-01-2024,referral,mobile,USA
2283019,10-02-2024,organic,mobile,Australia
4875494,05-02-2024,referral,mobile,UK
1290098,05-01-2024,organic,tablet,India
2171382,03-01-2024,organic,mobile,India
2108430,01-01-2024,organic,mobile,USA
2845042,26-01-2024,email,mobile,USA
4686739,01-02-2024,ads,desktop,USA
1169304,14-01-2024,email,mobile,UK
2535819,08-03-2024,ads,mobile,India
3826772,27-01-2024,ads,mobile,India
4604388,18-01-2024,ads,mobile,India
2255021,24-02-2024,ads,desktop,USA
1368658,10-01-2024,social,mobile,India
3674486,19-01-2024,organic,desktop,Germany
4938323,20-02-2024,organic,desktop,India
1979116,12-01-2024,email,mobile,UK
3826126,20-04-2024,organic,mobile,India
3645710,26-01-2024,organic,mobile,USA
3825800,21-02-2024,ads,desktop,USA
3763465,20-01-2024,referral,mobile,India
1293635,22-01-2024,organic,mobile,Canada
3880129,17-01-2024,ads,mobile,Canada
4186528,15-03-2024,organic,mobile,UK
1549373,26-01-2024,ads,tablet,USA
4270533,16-01-2024,organic,mobile,India
4200085,01-04-2024,organic,mobile,India
4587301,11-02-2024,referral,desktop,UK
1046278,18-01-2024,ads,mobile,India
3410970,17-07-2024,referral,desktop,Canada
4958967,09-01-2024,organic,desktop,UK
2829007,22-01-2024,organic,desktop,India
2583917,04-01-2024,ads,desktop,Canada
4902244,12-01-2024,organic,mobile,USA
4021721,13-03-2024,organic,desktop,UK
4704360,02-01-2024,ads,mobile,India
3582977,28-01-2024,ads,desktop,USA
2525931,01-01-2024,organic,mobile,India
3370189,24-05-2024,ads,mobile,India
3408159,20-03-2024,ads,desktop,India
2892993,28-04-2024,organic,tablet,Australia
2834972,19-01-2024,ads,mobile,India
2321064,18-02-2024,referral,mobile,USA
4495737,06-01-2024,organic,mobile,India
2984266,14-02-2024,organic,desktop,India
4847494,08-01-2024,referral,mobile,Germany
3952095,16-01-2024,organic,mobile,India
4522801,20-04-2024,ads,desktop,India
1901515,11-04-2024,organic,mobile,India
1841886,06-09-2024,email,mobile,USA
3234848,18-01-2024,email,mobile,India
4190243,07-02-2024,organic,desktop,Germany
1482807,02-02-2024,organic,mobile,India
3787512,28-02-2024,organic,mobile,Canada
1960532,08-04-2024,organic,mobile,India
4612624,14-01-2024,ads,mobile,Germany
4978162,16-03-2024,organic,tablet,Canada
3848627,18-03-2024,email,desktop,UK
1458054,18-03-2024,referral,mobile,UK
2789238,08-01-2024,ads,desktop,India
1407391,27-02-2024,ads,tablet,USA
4907336,27-02-2024,referral,mobile,India
3003263,12-02-2024,ads,mobile,India
2619337,28-01-2024,organic,mobile,India
3626159,25-02-2024,organic,mobile,UK
4287782,02-01-2024,organic,mobile,India
3293298,08-04-2024,organic,mobile,USA
1659179,08-01-2024,ads,mobile,USA
3088734,14-04-2024,organic,desktop,Canada
3828849,07-01-2024,organic,desktop,India
1970679,01-03-2024,ads,mobile,UK
3322364,05-09-2024,ads,mobile,India
2060710,23-01-2024,ads,tablet,India
1041906,19-02-2024,ads,desktop,India
3886085,13-02-2024,ads,tablet,India
3869720,28-05-2024,email,desktop,India
4855262,06-01-2024,organic,mobile,India
2655216,07-02-2024,ads,desktop,India
1226591,02-02-2024,organic,desktop,India
1489894,08-01-2024,ads,mobile,India
1402805,03-01-2024,ads,mobile,India
4788573,29-01-2024,organic,tablet,India
2259200,08-03-2024,organic,desktop,India
4781246,05-02-2024,ads,mobile,Canada
2703119,01-02-2024,ads,tablet,USA
3604781,06-01-2024,organic,mobile,UK
4510104,11-02-2024,referral,mobile,India
3083316,05-02-2024,organic,mobile,India
2288171,03-02-2024,email,tablet,India
4616118,26-01-2024,ads,desktop,Germany
2013575,03-02-2024,organic,desktop,India
3180442,31-03-2024,ads,mobile,India
4093414,07-01-2024,organic,mobile,Canada
4564049,29-01-2024,organic,mobile,UK
3252424,12-02-2024,organic,desktop,UK
3684590,15-06-2024,ads,desktop,UK
3393215,01-01-2024,organic,desktop,India
4563534,01-01-2024,social,mobile,UK
4389650,02-05-2024,referral,mobile,Germany
2964092,18-01-2024,organic,mobile,Germany
3711282,09-01-2024,organic,mobile,India
3419087,20-02-2024,social,mobile,Germany
3641789,05-01-2024,referral,mobile,Canada
1635118,12-03-2024,organic,desktop,India
1435713,27-01-2024,organic,mobile,India
1374741,30-01-2024,organic,mobile,India
2137239,04-01-2024,email,mobile,India
3269592,12-01-2024,ads,mobile,India
1239098,04-01-2024,organic,desktop,India
3634056,24-01-2024,ads,mobile,USA
4017879,14-01-2024,organic,mobile,India
1083808,08-06-2024,referral,tablet,India
4068255,03-01-2024,ads,tablet,India
3771733,13-04-2024,ads,mobile,UK
3513603,06-01-2024,ads,mobile,UK
2299593,19-01-2024,ads,desktop,UK
3096052,13-01-2024,ads,mobile,USA
3833725,15-02-2024,ads,mobile,India
2358845,19-02-2024,email,mobile,Australia
3905389,26-01-2024,organic,mobile,Germany
3721820,15-04-2024,social,desktop,India
2033883,11-01-2024,ads,mobile,India
1212119,31-03-2024,organic,mobile,India
4753039,05-03-2024,organic,mobile,India
3086205,19-02-2024,referral,desktop,India
2153367,02-03-2024,referral,mobile,India
1851484,28-02-2024,organic,mobile,Canada
4116055,23-02-2024,organic,desktop,India
3768485,12-01-2024,organic,mobile,India
3296346,14-04-2024,email,desktop,India
3006195,14-03-2024,referral,desktop,India
2694641,15-01-2024,ads,mobile,Canada
4514789,29-01-2024,organic,desktop,Australia
2256623,17-02-2024,referral,desktop,India
4827192,16-03-2024,ads,mobile,India
2819753,18-08-2024,email,tablet,India
2547914,27-01-2024,ads,mobile,Canada
3451576,23-05-2024,ads,desktop,Australia
4696869,25-02-2024,organic,mobile,India
3539747,07-01-2024,ads,mobile,India
3703933,02-02-2024,organic,desktop,UK
3355610,08-02-2024,social,mobile,India
3224278,07-02-2024,organic,mobile,India
2669015,30-01-2024,referral,mobile,USA
1617813,15-01-2024,organic,mobile,Canada
3721085,07-01-2024,organic,mobile,India
3850782,29-02-2024,organic,mobile,UK
2829897,05-01-2024,ads,desktop,India
3930700,10-02-2024,email,mobile,Canada
2524968,09-01-2024,organic,desktop,UK
2524426,05-02-2024,referral,mobile,Australia
1569848,27-06-2024,organic,mobile,India
2217246,05-01-2024,ads,mobile,USA
2186701,27-01-2024,organic,mobile,USA
4249067,13-04-2024,organic,mobile,India
3901094,14-05-2024,organic,mobile,Germany
3676259,18-02-2024,ads,mobile,USA
2425902,29-01-2024,ads,mobile,Germany
1501032,21-01-2024,email,desktop,Australia
4060377,10-01-2024,email,mobile,India
1732101,13-02-2024,organic,tablet,India
4621888,01-01-2024,organic,mobile,India
3423861,11-01-2024,referral,mobile,USA
4609004,23-01-2024,ads,mobile,UK
1510177,06-01-2024,organic,tablet,India
3749272,31-01-2024,organic,mobile,USA
1928659,01-01-2024,referral,mobile,USA
2142970,15-02-2024,email,mobile,India
4211259,15-01-2024,organic,desktop,Australia
4537698,22-03-2024,organic,mobile,USA
4468805,17-01-2024,organic,mobile,UK
2761712,02-01-2024,email,mobile,India
4811226,08-01-2024,ads,desktop,Canada
4739802,23-02-2024,social,mobile,India
2116624,29-02-2024,organic,mobile,USA
2143285,10-04-2024,organic,tablet,USA
2537367,14-03-2024,ads,desktop,USA
4882426,11-03-2024,ads,mobile,India
1661256,24-01-2024,organic,mobile,India
4279370,03-01-2024,referral,tablet,India
1198244,11-03-2024,social,desktop,India
1696628,14-03-2024,email,desktop,UK
2955505,13-04-2024,ads,mobile,India
4585816,08-02-2024,ads,tablet,India
3089609,28-01-2024,organic,mobile,India
2628259,24-01-2024,ads,mobile,India
3629359,28-02-2024,organic,desktop,India
3415266,29-01-2024,organic,desktop,India
2237610,25-02-2024,organic,desktop,India
2369668,19-03-2024,ads,mobile,India
3096344,08-01-2024,organic,mobile,India
3997174,26-01-2024,social,mobile,India
3844908,26-01-2024,email,desktop,India
2857479,18-04-2024,email,mobile,Canada
3751465,28-03-2024,organic,mobile,India
3638431,05-03-2024,social,mobile,USA
2126800,11-02-2024,organic,mobile,India
2502250,23-02-2024,organic,mobile,USA
2588512,19-02-2024,ads,mobile,USA
3994207,10-05-2024,organic,mobile,USA
3280980,30-01-2024,ads,mobile,USA
1259958,09-02-2024,organic,desktop,India
2306290,11-03-2024,ads,mobile,India
2450053,21-01-2024,ads,mobile,India
3672490,21-05-2024,email,desktop,India
4123525,24-06-2024,organic,mobile,India
1928171,29-01-2024,ads,tablet,India
1419424,01-01-2024,email,desktop,India
3859881,01-01-2024,ads,mobile,Canada
4375622,23-02-2024,ads,mobile,UK
4851351,03-01-2024,ads,mobile,India
2703046,25-01-2024,organic,mobile,India
2425037,19-03-2024,ads,mobile,India
3164325,13-01-2024,social,mobile,Canada
3738806,30-03-2024,social,mobile,India
1454431,12-05-2024,ads,mobile,Canada
1911103,25-01-2024,referral,mobile,Germany
4798236,17-01-2024,organic,mobile,India
1309881,16-03-2024,email,mobile,UK
2886681,08-04-2024,referral,mobile,Germany
1090485,02-02-2024,social,desktop,USA
4577741,16-02-2024,email,desktop,USA
3721764,06-01-2024,email,mobile,India
4490504,25-02-2024,ads,desktop,Canada
2276385,29-03-2024,referral,mobile,Germany
4976341,15-01-2024,ads,mobile,USA
4114558,06-05-2024,referral,mobile,India
1355650,08-01-2024,ads,mobile,Canada
3455340,14-01-2024,organic,mobile,India
1479506,02-01-2024,referral,mobile,India
1894714,02-01-2024,social,mobile,UK
4537201,16-01-2024,email,mobile,USA
2013589,19-03-2024,organic,mobile,India
1217853,22-03-2024,organic,desktop,UK
4239895,06-03-2024,ads,desktop,India
1557858,05-01-2024,organic,desktop,India
1865634,18-01-2024,organic,tablet,UK
4640286,08-01-2024,organic,tablet,UK
3457065,26-01-2024,ads,mobile,India
4610827,10-04-2024,organic,desktop,India
1298980,24-01-2024,organic,mobile,Canada
3524082,23-01-2024,social,mobile,Germany
4614049,19-01-2024,organic,mobile,UK
4100439,21-04-2024,ads,tablet,Canada
2817823,31-01-2024,ads,mobile,UK
2345841,15-03-2024,referral,mobile,India
2700421,07-01-2024,organic,desktop,India
2715300,03-01-2024,organic,desktop,India
2583802,09-03-2024,organic,tablet,India
2686284,05-01-2024,ads,desktop,India
3878738,11-02-2024,ads,desktop,Canada
4137111,12-01-2024,email,desktop,USA
1239575,15-01-2024,organic,mobile,India
4381922,06-03-2024,ads,mobile,USA
4805757,03-02-2024,ads,mobile,USA
2908849,09-08-2024,email,mobile,USA
3504142,24-01-2024,ads,desktop,Germany
1352777,29-02-2024,email,tablet,Canada
1931143,23-03-2024,referral,mobile,India
2159080,06-01-2024,referral,mobile,India
4704294,07-01-2024,referral,mobile,USA
2833588,11-01-2024,organic,tablet,UK
4350635,08-01-2024,referral,mobile,India
2725645,29-02-2024,organic,mobile,India
3996382,28-04-2024,social,mobile,India
1966298,23-01-2024,organic,mobile,USA
2806432,12-02-2024,organic,desktop,USA
1357081,26-02-2024,organic,tablet,India
2565330,16-02-2024,organic,mobile,India
2454805,02-01-2024,organic,mobile,India
2167596,09-01-2024,ads,mobile,Canada
2661279,04-01-2024,ads,desktop,UK
2292223,31-01-2024,email,mobile,UK
1293170,15-01-2024,ads,mobile,India
4779688,16-02-2024,referral,desktop,India
2796247,28-01-2024,organic,mobile,USA
2025817,24-01-2024,ads,desktop,India
2721809,27-02-2024,ads,mobile,India
3389596,06-04-2024,organic,mobile,India
3939734,10-01-2024,ads,desktop,India
2990058,23-02-2024,organic,desktop,Germany
1109387,13-04-2024,organic,mobile,India
4908112,10-01-2024,organic,mobile,India
2040999,03-02-2024,email,desktop,India
1695420,16-01-2024,organic,mobile,UK
3260179,02-01-2024,organic,tablet,USA
1818513,21-01-2024,ads,mobile,India
4889930,17-01-2024,organic,desktop,USA
1838933,08-01-2024,organic,desktop,USA
2762215,13-01-2024,organic,mobile,USA
1952949,18-02-2024,organic,mobile,Australia
4215509,06-02-2024,referral,desktop,Germany
3680284,19-01-2024,ads,mobile,India
2575090,14-04-2024,organic,mobile,Australia
3116831,08-03-2024,organic,desktop,India
4142920,25-02-2024,ads,desktop,India
3090770,23-01-2024,referral,mobile,USA
4289885,06-01-2024,referral,mobile,Canada
1542089,15-01-2024,ads,desktop,India
1103806,04-01-2024,referral,mobile,Australia
3912684,21-01-2024,organic,mobile,India
4663433,29-03-2024,email,mobile,India
2636027,06-01-2024,ads,tablet,Germany
2053223,14-01-2024,organic,mobile,Australia
1431093,14-05-2024,organic,desktop,India
3009288,01-02-2024,organic,tablet,India
3517680,04-03-2024,organic,mobile,UK
1682949,22-03-2024,organic,mobile,Canada
1295334,05-03-2024,organic,mobile,India
2455759,01-02-2024,organic,mobile,India
2491049,24-02-2024,ads,mobile,India
1711643,09-01-2024,ads,mobile,India
1644273,05-02-2024,organic,mobile,UK
2229568,03-03-2024,organic,tablet,India
4268611,10-01-2024,ads,mobile,USA
4012949,01-01-2024,ads,desktop,USA
3431908,25-07-2024,ads,mobile,India
1937518,12-01-2024,organic,mobile,UK
1482946,10-01-2024,organic,mobile,India
4383609,04-03-2024,ads,desktop,USA
3990483,02-01-2024,ads,desktop,Australia
2314317,24-01-2024,ads,tablet,Australia
4201861,25-04-2024,organic,mobile,USA
2832285,31-01-2024,ads,mobile,UK
3748593,07-01-2024,email,desktop,India
3590957,13-01-2024,referral,mobile,USA
1542904,22-09-2024,ads,mobile,USA
1620054,31-01-2024,email,mobile,India
2703327,29-03-2024,organic,mobile,India
3422841,27-01-2024,organic,desktop,Australia
3800390,26-03-2024,organic,desktop,Canada
3263131,13-03-2024,organic,mobile,India
1930799,20-02-2024,organic,mobile,Australia
2285088,15-02-2024,organic,desktop,India
4950352,19-02-2024,email,tablet,Australia
2812000,12-01-2024,organic,tablet,India
3623357,30-01-2024,organic,desktop,India
3465145,23-02-2024,organic,desktop,USA
4894506,27-03-2024,organic,mobile,India
3701855,27-01-2024,social,mobile,Germany
2101368,30-04-2024,email,mobile,India
1445935,17-02-2024,organic,mobile,India
1504497,27-01-2024,email,mobile,India
4459798,17-04-2024,organic,mobile,India
1933071,19-02-2024,ads,mobile,Germany
4412210,07-01-2024,email,mobile,India
2746230,11-01-2024,ads,mobile,UK
4701839,04-07-2024,referral,mobile,India
3282068,01-02-2024,ads,tablet,India
3988968,03-05-2024,organic,tablet,India
2797304,11-02-2024,referral,mobile,Australia
2947012,03-04-2024,organic,desktop,India
1542771,06-05-2024,organic,tablet,India
3775503,14-01-2024,ads,mobile,India
2889375,23-04-2024,email,tablet,India
4987824,30-01-2024,organic,mobile,USA
1014698,01-02-2024,organic,desktop,Australia
4740449,23-02-2024,organic,mobile,Canada
3426895,06-02-2024,organic,tablet,Germany
2791862,13-01-2024,email,desktop,Germany
1656487,15-01-2024,email,mobile,India
1500436,07-07-2024,organic,desktop,USA
1886038,10-01-2024,organic,mobile,India
3308334,17-04-2024,organic,mobile,USA
1305620,14-01-2024,ads,tablet,Germany
3676434,04-03-2024,organic,desktop,Germany
2658058,20-04-2024,referral,mobile,India
2490132,27-03-2024,ads,desktop,India
1533594,02-01-2024,organic,mobile,USA
2635358,18-01-2024,organic,mobile,Germany
2841655,04-02-2024,ads,mobile,India
4786830,29-01-2024,organic,mobile,USA
3152707,07-03-2024,social,mobile,USA
3685906,13-01-2024,email,tablet,India
1044691,01-06-2024,organic,mobile,India
3352306,24-01-2024,organic,desktop,USA
3620362,21-02-2024,organic,mobile,India
2588819,08-01-2024,organic,mobile,India
4978981,21-04-2024,referral,desktop,India
1596412,07-01-2024,ads,mobile,India
3441600,02-01-2024,ads,mobile,India
2115174,19-01-2024,referral,desktop,India
1687362,03-02-2024,organic,desktop,USA
1275677,22-05-2024,ads,tablet,India
4258966,21-01-2024,ads,mobile,India
4215359,22-03-2024,ads,desktop,USA
3550028,08-02-2024,organic,mobile,India
2123757,11-02-2024,organic,tablet,Germany
4696015,25-02-2024,organic,mobile,India
3005404,02-04-2024,organic,desktop,India
4329366,08-01-2024,ads,desktop,India
1293879,03-01-2024,organic,mobile,Canada
1342383,24-01-2024,organic,mobile,India
2183166,28-01-2024,ads,mobile,India
3788223,30-04-2024,organic,mobile,India
1098563,09-03-2024,email,desktop,India
1922724,05-02-2024,ads,mobile,USA
1770620,10-03-2024,ads,mobile,India
4114456,29-01-2024,organic,tablet,UK
1671845,16-02-2024,ads,mobile,Germany
1664089,06-02-2024,email,mobile,Germany
2527963,02-07-2024,ads,mobile,Germany
2173499,04-01-2024,organic,mobile,UK
1455300,01-01-2024,ads,desktop,India
4698473,08-01-2024,referral,mobile,India
1703621,23-02-2024,organic,mobile,India
4749177,09-01-2024,organic,mobile,UK
2114067,25-01-2024,ads,mobile,Australia
4914721,27-03-2024,email,desktop,India
4013190,04-01-2024,referral,tablet,USA
4096353,19-01-2024,ads,desktop,India
1470466,16-01-2024,email,desktop,India
2079677,22-01-2024,organic,desktop,India
3542118,07-04-2024,ads,mobile,Canada
1002749,19-06-2024,ads,desktop,Australia
3543739,09-01-2024,referral,mobile,USA
1414769,20-01-2024,ads,mobile,USA
2500581,22-02-2024,social,mobile,Canada
2093063,09-02-2024,organic,mobile,India
3261947,11-03-2024,ads,mobile,India
1834159,01-04-2024,organic,mobile,India
2024874,08-02-2024,organic,mobile,India
1046226,05-03-2024,social,mobile,Australia
1578538,03-02-2024,ads,desktop,India
2139938,21-02-2024,ads,mobile,UK
1982025,06-01-2024,organic,mobile,UK
2647178,06-03-2024,ads,mobile,UK
2869991,07-02-2024,ads,mobile,Canada
4108305,14-01-2024,ads,desktop,Australia
3191312,25-01-2024,referral,mobile,Germany
2338678,16-01-2024,ads,tablet,USA
3507065,05-01-2024,organic,desktop,USA
2711542,11-02-2024,ads,mobile,USA
3405300,25-02-2024,organic,desktop,Canada
2029385,26-03-2024,organic,desktop,India
2755740,09-01-2024,ads,mobile,India
2798951,26-01-2024,ads,mobile,India
4349939,06-02-2024,organic,mobile,India
1746839,05-01-2024,ads,mobile,Australia
1721567,06-01-2024,ads,desktop,Canada
1450164,02-01-2024,email,desktop,USA
4215209,19-01-2024,ads,desktop,USA
1717045,15-05-2024,referral,mobile,UK
4074440,02-02-2024,organic,mobile,USA
2818261,07-02-2024,organic,mobile,UK
2533026,14-01-2024,email,mobile,UK
3864274,01-01-2024,organic,mobile,Canada
3239902,30-03-2024,organic,mobile,UK
1357163,18-01-2024,referral,mobile,UK
4667362,20-03-2024,referral,mobile,India
1202584,11-03-2024,organic,mobile,India
4011098,09-01-2024,ads,mobile,Germany
4581243,28-03-2024,referral,mobile,Germany
2482118,10-05-2024,organic,mobile,USA
2764840,19-10-2024,ads,mobile,USA
4906380,15-03-2024,organic,mobile,USA
2883069,23-01-2024,email,mobile,India
1714842,16-02-2024,organic,desktop,India
3421816,12-04-2024,ads,mobile,UK
2211126,28-01-2024,organic,mobile,Germany
4152815,01-01-2024,ads,mobile,India
2843201,12-01-2024,organic,desktop,Germany
2927871,24-02-2024,ads,mobile,India
1629143,28-02-2024,organic,mobile,USA
4456957,07-01-2024,ads,mobile,Australia
2928360,08-01-2024,email,desktop,USA
2104142,18-02-2024,organic,mobile,USA
1680153,02-01-2024,organic,mobile,Australia
2703399,13-01-2024,organic,mobile,UK
2847294,29-02-2024,referral,desktop,India
4501626,04-01-2024,email,mobile,India
2484644,10-01-2024,organic,mobile,Germany
4890826,03-01-2024,email,tablet,India
1731212,20-02-2024,organic,mobile,India
3219885,17-01-2024,email,mobile,USA
4868029,18-01-2024,social,mobile,Germany
4310971,27-01-2024,referral,desktop,India
3901887,17-01-2024,ads,tablet,UK
3895417,09-01-2024,organic,desktop,UK
1358298,28-01-2024,ads,desktop,UK
2859953,29-02-2024,organic,mobile,India
1906152,04-02-2024,ads,desktop,India
2369468,08-01-2024,referral,mobile,India
1345593,22-01-2024,organic,mobile,Canada
4143841,09-02-2024,organic,desktop,USA
2639798,05-02-2024,email,mobile,Canada
4468714,28-03-2024,ads,mobile,USA
2369018,14-02-2024,organic,mobile,India
3021740,10-02-2024,organic,tablet,India
4527649,21-03-2024,ads,mobile,India
1708511,17-04-2024,referral,tablet,India
2605689,12-01-2024,ads,mobile,India
3669770,06-01-2024,email,mobile,Canada
1215830,23-02-2024,ads,desktop,India
2570034,01-02-2024,organic,desktop,India
3982253,19-01-2024,social,mobile,India
4003276,09-02-2024,organic,mobile,Germany
4829629,06-03-2024,ads,mobile,India
3574927,20-01-2024,ads,desktop,UK
4724013,09-01-2024,referral,desktop,Canada
3899567,14-01-2024,ads,mobile,India
1916356,05-01-2024,ads,mobile,India
2546634,12-03-2024,ads,desktop,Australia
4756396,11-01-2024,organic,mobile,India
1284453,25-01-2024,ads,desktop,India
3944446,12-04-2024,organic,desktop,USA
1957231,22-01-2024,referral,mobile,India
3215316,09-03-2024,referral,tablet,India
1284996,20-03-2024,organic,desktop,USA
3490260,03-02-2024,ads,desktop,India
3130054,21-07-2024,ads,desktop,India
1818118,17-02-2024,organic,mobile,USA
3213045,23-02-2024,email,mobile,USA
1704586,05-01-2024,organic,mobile,India
2043338,15-01-2024,ads,mobile,Canada
2326211,15-02-2024,organic,desktop,India
3394549,14-01-2024,organic,mobile,USA
1934185,04-01-2024,organic,mobile,India
2379369,12-02-2024,organic,mobile,USA
4146115,06-01-2024,organic,mobile,USA
4621196,08-02-2024,organic,mobile,Germany
2923114,09-04-2024,ads,mobile,USA
2114746,14-01-2024,organic,desktop,Germany
2209219,24-01-2024,organic,mobile,India
4195670,24-02-2024,ads,mobile,USA
2436357,08-02-2024,referral,desktop,India
2764953,22-05-2024,organic,mobile,USA
1030763,02-03-2024,organic,mobile,India
3079768,22-01-2024,ads,mobile,Canada
3143697,27-06-2024,organic,mobile,USA
1550050,03-06-2024,organic,tablet,USA
2588644,22-02-2024,ads,desktop,India
1826258,17-01-2024,email,desktop,USA
1356476,14-01-2024,ads,desktop,India
1808560,14-01-2024,organic,mobile,Canada
4152857,09-01-2024,organic,desktop,India
2510258,16-04-2024,organic,mobile,India
1303556,06-01-2024,organic,tablet,India
4246574,09-04-2024,email,desktop,USA
3015728,13-03-2024,organic,mobile,India
1200340,20-05-2024,organic,mobile,India
1249828,25-01-2024,social,mobile,Australia
4531938,06-01-2024,ads,mobile,USA
4159186,29-03-2024,email,mobile,India
4705502,06-02-2024,organic,mobile,India
3375497,10-02-2024,referral,mobile,India
3687490,13-01-2024,organic,mobile,India
1497450,22-01-2024,referral,mobile,India
1261315,10-02-2024,ads,mobile,India
2289779,09-01-2024,organic,desktop,India
2120671,14-02-2024,social,desktop,USA
4991824,16-01-2024,organic,mobile,Germany
2446654,15-01-2024,email,mobile,USA
1714707,17-04-2024,organic,mobile,India
1248450,06-01-2024,ads,mobile,UK
1954977,28-01-2024,organic,desktop,India
4244833,14-01-2024,organic,mobile,India
3554010,22-03-2024,ads,mobile,USA
4393545,13-01-2024,organic,mobile,India
2034815,10-02-2024,organic,desktop,UK
2894943,03-01-2024,referral,mobile,Germany
2897979,09-03-2024,organic,tablet,Germany
1814971,12-02-2024,ads,desktop,India
1868636,20-01-2024,ads,tablet,India
2666242,26-04-2024,organic,tablet,India
4157155,08-02-2024,ads,desktop,USA
4170513,15-02-2024,referral,desktop,USA
2803073,03-03-2024,ads,mobile,Germany
4795679,05-01-2024,organic,desktop,India
4978302,30-01-2024,organic,mobile,Germany
3666605,18-01-2024,ads,mobile,India
4959463,11-01-2024,ads,mobile,Canada
3608093,12-03-2024,referral,desktop,India
2526501,29-01-2024,organic,mobile,Canada
3660773,19-02-2024,ads,desktop,India
3620416,09-04-2024,organic,mobile,Australia
4606204,02-01-2024,organic,desktop,USA
1074600,10-05-2024,ads,desktop,USA
1603165,20-02-2024,ads,mobile,USA
2801830,14-04-2024,ads,mobile,Canada
4474066,08-02-2024,email,mobile,India
4045401,14-01-2024,organic,mobile,Canada
1226978,06-01-2024,referral,mobile,USA
2994499,06-02-2024,ads,desktop,India
4745114,18-02-2024,organic,mobile,USA
2178994,15-01-2024,referral,desktop,Germany
3716386,29-03-2024,referral,mobile,India
4278112,16-02-2024,organic,desktop,India
2685066,16-01-2024,referral,desktop,UK
1564555,26-01-2024,ads,mobile,India
3383287,29-02-2024,referral,mobile,India
2946363,13-01-2024,organic,desktop,India
2977418,17-01-2024,ads,mobile,India
4715609,24-01-2024,ads,mobile,India
4289349,29-01-2024,organic,mobile,India
3818199,02-06-2024,email,mobile,India
2815604,17-01-2024,ads,desktop,USA
4029271,07-01-2024,organic,mobile,India
4458906,23-01-2024,organic,desktop,India
4206347,25-01-2024,ads,mobile,India
4532970,08-01-2024,email,tablet,USA
3984022,27-04-2024,organic,mobile,India
4820550,19-04-2024,organic,desktop,India
2868468,06-01-2024,organic,tablet,India
4650038,20-01-2024,social,mobile,USA
4954351,19-01-2024,ads,desktop,India
1988134,05-01-2024,ads,mobile,India
1058132,27-01-2024,organic,mobile,India
2800913,21-03-2024,organic,mobile,Canada
3499798,09-02-2024,organic,desktop,Canada
1881469,08-05-2024,organic,mobile,USA
3833930,18-06-2024,organic,mobile,India
1143029,28-02-2024,ads,desktop,USA
3162786,09-02-2024,organic,mobile,USA
4101900,08-02-2024,organic,desktop,India
2686526,08-01-2024,referral,mobile,Germany
4230536,22-01-2024,ads,tablet,Canada
2335341,04-01-2024,organic,mobile,USA
2586038,06-03-2024,ads,mobile,India
4277962,15-01-2024,organic,tablet,India
3652757,06-02-2024,social,desktop,India
3332424,28-01-2024,ads,mobile,Canada
2590360,30-01-2024,organic,tablet,India
3824954,16-04-2024,email,desktop,Australia
4735527,25-01-2024,organic,tablet,UK
1284327,15-01-2024,organic,mobile,USA
3094992,18-03-2024,ads,desktop,India
2216183,15-02-2024,referral,mobile,UK
4263073,02-02-2024,organic,mobile,India
2220010,03-01-2024,referral,desktop,USA
2348033,24-02-2024,organic,mobile,UK
1286579,03-01-2024,ads,mobile,USA
1290439,22-01-2024,organic,mobile,UK
3027613,13-01-2024,organic,mobile,India
3684493,05-02-2024,email,mobile,India
3283263,25-01-2024,organic,desktop,USA
2617138,20-03-2024,ads,mobile,India
2106435,11-03-2024,organic,mobile,USA
3852860,05-07-2024,ads,desktop,India
1685583,11-03-2024,social,tablet,UK
4383902,01-01-2024,social,mobile,Canada
2748180,03-02-2024,ads,desktop,India
1469984,28-01-2024,email,mobile,USA
1879351,21-01-2024,organic,desktop,India
3655449,09-01-2024,ads,mobile,India
4827217,14-01-2024,ads,mobile,India
4043637,01-02-2024,organic,mobile,India
1025791,18-01-2024,ads,mobile,USA
2055299,07-02-2024,organic,mobile,UK
1887315,29-03-2024,ads,mobile,India
3834756,26-01-2024,ads,mobile,USA
1826455,22-02-2024,referral,mobile,India
4721667,14-02-2024,organic,desktop,UK
4167541,05-01-2024,email,mobile,Canada
3095430,06-01-2024,organic,desktop,India
4663900,06-01-2024,organic,desktop,India
1066755,25-04-2024,ads,mobile,India
3580685,31-01-2024,email,mobile,India
3176264,26-04-2024,ads,desktop,India
2331474,22-01-2024,email,mobile,India
3271759,24-01-2024,social,tablet,India
3615559,06-03-2024,organic,tablet,UK
2944504,16-02-2024,organic,mobile,India
2687491,25-04-2024,organic,mobile,USA
4308154,16-01-2024,ads,desktop,India
4613556,10-01-2024,email,desktop,Germany
3156683,16-02-2024,referral,desktop,USA
2524039,23-02-2024,organic,desktop,USA
4276588,26-04-2024,ads,mobile,Canada
1733834,21-02-2024,ads,desktop,USA
2286731,30-01-2024,referral,mobile,USA
2232197,05-02-2024,ads,mobile,Canada
2850473,20-04-2024,social,mobile,USA
1881098,03-03-2024,organic,desktop,India
3646669,14-01-2024,ads,mobile,India
3926610,20-01-2024,organic,desktop,USA
1420274,06-07-2024,referral,desktop,UK
1385490,02-01-2024,ads,tablet,India
3421044,03-03-2024,organic,mobile,India
4296884,15-01-2024,organic,desktop,USA
3677818,05-02-2024,organic,desktop,USA
4247806,17-03-2024,social,desktop,India
3123125,22-01-2024,organic,desktop,India
2750860,27-02-2024,referral,mobile,India
1301870,13-01-2024,organic,mobile,India
2080700,19-01-2024,organic,mobile,USA
1046378,08-01-2024,ads,tablet,India
3358389,29-03-2024,organic,mobile,UK
1759060,15-01-2024,organic,mobile,USA
3231489,29-01-2024,organic,tablet,India
4369515,01-01-2024,ads,desktop,India
1794194,07-03-2024,email,desktop,India
1802125,16-08-2024,social,desktop,India
3343833,22-05-2024,organic,mobile,India
3468419,30-03-2024,organic,mobile,India
4647020,06-01-2024,social,desktop,India
3278106,16-02-2024,organic,mobile,Australia
3081392,13-01-2024,ads,mobile,India
1723970,17-03-2024,organic,desktop,India
2875750,27-01-2024,ads,desktop,USA
3550213,05-01-2024,email,desktop,India
4566602,11-01-2024,social,mobile,India
4988962,29-01-2024,ads,desktop,India
2780725,05-03-2024,organic,mobile,USA
1334400,11-02-2024,organic,mobile,Australia
2550630,18-02-2024,email,mobile,India
3515840,24-01-2024,organic,mobile,India
3957521,21-05-2024,ads,desktop,Australia
2372568,08-03-2024,organic,tablet,India
3260135,02-01-2024,organic,mobile,India
4079286,21-01-2024,organic,desktop,USA
4381754,16-01-2024,organic,desktop,India
3897611,18-01-2024,social,tablet,India
2872393,17-01-2024,organic,mobile,Canada
3471616,02-01-2024,organic,tablet,India
1840491,20-02-2024,ads,mobile,India
1405951,02-02-2024,social,mobile,Canada
2687910,17-02-2024,ads,mobile,Germany
4866455,15-01-2024,organic,desktop,India
1441282,08-03-2024,ads,mobile,India
1214096,14-03-2024,organic,desktop,USA
1406343,09-02-2024,referral,desktop,India
2197681,26-02-2024,organic,desktop,USA
1361973,14-08-2024,organic,tablet,India
3373513,14-01-2024,ads,mobile,India
3735204,14-01-2024,referral,mobile,India
1728858,14-01-2024,social,mobile,UK
4346933,11-03-2024,organic,mobile,UK
2709066,10-02-2024,organic,mobile,USA
2162152,04-01-2024,ads,desktop,India
3312865,02-02-2024,referral,tablet,India
4498680,31-01-2024,organic,desktop,India
2151153,15-04-2024,organic,mobile,India
1450554,22-01-2024,referral,desktop,India
3506268,29-01-2024,organic,mobile,India
1024186,27-02-2024,organic,mobile,Germany
1392812,21-01-2024,organic,mobile,USA
1556949,26-01-2024,referral,mobile,USA
2415025,05-03-2024,ads,tablet,India
4460522,28-02-2024,email,mobile,India
1962320,03-01-2024,social,tablet,India
3812995,23-01-2024,ads,mobile,Canada
3495639,15-01-2024,organic,mobile,India
1522674,16-01-2024,organic,desktop,Australia
4684846,05-02-2024,ads,mobile,Germany
4163431,01-04-2024,organic,mobile,India
3995674,11-05-2024,referral,desktop,India
3033847,09-01-2024,ads,mobile,Germany
1456187,17-01-2024,email,tablet,UK
4851101,06-02-2024,referral,desktop,Australia
2083117,27-02-2024,ads,mobile,India
4582534,28-02-2024,ads,mobile,India
3073341,07-01-2024,organic,mobile,India
3714360,18-01-2024,organic,mobile,USA
2554559,07-05-2024,referral,mobile,Canada
2454907,26-02-2024,organic,tablet,USA
2279229,12-01-2024,ads,desktop,India
3337458,01-01-2024,organic,mobile,USA
3520212,09-01-2024,ads,mobile,India
4993215,15-04-2024,referral,desktop,Canada
1747324,10-01-2024,ads,desktop,India
4123385,07-06-2024,referral,desktop,India
4850434,11-01-2024,email,mobile,India
1238755,03-02-2024,organic,mobile,UK
4039650,26-01-2024,ads,tablet,India
1648271,01-01-2024,referral,mobile,USA
3509566,07-04-2024,referral,desktop,India
2291478,22-02-2024,organic,mobile,India
1330108,02-01-2024,ads,mobile,USA
4499024,14-02-2024,organic,mobile,India
1678532,12-01-2024,organic,mobile,India
3885972,15-01-2024,social,mobile,Canada
2056796,05-03-2024,organic,desktop,Germany
3324769,11-03-2024,organic,mobile,Canada
1716874,07-02-2024,organic,mobile,India
4752784,17-01-2024,organic,mobile,UK
2378087,08-01-2024,organic,mobile,USA
1219405,06-02-2024,social,mobile,India
2751555,21-02-2024,organic,desktop,Canada
3266979,20-02-2024,organic,mobile,UK
4406781,09-02-2024,ads,mobile,India
4652496,12-01-2024,organic,mobile,USA
3914231,27-02-2024,ads,mobile,Germany
3453791,10-01-2024,ads,mobile,India
1178255,01-04-2024,organic,mobile,India
4141600,03-01-2024,referral,tablet,India
2672487,20-01-2024,organic,mobile,USA
1005176,23-01-2024,organic,mobile,Germany
2672339,15-01-2024,ads,mobile,India
2574635,07-02-2024,organic,mobile,India
3778083,20-02-2024,organic,mobile,India
2842834,09-04-2024,ads,mobile,India
4779934,12-02-2024,email,mobile,India
2038644,19-01-2024,ads,desktop,India
3872298,13-01-2024,ads,mobile,India
1241956,11-01-2024,ads,desktop,Germany
3472433,19-01-2024,organic,mobile,USA
3100820,26-01-2024,referral,mobile,Canada
4626822,04-02-2024,referral,mobile,Australia
1348787,16-02-2024,organic,mobile,Germany
2239408,17-02-2024,email,tablet,India
1470832,17-01-2024,ads,mobile,India
2595384,10-01-2024,social,desktop,India
2931294,20-02-2024,organic,desktop,India
1859868,24-05-2024,ads,mobile,India
4332394,08-01-2024,organic,desktop,USA
4351867,07-01-2024,organic,mobile,India
4496370,04-01-2024,referral,mobile,India
1199890,23-03-2024,organic,tablet,UK
1297100,26-01-2024,referral,desktop,Germany
3046690,08-06-2024,organic,tablet,India
2040549,24-01-2024,organic,desktop,Canada
3420911,29-02-2024,ads,mobile,India
3839825,12-02-2024,organic,tablet,India
2419796,05-02-2024,referral,mobile,India
1290566,23-04-2024,ads,tablet,India
3309236,13-03-2024,email,mobile,India
2576499,18-01-2024,organic,mobile,USA
2064781,04-06-2024,ads,desktop,India
3627548,05-02-2024,referral,desktop,Australia
4290793,18-02-2024,organic,desktop,USA
1536632,06-01-2024,social,desktop,Germany
2110538,22-03-2024,organic,desktop,India
1381454,12-06-2024,email,mobile,India
1553711,11-01-2024,email,desktop,USA
3299618,13-04-2024,organic,mobile,USA
2085651,12-03-2024,ads,mobile,India
3561525,14-02-2024,ads,desktop,India
1655123,10-01-2024,ads,mobile,India
2519004,25-02-2024,organic,desktop,India
4425163,04-03-2024,organic,mobile,USA
2360072,10-02-2024,organic,mobile,Canada
2079653,29-01-2024,organic,mobile,India
2546699,12-02-2024,referral,desktop,India
3448542,16-01-2024,ads,mobile,USA
4323784,12-02-2024,email,mobile,India
3723089,12-02-2024,ads,desktop,USA
4681949,28-01-2024,ads,mobile,India
3968078,16-01-2024,ads,mobile,India
1489820,13-01-2024,ads,mobile,India
1193711,08-02-2024,organic,mobile,India
3840770,25-01-2024,organic,tablet,India
1746852,24-01-2024,email,mobile,USA
1871490,07-02-2024,referral,mobile,UK
4965566,08-02-2024,email,mobile,India
2314541,31-01-2024,ads,mobile,UK
4810133,21-01-2024,ads,desktop,USA
3741144,07-04-2024,email,mobile,USA
2394045,04-02-2024,organic,desktop,UK
2776086,05-01-2024,ads,desktop,USA
3772854,16-01-2024,organic,desktop,Australia
1075208,29-03-2024,organic,mobile,India
1238781,19-01-2024,social,mobile,India
2716527,13-01-2024,referral,desktop,USA
3232149,17-02-2024,social,desktop,India
4552578,28-01-2024,ads,mobile,UK
3890278,11-02-2024,ads,desktop,India
1901380,22-01-2024,ads,mobile,Australia
1980624,20-04-2024,organic,mobile,India
1476484,30-01-2024,ads,mobile,USA
4526775,04-01-2024,organic,mobile,UK
4075249,28-02-2024,ads,mobile,India
1810781,16-02-2024,ads,mobile,USA
3781748,02-02-2024,organic,mobile,India
4203537,14-01-2024,referral,desktop,India
1643828,19-01-2024,ads,mobile,India
3714950,18-04-2024,organic,mobile,India
4426551,08-01-2024,organic,mobile,USA
3230625,09-02-2024,ads,mobile,India
2855463,22-01-2024,organic,mobile,Canada
2018331,18-03-2024,email,mobile,USA
3567868,05-02-2024,email,desktop,India
1811933,08-01-2024,organic,mobile,India
2985041,09-04-2024,organic,mobile,UK
1528758,17-02-2024,organic,desktop,India
1416680,15-03-2024,ads,mobile,USA
3552011,12-02-2024,referral,mobile,India
2849151,08-02-2024,organic,mobile,India
1669324,04-03-2024,ads,desktop,Germany
3340894,06-02-2024,referral,mobile,India
1570595,11-01-2024,organic,desktop,India
3724605,05-01-2024,organic,desktop,USA
1492855,08-02-2024,email,desktop,Germany
4875104,05-08-2024,organic,desktop,USA
2586795,27-04-2024,ads,desktop,India
3783017,13-02-2024,email,mobile,India
3958589,13-01-2024,ads,mobile,Germany
2567987,01-02-2024,ads,tablet,India
1831747,27-01-2024,ads,desktop,Australia
3129867,08-01-2024,ads,mobile,India
2118331,04-01-2024,referral,mobile,India
3747797,26-02-2024,organic,mobile,UK
2905912,28-03-2024,organic,mobile,India
4297948,18-01-2024,organic,desktop,USA
3976575,24-03-2024,social,mobile,Germany
1885914,01-02-2024,ads,desktop,USA
1169061,02-02-2024,organic,mobile,India
1277803,01-01-2024,ads,desktop,India
2373957,23-02-2024,organic,tablet,India
3372067,18-01-2024,organic,mobile,India
1944959,27-07-2024,organic,mobile,UK
1471406,11-02-2024,organic,tablet,India
3862257,18-01-2024,organic,desktop,India
2281366,26-01-2024,social,desktop,USA
4782254,04-02-2024,email,desktop,India
3786883,20-01-2024,organic,desktop,USA
3848586,27-02-2024,organic,mobile,India
1936572,04-02-2024,organic,mobile,Australia
3058548,20-02-2024,organic,desktop,India
4833839,07-01-2024,organic,mobile,Australia
2834466,22-06-2024,organic,desktop,India
3186764,25-01-2024,organic,desktop,Canada
4839380,14-02-2024,email,desktop,India
3537799,28-01-2024,organic,mobile,USA
4931891,06-03-2024,organic,mobile,India
1967252,16-01-2024,organic,mobile,Australia
1171360,02-01-2024,ads,tablet,USA
4376324,31-01-2024,organic,mobile,India
2877584,15-06-2024,ads,tablet,UK
1820018,15-01-2024,organic,mobile,India
3451391,09-02-2024,organic,mobile,India
4195825,06-01-2024,ads,mobile,UK
3684356,27-01-2024,organic,desktop,UK
1059961,12-02-2024,organic,mobile,Canada
1041519,08-01-2024,organic,mobile,India
3135535,12-01-2024,email,mobile,India
2289922,16-02-2024,ads,desktop,USA
4541893,30-01-2024,organic,mobile,India
4286094,13-01-2024,organic,desktop,USA
4124130,02-03-2024,organic,mobile,UK
2395038,23-06-2024,email,desktop,India
2307224,12-02-2024,organic,mobile,India
1200192,08-05-2024,referral,mobile,India
2087109,08-02-2024,referral,mobile,India
1012051,05-01-2024,organic,tablet,UK
1894965,29-02-2024,organic,mobile,USA
1285129,11-01-2024,organic,tablet,India
4735696,02-03-2024,organic,mobile,Germany
1840913,21-02-2024,ads,mobile,Canada
2884325,30-01-2024,organic,desktop,India
4711500,09-03-2024,ads,mobile,India
2678632,26-01-2024,referral,desktop,UK
3533453,27-01-2024,organic,desktop,India
1191034,26-01-2024,organic,mobile,Germany
4185115,12-04-2024,referral,mobile,Canada
1801542,19-02-2024,ads,desktop,Germany
3982802,12-03-2024,social,mobile,UK
3391858,13-04-2024,organic,tablet,India
4963993,11-04-2024,ads,mobile,Germany
3305221,09-01-2024,organic,desktop,Germany
2157113,05-01-2024,email,tablet,USA
3489059,02-03-2024,ads,mobile,India
4340201,07-03-2024,organic,desktop,Canada
4081374,03-01-2024,social,mobile,USA
1536541,28-01-2024,ads,desktop,Australia
3045582,20-01-2024,organic,mobile,USA
2472617,21-01-2024,social,mobile,Germany
1750348,23-02-2024,email,mobile,UK
4885612,17-01-2024,ads,desktop,UK
1536999,07-02-2024,email,mobile,India
2728317,20-01-2024,referral,desktop,Canada
3930363,18-01-2024,email,desktop,USA
3912994,02-04-2024,organic,mobile,UK
1323371,06-01-2024,organic,mobile,India
1968576,13-02-2024,ads,mobile,India
4647009,03-02-2024,email,mobile,USA
4113151,03-02-2024,organic,mobile,India
2924158,16-01-2024,organic,mobile,USA
2470917,08-01-2024,email,desktop,Canada
4926498,06-01-2024,social,mobile,India
2659853,23-02-2024,email,mobile,India
1927358,03-02-2024,organic,mobile,India
1936363,05-01-2024,organic,desktop,Canada
4720845,02-01-2024,email,tablet,UK
1979676,18-02-2024,organic,mobile,India
2799104,03-04-2024,organic,desktop,Canada
3687200,15-01-2024,email,mobile,Germany
4018205,05-03-2024,referral,mobile,India
2038992,02-01-2024,ads,mobile,India
4348916,13-02-2024,ads,mobile,India
4279663,26-01-2024,organic,tablet,USA
1259311,16-01-2024,referral,tablet,India
4497021,01-01-2024,organic,mobile,Australia
1529544,02-01-2024,social,tablet,India
3887339,13-01-2024,ads,mobile,India
1689272,25-02-2024,organic,desktop,India
4632806,26-01-2024,ads,mobile,USA
1654707,11-01-2024,referral,tablet,USA
3975501,16-01-2024,ads,mobile,India
4963250,04-05-2024,ads,mobile,India
4683191,02-04-2024,organic,tablet,India
4323481,07-01-2024,organic,desktop,India
2996349,13-04-2024,ads,desktop,Canada
2135844,14-01-2024,organic,mobile,Canada
1010636,27-01-2024,ads,mobile,India
1537485,11-03-2024,email,mobile,India
3303113,29-04-2024,referral,desktop,Australia
2951928,25-01-2024,organic,desktop,India
2373967,01-01-2024,social,tablet,Germany
3716637,08-01-2024,organic,desktop,USA
1069130,11-06-2024,ads,mobile,USA
1604586,17-01-2024,ads,mobile,USA
1538367,15-02-2024,ads,desktop,India
4470088,18-02-2024,email,desktop,Canada
4234228,09-02-2024,organic,mobile,India
4064711,05-01-2024,organic,mobile,India
1166807,09-03-2024,organic,tablet,UK
3019237,21-02-2024,referral,mobile,Canada
1641299,11-03-2024,ads,mobile,UK
1937683,17-04-2024,organic,mobile,India
1705073,22-02-2024,organic,desktop,Canada
1885385,26-02-2024,organic,desktop,India
2201865,22-02-2024,organic,mobile,India
3569742,13-02-2024,social,desktop,Australia
1830182,14-02-2024,organic,tablet,India
2938651,20-02-2024,ads,mobile,USA
3840945,18-01-2024,ads,desktop,India
1692495,20-05-2024,organic,desktop,India
3437209,17-02-2024,ads,desktop,Canada
4105354,01-01-2024,referral,desktop,USA
1865099,03-03-2024,email,desktop,UK
1757231,19-01-2024,organic,desktop,Germany
4956926,02-04-2024,organic,mobile,Australia
1340828,25-03-2024,ads,desktop,Australia
4773762,30-01-2024,organic,mobile,Germany
2961480,05-04-2024,organic,desktop,Canada
3039805,04-01-2024,ads,desktop,Germany
4471193,23-01-2024,organic,mobile,India
1983406,31-01-2024,ads,desktop,India
1961691,14-02-2024,ads,mobile,India
3052255,06-01-2024,organic,tablet,UK
4055249,09-02-2024,organic,mobile,India
4679231,17-01-2024,ads,mobile,UK
3616438,14-01-2024,ads,desktop,UK
1930024,11-02-2024,organic,mobile,India
1026030,22-03-2024,ads,desktop,India
1719643,06-03-2024,organic,tablet,India
1705765,03-01-2024,social,desktop,India
3025176,28-01-2024,organic,tablet,India
3012177,11-01-2024,referral,mobile,India
4188378,07-01-2024,referral,desktop,India
2431075,28-01-2024,organic,mobile,India
4649771,19-02-2024,referral,mobile,India
1999534,16-01-2024,organic,mobile,India
1980076,14-02-2024,organic,desktop,India
1369300,10-02-2024,ads,tablet,India
3428372,15-01-2024,email,mobile,India
2759341,09-02-2024,ads,mobile,India
3400927,17-02-2024,organic,tablet,USA
3505272,17-01-2024,ads,mobile,India
3595111,01-01-2024,email,desktop,India
3248435,11-03-2024,organic,desktop,USA
3090554,10-01-2024,ads,tablet,Germany
1141717,10-01-2024,organic,desktop,USA
4532674,16-01-2024,organic,mobile,Canada
2860329,20-01-2024,ads,desktop,India
2276944,01-03-2024,organic,mobile,India
2454020,02-03-2024,ads,desktop,India
4748967,11-02-2024,organic,mobile,UK
3373906,06-02-2024,ads,desktop,Germany
1521182,06-02-2024,organic,mobile,India
2355857,04-01-2024,organic,mobile,India
1808057,02-01-2024,organic,tablet,UK
1962484,14-01-2024,referral,mobile,Germany
2269507,26-04-2024,organic,mobile,India
4714301,25-02-2024,organic,desktop,India
2341100,08-01-2024,social,tablet,India
1105748,13-03-2024,ads,desktop,USA
2850126,30-01-2024,referral,mobile,USA
1887640,02-03-2024,referral,tablet,Australia
1235233,13-02-2024,ads,mobile,India
3806615,15-02-2024,organic,mobile,Canada
1412031,26-01-2024,organic,mobile,India
4327608,04-02-2024,email,mobile,India
4085779,17-01-2024,social,tablet,India
1395020,05-01-2024,organic,mobile,India
3173223,24-01-2024,organic,mobile,India
1662146,02-05-2024,ads,mobile,India
3749200,01-05-2024,ads,mobile,India
4911953,10-01-2024,organic,tablet,USA
2169294,30-03-2024,email,mobile,India
4137895,18-01-2024,organic,mobile,USA
4718507,23-01-2024,ads,desktop,India
1641384,23-03-2024,ads,mobile,Germany
3472477,27-02-2024,organic,mobile,Canada
2991481,19-02-2024,organic,desktop,USA
2950838,29-01-2024,ads,mobile,USA
1327555,18-04-2024,organic,tablet,India
2686842,07-02-2024,organic,mobile,India
1858991,24-02-2024,organic,mobile,India
2726422,14-02-2024,organic,desktop,USA
4825604,11-01-2024,organic,desktop,India
4605011,10-03-2024,ads,mobile,USA
4255206,19-03-2024,organic,mobile,Australia
4599451,01-02-2024,organic,tablet,USA
3591083,28-01-2024,organic,tablet,India
3963920,13-01-2024,organic,mobile,India
4714234,25-01-2024,organic,mobile,UK
3701752,08-01-2024,ads,mobile,India
4695456,27-01-2024,ads,desktop,India
3780888,12-01-2024,organic,mobile,India
2633262,19-01-2024,organic,mobile,India
3557527,08-04-2024,organic,mobile,India
3674255,06-03-2024,organic,mobile,USA
4249599,17-03-2024,referral,mobile,India
1050656,17-01-2024,email,desktop,India
4611710,28-01-2024,organic,mobile,USA
4947083,23-01-2024,ads,mobile,India
1132915,21-04-2024,organic,desktop,India
3899478,21-01-2024,ads,mobile,Germany
2215703,06-01-2024,referral,mobile,India
3678447,05-01-2024,referral,desktop,India
3571405,20-05-2024,social,mobile,UK
4004938,17-03-2024,organic,mobile,India
4968484,03-03-2024,organic,desktop,USA
1726829,07-01-2024,email,mobile,USA
4077161,27-02-2024,ads,mobile,India
3298057,02-01-2024,ads,tablet,India
4907051,01-01-2024,ads,desktop,UK
2106294,07-01-2024,ads,mobile,India
2886306,12-03-2024,organic,mobile,USA
4224775,28-02-2024,email,mobile,Germany
1213877,03-01-2024,organic,mobile,USA
2351617,05-03-2024,referral,mobile,India
4537682,10-03-2024,organic,mobile,India
1694167,03-02-2024,email,desktop,USA
4007231,01-01-2024,email,tablet,India
3224745,25-01-2024,organic,tablet,India
2987080,02-02-2024,ads,mobile,Germany
2136743,07-02-2024,email,desktop,India
4799690,27-01-2024,ads,desktop,UK
3673360,15-01-2024,organic,mobile,India
2307962,02-03-2024,ads,mobile,Canada
2980528,25-01-2024,organic,desktop,USA
2374676,16-01-2024,ads,mobile,India
3657268,29-04-2024,organic,desktop,Germany
2468203,04-03-2024,referral,mobile,UK
1248421,07-03-2024,ads,desktop,India
3277553,19-01-2024,organic,desktop,USA
3522578,10-06-2024,ads,mobile,India
2834759,24-02-2024,organic,mobile,Canada
3191152,29-01-2024,ads,mobile,Germany
1444414,22-01-2024,organic,mobile,India
2109229,26-01-2024,ads,mobile,USA
2347865,19-01-2024,ads,desktop,India
4594879,24-01-2024,ads,mobile,India
1060094,29-03-2024,referral,mobile,India
3323071,23-03-2024,ads,desktop,Germany
2416948,11-01-2024,email,mobile,USA
4025968,14-08-2024,ads,desktop,India
4520410,27-03-2024,email,mobile,USA
1670746,07-04-2024,organic,mobile,Germany
4057816,18-02-2024,ads,desktop,India
2968155,13-02-2024,organic,mobile,India
4753849,04-02-2024,ads,desktop,India
3739862,07-01-2024,ads,mobile,India
4013491,13-02-2024,organic,tablet,USA
1907918,26-03-2024,email,mobile,India
2317970,23-03-2024,email,mobile,India
2151207,08-01-2024,organic,mobile,India
3981453,07-01-2024,social,desktop,Germany
2895755,16-08-2024,email,desktop,Germany
4612871,31-01-2024,ads,mobile,India
1175413,18-01-2024,organic,mobile,USA
2738579,07-01-2024,organic,desktop,Australia
4687312,13-01-2024,organic,desktop,USA
1985899,23-01-2024,referral,mobile,India
3626556,19-01-2024,referral,mobile,USA
1623783,26-03-2024,organic,mobile,India
2030777,10-02-2024,social,desktop,India
4219584,01-02-2024,ads,mobile,Germany
3397972,28-01-2024,ads,mobile,India
3989188,26-03-2024,ads,mobile,USA
4232414,28-01-2024,organic,desktop,USA
2272014,18-01-2024,ads,desktop,India
1375408,23-01-2024,email,mobile,Canada
4623791,28-01-2024,organic,mobile,India
3779810,20-01-2024,ads,mobile,UK
1731486,20-02-2024,organic,desktop,India
2230018,10-03-2024,organic,mobile,USA
3848714,17-01-2024,social,tablet,UK
4336863,08-01-2024,organic,desktop,India
1320599,30-01-2024,email,desktop,UK
1518101,24-05-2024,ads,desktop,India
1908241,18-01-2024,referral,desktop,Germany
4841648,23-04-2024,email,desktop,Germany
4105112,19-01-2024,organic,mobile,UK
4180728,22-01-2024,referral,desktop,UK
4484854,14-01-2024,ads,desktop,USA
3909983,18-01-2024,organic,mobile,India
2280214,08-05-2024,organic,mobile,USA
4926863,07-01-2024,ads,mobile,India
3720752,01-01-2024,organic,tablet,India
4549206,04-01-2024,ads,mobile,USA
1972062,07-02-2024,ads,mobile,USA
1869164,15-01-2024,organic,desktop,USA
1551097,07-02-2024,ads,desktop,Australia
1184781,16-01-2024,ads,mobile,Canada
1989571,11-04-2024,social,mobile,India
4613340,02-01-2024,organic,mobile,Canada
4373929,10-09-2024,organic,mobile,USA
3551575,26-04-2024,organic,mobile,UK
1905478,13-01-2024,ads,desktop,India
4931206,02-02-2024,ads,mobile,Canada
2943776,19-02-2024,referral,mobile,USA
2656622,13-01-2024,referral,desktop,Canada
4972439,23-01-2024,ads,tablet,India
4528381,04-03-2024,ads,mobile,India
4402577,16-01-2024,email,desktop,Australia
1393946,05-03-2024,email,tablet,Australia
4320976,05-02-2024,organic,desktop,India
4960109,17-01-2024,organic,mobile,India
3718155,13-01-2024,organic,desktop,USA
3548212,02-04-2024,organic,mobile,USA
2410904,22-01-2024,ads,mobile,UK
2874051,10-02-2024,ads,mobile,India
2218996,10-01-2024,organic,mobile,UK
4836123,03-01-2024,organic,mobile,Germany
4278734,06-02-2024,organic,mobile,Germany
2716970,09-01-2024,referral,desktop,UK
3386269,11-02-2024,organic,tablet,Germany
4512060,08-01-2024,organic,mobile,India
2670899,04-04-2024,ads,mobile,USA
3810957,05-01-2024,organic,mobile,Canada
1272909,02-02-2024,organic,mobile,India
3157010,08-01-2024,organic,mobile,India
3005154,05-02-2024,ads,desktop,Canada
1359623,16-01-2024,social,desktop,India
3879075,04-01-2024,ads,mobile,UK
2984820,29-04-2024,organic,mobile,UK
2752635,03-03-2024,social,mobile,India
2484591,12-04-2024,organic,mobile,USA
1109016,12-02-2024,ads,desktop,India
1543121,14-04-2024,organic,desktop,USA
4053352,04-02-2024,ads,tablet,India
2446605,31-03-2024,organic,desktop,India
4913492,14-01-2024,ads,desktop,India
4486266,27-03-2024,ads,desktop,Germany
1091121,03-03-2024,organic,desktop,Germany
3804879,01-02-2024,ads,tablet,India
3641797,17-02-2024,organic,desktop,Germany
4722039,21-02-2024,ads,mobile,UK
4182520,26-01-2024,referral,mobile,USA
1015493,05-01-2024,organic,mobile,India
2680860,21-01-2024,organic,mobile,USA
2495958,15-01-2024,ads,desktop,Australia
2269032,25-05-2024,social,desktop,India
1913626,26-02-2024,email,tablet,India
4320440,19-01-2024,organic,desktop,USA
4249241,06-04-2024,organic,mobile,India
2939110,17-04-2024,organic,desktop,Germany
4123754,20-01-2024,ads,mobile,Canada
2240358,17-01-2024,ads,mobile,USA
4783251,25-01-2024,organic,mobile,India
1522487,26-01-2024,organic,mobile,India
2177534,13-02-2024,ads,mobile,India
2343901,30-04-2024,organic,mobile,UK
4816600,30-03-2024,organic,desktop,Australia
3956648,10-01-2024,ads,mobile,UK
3083605,14-01-2024,organic,mobile,Germany
3306264,10-01-2024,organic,mobile,USA
1610001,23-05-2024,organic,desktop,USA
2462335,12-02-2024,ads,mobile,India
1320833,29-01-2024,organic,tablet,India
4767234,04-01-2024,organic,mobile,India
4738733,31-03-2024,organic,mobile,Australia
4301867,07-01-2024,organic,desktop,USA
4074496,24-01-2024,social,mobile,USA
4860943,26-02-2024,social,mobile,India
3933678,01-02-2024,ads,desktop,USA
1675631,19-01-2024,ads,mobile,India
2342867,10-02-2024,email,mobile,India
1039803,21-01-2024,referral,mobile,Australia
1064278,03-06-2024,email,mobile,UK
1115331,06-01-2024,organic,mobile,India
3929011,29-04-2024,organic,desktop,Germany
4455444,14-01-2024,organic,desktop,India
4960204,07-01-2024,organic,mobile,USA
1702261,02-01-2024,organic,mobile,Canada
2569666,08-03-2024,organic,mobile,Canada
1696165,16-01-2024,social,desktop,India
1716573,04-04-2024,social,desktop,USA
3427789,18-01-2024,organic,desktop,USA
3976859,14-03-2024,organic,mobile,India
4991119,13-01-2024,email,mobile,India
2885141,21-03-2024,organic,desktop,USA
3271693,05-01-2024,email,mobile,USA
4179738,24-01-2024,organic,desktop,Canada
4752444,29-01-2024,ads,mobile,UK
2755927,04-02-2024,organic,mobile,India
1213695,07-01-2024,email,desktop,Canada
1159975,12-01-2024,organic,tablet,USA
1006632,09-03-2024,organic,mobile,India
4144515,01-02-2024,organic,mobile,USA
2558859,18-02-2024,organic,mobile,India
3603043,26-03-2024,organic,mobile,USA
1671711,20-03-2024,email,desktop,UK
3583114,24-04-2024,organic,desktop,Canada
1270720,24-01-2024,email,mobile,Canada
2116212,04-03-2024,organic,mobile,India
3541946,12-01-2024,organic,mobile,India
4099619,17-01-2024,organic,mobile,India
3654656,19-01-2024,referral,mobile,India
3924134,07-01-2024,organic,mobile,Germany
1899565,16-03-2024,email,mobile,India
3258058,23-01-2024,organic,desktop,Germany
4082031,07-02-2024,organic,tablet,India
1696238,28-02-2024,organic,mobile,India
1930193,07-06-2024,referral,mobile,UK
2023633,31-01-2024,organic,desktop,India
1415362,13-01-2024,ads,mobile,India
2739248,02-03-2024,organic,desktop,India
1230630,24-03-2024,organic,mobile,India
3989729,12-01-2024,email,mobile,India
1709232,23-01-2024,ads,mobile,Germany
3012561,20-01-2024,referral,desktop,USA
4820874,09-01-2024,ads,mobile,India
4655224,19-01-2024,ads,mobile,USA
3601390,06-01-2024,organic,mobile,USA
4514964,31-01-2024,ads,tablet,USA
3623535,19-01-2024,referral,mobile,India
3227566,09-03-2024,ads,mobile,India
4979697,20-01-2024,organic,mobile,India
1297192,05-02-2024,ads,mobile,Canada
1690247,24-03-2024,referral,desktop,India
4431115,01-06-2024,organic,mobile,India
4492753,31-03-2024,ads,desktop,Germany
2575139,28-01-2024,organic,mobile,Australia
2141554,12-03-2024,referral,tablet,USA
1503652,17-02-2024,ads,mobile,USA
2641750,28-01-2024,ads,mobile,India
3713772,16-02-2024,social,desktop,Australia
3076855,19-05-2024,referral,mobile,UK
4675850,05-01-2024,ads,mobile,Australia
4606784,03-01-2024,ads,mobile,Germany
2407782,28-02-2024,organic,desktop,UK
3025940,03-03-2024,referral,mobile,India
1367255,02-02-2024,referral,desktop,UK
4308455,24-03-2024,organic,mobile,India
1401593,01-01-2024,referral,desktop,UK
1394823,27-01-2024,ads,desktop,Germany
4490643,25-01-2024,ads,mobile,USA
2285417,10-01-2024,email,mobile,India
2458425,07-01-2024,email,desktop,India
4647442,21-01-2024,organic,mobile,India
3457867,14-01-2024,organic,mobile,India
4114334,15-05-2024,organic,mobile,Germany
4077546,23-01-2024,email,desktop,India
3700705,11-02-2024,organic,mobile,Canada
4701745,19-03-2024,ads,mobile,India
1279997,24-01-2024,ads,mobile,India
3558573,02-06-2024,organic,mobile,USA
3565613,04-01-2024,organic,mobile,USA
1127069,21-03-2024,organic,mobile,India
1235694,07-01-2024,referral,desktop,Germany
2372182,10-02-2024,ads,desktop,USA
3817736,04-01-2024,organic,mobile,India
3741942,27-01-2024,ads,mobile,Canada
4117208,20-01-2024,organic,mobile,India
3981614,09-01-2024,organic,tablet,India
3584365,05-01-2024,social,mobile,India
4845626,07-03-2024,referral,mobile,India
1965103,24-03-2024,ads,desktop,USA
3787490,21-06-2024,ads,mobile,India
1131675,09-01-2024,ads,desktop,India
3429387,30-03-2024,organic,mobile,India
2832692,06-01-2024,ads,mobile,Canada
1097172,07-02-2024,organic,mobile,Canada
3740423,26-01-2024,social,mobile,Canada
2379487,25-02-2024,organic,mobile,Canada
1985686,17-05-2024,ads,tablet,UK
3230535,05-03-2024,organic,desktop,Canada
4334559,22-01-2024,referral,mobile,Canada
4159817,15-01-2024,organic,mobile,India
4554650,21-03-2024,ads,mobile,Australia
1692381,12-01-2024,organic,desktop,India
4216841,02-02-2024,organic,mobile,India
2961712,21-01-2024,referral,mobile,Canada
1123974,17-01-2024,email,mobile,India
1181500,27-01-2024,organic,mobile,India
2935459,03-01-2024,ads,desktop,India
2740321,24-01-2024,ads,mobile,Canada
2413452,04-02-2024,organic,tablet,India
3197663,08-01-2024,ads,mobile,USA
2789376,09-01-2024,ads,desktop,India
1874021,07-01-2024,ads,mobile,India
2669009,02-01-2024,referral,mobile,UK
1715708,20-01-2024,ads,mobile,India
3142781,23-03-2024,ads,tablet,India
2924661,07-04-2024,organic,mobile,USA
4513390,15-01-2024,organic,mobile,India
2336595,21-01-2024,ads,desktop,India
3933941,31-07-2024,ads,mobile,India
2954973,22-01-2024,organic,mobile,India
2314865,16-06-2024,ads,desktop,USA
3043177,24-01-2024,organic,desktop,India
1010774,03-01-2024,ads,mobile,Canada
3848265,24-01-2024,email,mobile,India
3984150,20-01-2024,email,mobile,USA
2310161,10-01-2024,organic,mobile,India
2187020,29-02-2024,ads,mobile,India
3898293,29-01-2024,organic,mobile,Germany
4904229,15-03-2024,ads,mobile,Canada
2143011,25-01-2024,organic,desktop,USA
1745755,22-04-2024,organic,mobile,India
2437659,30-01-2024,ads,mobile,India
4785767,26-01-2024,ads,mobile,India
1239853,15-01-2024,referral,desktop,Germany
2715110,25-04-2024,organic,mobile,India
2542442,16-02-2024,organic,mobile,USA
3873906,13-03-2024,organic,tablet,India
2065404,21-02-2024,email,desktop,Australia
4956620,01-01-2024,organic,mobile,India
1334185,06-01-2024,organic,mobile,USA
4474589,11-03-2024,organic,mobile,USA
3807875,06-01-2024,social,mobile,USA
1053572,31-05-2024,ads,mobile,USA
2422380,01-02-2024,organic,mobile,Germany
1856613,13-04-2024,ads,mobile,India
2810963,10-01-2024,ads,desktop,USA
4901911,28-02-2024,ads,mobile,Canada
4773191,03-01-2024,email,tablet,India
2349191,16-02-2024,referral,desktop,USA
2893767,15-01-2024,organic,desktop,India
3963718,18-01-2024,organic,mobile,India
1899657,22-02-2024,ads,mobile,India
4507464,28-02-2024,organic,mobile,India
3638782,05-01-2024,email,desktop,Canada
2556643,19-02-2024,organic,tablet,India
1628829,09-01-2024,organic,mobile,Germany
4579622,04-01-2024,ads,mobile,USA
2892025,22-02-2024,social,mobile,Germany
3821853,03-01-2024,organic,mobile,India
1730462,05-02-2024,organic,mobile,India
2206154,15-02-2024,ads,mobile,USA
1691443,02-07-2024,organic,mobile,Australia
1765843,02-01-2024,organic,desktop,India
2535840,16-02-2024,organic,desktop,Australia
1542697,22-01-2024,organic,mobile,UK
3561674,06-03-2024,ads,tablet,USA
4807421,11-02-2024,organic,mobile,India
2913531,24-01-2024,ads,mobile,Germany
1808899,09-01-2024,organic,mobile,Canada
3705237,08-01-2024,organic,mobile,UK
2347974,27-02-2024,ads,mobile,India
3592987,10-01-2024,referral,mobile,Canada
4596693,02-01-2024,organic,mobile,USA
3973713,18-01-2024,ads,mobile,USA
4477509,28-04-2024,organic,mobile,India
2810228,13-03-2024,social,tablet,India
3978922,01-01-2024,organic,tablet,USA
4590173,26-01-2024,referral,mobile,Canada
4500151,10-08-2024,ads,mobile,India
2739010,03-01-2024,referral,mobile,India
2253972,07-03-2024,social,tablet,Germany
1659490,26-01-2024,ads,tablet,India
3291739,26-01-2024,email,mobile,USA
2756925,06-02-2024,organic,mobile,India
2061775,14-01-2024,organic,mobile,India
3809647,16-01-2024,organic,mobile,India
4078823,28-01-2024,referral,mobile,UK
2405359,09-02-2024,ads,tablet,India
4987542,28-01-2024,email,mobile,India
4812870,22-02-2024,ads,tablet,India
1342972,23-03-2024,organic,desktop,India
2387059,12-01-2024,ads,mobile,USA
4055169,04-02-2024,ads,desktop,USA
3296489,16-01-2024,organic,desktop,India
2839846,16-02-2024,organic,desktop,Germany
1320604,04-02-2024,social,mobile,India
4298463,16-02-2024,email,mobile,Germany
3943399,06-01-2024,social,mobile,India
3350016,01-02-2024,ads,desktop,India
4804910,05-01-2024,organic,desktop,Canada
4106082,31-03-2024,organic,mobile,Germany
4108378,09-01-2024,social,mobile,USA
1098539,18-01-2024,ads,mobile,India
2958457,02-05-2024,email,desktop,USA
2030187,06-02-2024,organic,mobile,India
4078268,23-03-2024,organic,desktop,India
1637017,02-01-2024,organic,tablet,UK
4247314,30-01-2024,organic,desktop,USA
3884301,15-01-2024,ads,tablet,India
4863476,12-01-2024,organic,mobile,UK
1272627,13-01-2024,organic,desktop,India
3469811,22-03-2024,ads,mobile,India
4639832,04-02-2024,ads,mobile,Germany
3754408,08-02-2024,organic,desktop,USA
1155115,06-02-2024,ads,mobile,India
1969201,04-03-2024,organic,desktop,USA
1750070,21-01-2024,organic,desktop,USA
2810916,23-01-2024,organic,tablet,India
2429053,20-03-2024,organic,mobile,Germany
2566520,01-02-2024,organic,desktop,India
2963419,22-03-2024,organic,mobile,USA
1707918,11-01-2024,organic,mobile,India
2933483,12-03-2024,organic,mobile,UK
4329951,05-03-2024,ads,desktop,India
3783935,04-03-2024,organic,mobile,India
2286786,24-01-2024,organic,mobile,Germany
1865981,08-01-2024,organic,mobile,India
1090465,13-01-2024,social,mobile,India
1329706,19-02-2024,organic,mobile,UK
3228903,19-01-2024,organic,mobile,Canada
1192339,24-01-2024,ads,mobile,India
1470777,17-01-2024,organic,mobile,USA
4213512,13-08-2024,organic,mobile,India
4127015,19-09-2024,referral,mobile,USA
4440661,06-08-2024,organic,desktop,India
1984763,31-01-2024,ads,tablet,USA
3140927,02-02-2024,ads,desktop,UK
2415613,01-01-2024,organic,mobile,India
3586978,17-01-2024,ads,mobile,India
4590909,22-01-2024,ads,mobile,India
1500404,23-02-2024,organic,mobile,India
2223669,26-04-2024,ads,mobile,India
1556031,08-01-2024,ads,desktop,India
4249433,15-01-2024,ads,mobile,India
4511682,14-02-2024,ads,desktop,India
1645327,16-02-2024,ads,mobile,UK
1985716,05-03-2024,organic,desktop,India
1716942,13-02-2024,organic,mobile,India
2590534,25-03-2024,referral,mobile,India
3138540,17-02-2024,organic,mobile,India
2797136,16-02-2024,ads,mobile,India
2403415,18-01-2024,referral,mobile,India
4608329,16-04-2024,ads,desktop,India
4649105,15-02-2024,organic,desktop,Germany
3541496,26-03-2024,organic,mobile,Germany
4890573,13-01-2024,social,mobile,India
3350543,05-03-2024,organic,mobile,UK
1897561,04-01-2024,email,tablet,India
3431747,03-02-2024,ads,desktop,India
4819298,05-01-2024,social,mobile,India
2944995,20-03-2024,ads,mobile,India
2590579,26-05-2024,social,desktop,Germany
1542219,04-04-2024,referral,mobile,UK
2884020,09-01-2024,social,desktop,USA
4089049,14-02-2024,ads,desktop,India
2269418,16-03-2024,organic,tablet,UK
3960975,10-01-2024,organic,mobile,India
1309810,10-04-2024,referral,desktop,USA
1876442,05-01-2024,organic,mobile,India
2341143,11-03-2024,ads,mobile,USA
2463094,11-01-2024,organic,mobile,UK
1577842,22-03-2024,ads,mobile,USA
4982495,11-01-2024,organic,mobile,India
2350129,30-01-2024,organic,tablet,Canada
1518988,03-02-2024,ads,mobile,UK
3572117,28-01-2024,organic,mobile,USA
2245361,20-01-2024,organic,desktop,India
3764335,29-01-2024,organic,mobile,USA
4724432,29-03-2024,ads,mobile,USA
1785948,15-04-2024,ads,mobile,USA
1001734,02-03-2024,organic,desktop,India
1267454,13-03-2024,ads,mobile,USA
4438838,22-01-2024,organic,mobile,Germany
1011624,18-01-2024,organic,mobile,Australia
4313245,02-02-2024,organic,mobile,India
1507853,13-03-2024,organic,tablet,Australia
4957389,10-01-2024,organic,mobile,India
1150056,03-01-2024,referral,tablet,Canada
1941126,04-01-2024,ads,mobile,USA
3977934,10-07-2024,ads,desktop,USA
2456482,02-01-2024,organic,mobile,India
1701776,15-03-2024,ads,tablet,India
4377502,07-01-2024,organic,desktop,USA
4451954,08-02-2024,ads,desktop,India
3658506,09-01-2024,organic,mobile,USA
4125815,01-03-2024,referral,mobile,UK
3301493,22-01-2024,organic,mobile,India
4777598,06-03-2024,ads,desktop,India
1487889,14-02-2024,organic,mobile,India
4104710,17-01-2024,organic,mobile,UK
3201458,19-04-2024,organic,mobile,India
1523522,08-01-2024,organic,desktop,Canada
3313598,05-01-2024,organic,mobile,India
3488857,24-01-2024,organic,mobile,India
4430260,04-07-2024,organic,desktop,USA
1224261,04-01-2024,ads,mobile,India
3466052,04-02-2024,ads,desktop,UK
2942095,06-02-2024,organic,mobile,India
3263052,11-05-2024,ads,desktop,UK
4082899,22-02-2024,referral,mobile,India
3507258,14-01-2024,social,desktop,USA
3795698,17-01-2024,referral,mobile,USA
4591057,03-01-2024,social,mobile,USA
4251184,03-01-2024,organic,desktop,India
3616610,10-01-2024,organic,mobile,USA
3792974,14-02-2024,ads,mobile,USA
3681497,22-01-2024,organic,mobile,Canada
1923068,08-02-2024,organic,mobile,Canada
3666636,31-07-2024,organic,desktop,India
2847262,29-01-2024,ads,mobile,UK
3558390,05-01-2024,ads,desktop,UK
4205923,26-02-2024,organic,mobile,India
1242895,26-06-2024,organic,mobile,India
4394879,06-03-2024,organic,mobile,USA
3875886,29-02-2024,ads,mobile,Canada
3002171,07-03-2024,ads,mobile,India
2051149,22-01-2024,organic,desktop,USA
4189087,06-03-2024,ads,mobile,USA
4809090,12-02-2024,ads,mobile,India
1813918,04-02-2024,referral,mobile,USA
3337240,07-06-2024,organic,mobile,India
3220593,27-01-2024,email,mobile,Australia
2396038,25-01-2024,organic,mobile,UK
4600359,31-03-2024,organic,desktop,India
4999471,10-01-2024,ads,desktop,Australia
3258368,17-04-2024,social,desktop,Canada
1947700,29-01-2024,referral,mobile,USA
4653095,02-01-2024,ads,mobile,USA
4379388,20-01-2024,ads,mobile,India
2742410,14-02-2024,ads,mobile,Australia
4145977,15-01-2024,organic,mobile,USA
2423736,25-01-2024,organic,mobile,USA
2893409,25-01-2024,ads,mobile,USA
1894866,25-02-2024,organic,desktop,UK
4259019,22-02-2024,organic,mobile,Canada
3661198,02-03-2024,organic,mobile,India
4690991,16-02-2024,organic,mobile,India
1102236,09-01-2024,ads,desktop,India
3048620,09-03-2024,social,desktop,Germany
4254744,05-02-2024,email,mobile,India
3793575,07-02-2024,ads,desktop,Germany
1367831,06-02-2024,ads,desktop,India
4923203,02-01-2024,organic,desktop,India
1400907,11-02-2024,organic,mobile,USA
4631880,04-04-2024,organic,mobile,India
1561780,24-05-2024,ads,mobile,India
4724363,04-02-2024,email,desktop,India
2110532,08-01-2024,ads,mobile,India
2916971,31-01-2024,organic,mobile,USA
2351775,06-02-2024,social,mobile,USA
1741488,04-05-2024,ads,mobile,Canada
3895581,24-02-2024,ads,mobile,UK
1463929,14-01-2024,organic,mobile,Australia
1784993,07-01-2024,organic,mobile,USA
3527734,03-01-2024,referral,mobile,Germany
1844460,18-03-2024,organic,desktop,India
1216162,12-04-2024,ads,mobile,USA
4576746,16-01-2024,ads,desktop,Germany
1874385,03-07-2024,email,tablet,Germany
2244305,22-01-2024,ads,desktop,Germany
3385027,21-01-2024,ads,desktop,Canada
2056893,08-04-2024,organic,mobile,India
2256223,17-01-2024,email,mobile,India
3331960,08-01-2024,ads,mobile,Canada
1022903,21-03-2024,organic,desktop,India
3711261,25-01-2024,organic,desktop,UK
2365543,08-01-2024,organic,desktop,India
1184947,06-01-2024,ads,desktop,Australia
1472608,05-01-2024,organic,mobile,USA
3609774,05-01-2024,social,desktop,India
2953509,24-01-2024,ads,mobile,USA
1533828,01-01-2024,organic,mobile,UK
4917929,27-01-2024,organic,mobile,India
2690397,31-01-2024,social,mobile,India
3528950,20-05-2024,email,mobile,USA
2784274,04-04-2024,ads,mobile,Canada
2944778,24-01-2024,organic,desktop,India
4509579,05-01-2024,organic,mobile,India
2893751,03-01-2024,email,mobile,India
2977619,21-01-2024,ads,mobile,Australia
4268957,18-01-2024,organic,mobile,Australia
1540729,01-02-2024,ads,mobile,India
2184308,27-01-2024,organic,mobile,USA
3905372,28-01-2024,referral,desktop,India
4245559,08-02-2024,ads,tablet,Canada
3141726,25-02-2024,email,mobile,Germany
4408431,01-01-2024,organic,mobile,India
4524977,13-01-2024,ads,mobile,India
4158906,23-02-2024,email,mobile,India
1631569,18-05-2024,social,desktop,UK
4571313,22-02-2024,organic,tablet,India
3034219,19-01-2024,organic,mobile,India
4774782,13-01-2024,email,mobile,UK
1446391,23-02-2024,organic,tablet,India
2973092,30-01-2024,organic,mobile,USA
1807460,13-06-2024,ads,desktop,USA
3762235,08-01-2024,organic,mobile,India
4144999,03-01-2024,organic,mobile,USA
4153008,02-01-2024,ads,desktop,Australia
4500670,29-02-2024,organic,mobile,India
1562491,17-02-2024,email,mobile,India
2665458,01-01-2024,email,desktop,India
4258475,24-02-2024,ads,mobile,India
1631386,25-01-2024,ads,mobile,India
4156856,15-01-2024,referral,mobile,Canada
2198931,23-01-2024,referral,mobile,USA
3066435,01-01-2024,organic,mobile,India
2522018,09-03-2024,organic,mobile,UK
2402389,15-01-2024,organic,mobile,India
3332016,26-02-2024,ads,desktop,India
3481356,06-01-2024,ads,desktop,Australia
1039283,20-01-2024,referral,mobile,India
3923472,23-02-2024,referral,mobile,India
3182465,26-01-2024,ads,mobile,India
3305664,09-01-2024,organic,mobile,Canada
2520305,15-01-2024,ads,desktop,India
1563306,16-03-2024,organic,mobile,Australia
4433900,11-01-2024,referral,tablet,India
2890414,17-03-2024,organic,mobile,India
3836178,08-02-2024,organic,mobile,India
1814629,30-01-2024,organic,mobile,India
2414610,04-02-2024,organic,mobile,India
3314188,12-01-2024,ads,mobile,Australia
3395532,29-03-2024,ads,mobile,India
4908418,09-01-2024,ads,desktop,India
4130045,04-01-2024,ads,tablet,India
4093748,23-01-2024,ads,mobile,India
1257150,09-03-2024,ads,mobile,India
3467352,24-05-2024,organic,desktop,USA
2248578,21-01-2024,organic,mobile,India
3793489,31-01-2024,organic,tablet,India
3549937,09-03-2024,organic,tablet,UK
1536629,28-02-2024,organic,mobile,Canada
3561547,29-01-2024,organic,mobile,UK
1497572,03-01-2024,ads,mobile,Germany
4672084,07-01-2024,organic,desktop,UK
2450062,11-01-2024,email,desktop,Germany
4862604,27-01-2024,ads,mobile,India
3035841,14-03-2024,organic,mobile,India
2496823,08-01-2024,email,mobile,USA
1089029,05-02-2024,organic,desktop,India
3199020,05-02-2024,organic,mobile,India
2329276,15-02-2024,organic,desktop,India
2819217,03-01-2024,social,mobile,USA
2771154,24-01-2024,ads,mobile,UK
3049414,31-03-2024,organic,mobile,India
3269860,06-01-2024,organic,mobile,USA
3095467,31-01-2024,organic,mobile,Canada
4534145,05-01-2024,social,mobile,USA
4735025,25-03-2024,organic,desktop,UK
2308761,25-02-2024,ads,desktop,Germany
2629106,04-02-2024,organic,desktop,India
1514718,11-03-2024,referral,desktop,India
1878493,18-02-2024,ads,desktop,Australia
3367947,27-01-2024,organic,mobile,Canada
4754626,02-02-2024,ads,mobile,USA
3773761,05-02-2024,organic,mobile,Australia
1203981,11-01-2024,organic,tablet,India
1547575,13-02-2024,referral,mobile,India
4639879,16-02-2024,organic,mobile,USA
1680789,03-02-2024,referral,mobile,India
2340713,27-02-2024,ads,desktop,USA
1294923,19-01-2024,email,desktop,India
1934530,01-03-2024,organic,tablet,USA
2118439,27-02-2024,organic,mobile,USA
1104748,14-01-2024,organic,mobile,USA
3234950,01-01-2024,email,mobile,Canada
4116463,03-03-2024,email,mobile,USA
1157718,10-04-2024,referral,tablet,India
2094724,08-01-2024,ads,mobile,India
2433236,25-01-2024,organic,mobile,India
4985248,04-03-2024,email,tablet,Germany
3369604,22-01-2024,ads,desktop,USA
2410669,22-01-2024,email,mobile,USA
3113696,21-01-2024,email,mobile,India
1045243,01-02-2024,ads,desktop,India
2412976,20-01-2024,organic,mobile,India
1147979,28-01-2024,organic,mobile,India
1986566,28-01-2024,ads,mobile,India
2060987,10-01-2024,organic,mobile,Germany
3216102,08-01-2024,organic,mobile,Germany
1700112,21-05-2024,referral,mobile,India
1039430,08-02-2024,organic,tablet,USA
4647656,14-01-2024,organic,mobile,India
3382207,23-07-2024,social,mobile,UK
2370100,21-06-2024,email,mobile,India
3362357,22-01-2024,email,desktop,India
4793320,30-01-2024,referral,tablet,Germany
3393941,04-01-2024,ads,tablet,India
3177522,05-03-2024,ads,mobile,India
3768578,21-03-2024,ads,mobile,India
2255171,01-04-2024,ads,mobile,USA
4845506,12-02-2024,email,tablet,India
2824444,29-02-2024,ads,mobile,USA
1277984,05-01-2024,ads,desktop,USA
2552492,13-01-2024,ads,desktop,USA
2776308,02-01-2024,organic,desktop,India
1300383,06-03-2024,email,mobile,India
3828573,17-02-2024,organic,mobile,India
1297453,12-01-2024,email,desktop,Australia
4575479,09-01-2024,organic,mobile,Canada
1511965,15-02-2024,ads,desktop,Canada
1635784,13-01-2024,ads,desktop,India
1597310,29-06-2024,organic,mobile,USA
1509656,29-01-2024,organic,desktop,India
3069529,12-02-2024,organic,mobile,India
3307748,07-01-2024,referral,desktop,Canada
2622146,03-02-2024,ads,mobile,India
3123466,16-01-2024,email,mobile,USA
3375623,06-04-2024,organic,mobile,India
4261630,26-01-2024,referral,mobile,India
3169876,21-02-2024,email,desktop,USA
1107280,31-01-2024,social,mobile,India
4943096,16-02-2024,referral,mobile,India
4200057,13-01-2024,organic,mobile,USA
2289775,03-01-2024,organic,mobile,USA
4052537,02-01-2024,referral,desktop,India
2114432,04-01-2024,organic,desktop,India
1305005,09-01-2024,ads,mobile,India
2012096,04-03-2024,organic,tablet,India
2840270,01-01-2024,organic,desktop,USA
3897184,03-02-2024,ads,tablet,India
3455464,08-01-2024,organic,desktop,USA
2406390,05-01-2024,ads,mobile,India
2136174,20-03-2024,organic,mobile,USA
1460415,07-03-2024,organic,tablet,India
3135677,29-01-2024,ads,desktop,India
4394443,16-03-2024,email,desktop,India
2299722,29-02-2024,organic,tablet,India
3528494,17-01-2024,referral,desktop,India
2997135,05-01-2024,ads,desktop,Australia
1645723,25-03-2024,referral,desktop,India
1953271,01-02-2024,organic,mobile,Canada
2040095,02-02-2024,organic,mobile,India
4620020,09-01-2024,referral,mobile,USA
2097517,30-03-2024,ads,mobile,India
1368931,02-01-2024,email,mobile,India
3143486,08-01-2024,ads,mobile,India
3622233,10-01-2024,email,mobile,India
1277004,02-02-2024,referral,mobile,India
4686765,11-01-2024,organic,mobile,USA
1617268,18-05-2024,organic,desktop,UK
3952605,28-01-2024,organic,mobile,Germany
4473840,14-02-2024,organic,mobile,India
2209923,13-02-2024,organic,desktop,India
1895771,25-02-2024,social,mobile,USA
3680962,08-01-2024,organic,tablet,India
2586269,30-01-2024,organic,mobile,India
1265365,25-09-2024,email,mobile,India
3690201,05-01-2024,organic,mobile,Canada
4458180,16-01-2024,ads,mobile,Australia
1304757,08-03-2024,referral,mobile,India
2582614,23-01-2024,ads,mobile,India
2025206,04-01-2024,ads,desktop,India
3364081,25-04-2024,ads,tablet,USA
2033157,15-04-2024,email,desktop,India
4220644,24-01-2024,ads,tablet,India
4965668,09-02-2024,ads,mobile,India
3324500,21-04-2024,email,tablet,India
3334673,01-02-2024,ads,mobile,India
3356038,13-03-2024,organic,mobile,Canada
3389773,09-04-2024,organic,desktop,USA
3715078,07-01-2024,ads,mobile,Germany
2847137,03-01-2024,email,mobile,USA
3046791,04-01-2024,ads,mobile,Canada
4619543,15-01-2024,ads,mobile,UK
2498855,18-01-2024,organic,mobile,USA
2871034,05-01-2024,referral,tablet,USA
3176434,05-01-2024,organic,mobile,USA
1756772,29-03-2024,social,desktop,Canada
3824727,14-01-2024,email,tablet,USA
3593442,24-01-2024,ads,mobile,India
2434708,28-02-2024,organic,mobile,India
3884739,30-04-2024,ads,mobile,USA
1450297,03-01-2024,ads,mobile,India
4702730,03-01-2024,organic,mobile,Australia
3603602,14-01-2024,social,desktop,USA
4436183,08-03-2024,organic,mobile,India
2437631,30-01-2024,organic,desktop,India
3106640,25-01-2024,organic,mobile,USA
4432376,19-01-2024,organic,desktop,USA
1526999,10-03-2024,email,mobile,India
1566164,23-02-2024,referral,mobile,India
1295576,04-01-2024,ads,desktop,Australia
2431072,17-01-2024,organic,mobile,UK
2789282,19-01-2024,ads,mobile,Australia
4258381,19-02-2024,organic,desktop,India
1894090,21-09-2024,organic,mobile,USA
3962223,20-06-2024,ads,mobile,India
1781744,02-01-2024,organic,mobile,India
3401907,04-01-2024,ads,mobile,UK
4940302,13-01-2024,ads,mobile,USA
3126160,28-01-2024,organic,mobile,USA
3465718,08-01-2024,ads,desktop,UK
1230335,29-02-2024,organic,mobile,India
1960160,12-01-2024,social,desktop,India
1471851,25-01-2024,organic,desktop,UK
3072604,14-05-2024,organic,tablet,India
3280470,10-03-2024,ads,mobile,USA
3165186,05-03-2024,ads,mobile,Australia
3442766,02-01-2024,organic,tablet,India
2414350,11-01-2024,organic,tablet,UK
4469747,25-01-2024,organic,desktop,India
1802105,11-02-2024,referral,desktop,USA
4698182,28-01-2024,ads,mobile,Canada
4251890,23-01-2024,ads,desktop,India
1159803,05-02-2024,referral,mobile,India
2803992,01-07-2024,email,mobile,India
4734717,17-05-2024,organic,mobile,India
4822673,30-03-2024,ads,mobile,India
1961095,05-02-2024,organic,mobile,UK
2230798,14-01-2024,ads,mobile,India
1496009,09-03-2024,organic,desktop,India
3785791,11-01-2024,referral,mobile,USA
4210381,01-01-2024,ads,desktop,India
1324386,11-02-2024,ads,mobile,India
3427431,13-01-2024,ads,desktop,UK
1169959,29-03-2024,ads,mobile,India
2949652,14-01-2024,social,mobile,UK
1193217,04-03-2024,ads,mobile,Canada
2239450,25-02-2024,organic,mobile,India
2053807,09-01-2024,organic,mobile,UK
2313145,20-01-2024,ads,mobile,India
4240322,13-03-2024,referral,mobile,India
1745713,30-01-2024,referral,desktop,India
1883473,06-01-2024,referral,tablet,India
1892088,30-01-2024,organic,mobile,India
4104291,23-01-2024,organic,mobile,USA
1712836,14-02-2024,referral,mobile,Canada
4441028,04-03-2024,email,mobile,Canada
2252277,05-01-2024,organic,desktop,UK
3763933,03-01-2024,organic,desktop,India
2262455,08-01-2024,referral,desktop,India
3590944,25-02-2024,email,desktop,USA
2848919,07-02-2024,organic,mobile,India
4923427,14-01-2024,organic,mobile,Germany
4882584,02-02-2024,organic,desktop,India
3711356,05-01-2024,ads,desktop,USA
1743064,01-01-2024,social,mobile,India
4997660,21-04-2024,organic,desktop,India
2818710,02-03-2024,organic,tablet,India
3124239,11-04-2024,ads,mobile,Australia
4530677,05-05-2024,organic,desktop,India
4880315,10-02-2024,ads,mobile,India
2060627,23-01-2024,organic,mobile,India
4888612,12-01-2024,organic,mobile,India
4495457,18-02-2024,email,mobile,India
1988622,13-02-2024,organic,tablet,USA
1039238,22-01-2024,ads,desktop,India
4815399,05-03-2024,organic,mobile,India
1870583,04-04-2024,organic,mobile,India
2126267,27-02-2024,organic,mobile,India
3035956,08-01-2024,email,desktop,India
3789124,09-01-2024,organic,mobile,India
4873981,03-02-2024,ads,tablet,USA
4698039,24-01-2024,ads,mobile,UK
2161945,02-03-2024,ads,mobile,Australia
1564301,14-02-2024,organic,mobile,India
3945734,23-01-2024,ads,mobile,UK
3580044,27-01-2024,ads,desktop,India
4455605,06-03-2024,organic,mobile,India
1941246,10-02-2024,organic,mobile,Germany
3312842,05-01-2024,organic,desktop,India
1560576,30-04-2024,organic,mobile,UK
2517877,19-03-2024,organic,tablet,India
2103085,03-01-2024,organic,desktop,India
1097118,01-03-2024,organic,mobile,India
1194913,17-01-2024,organic,mobile,USA
4768398,16-03-2024,ads,mobile,India
3466598,03-04-2024,organic,mobile,Germany
2864919,14-02-2024,organic,desktop,India
2360062,28-04-2024,organic,mobile,India
2066269,22-04-2024,organic,mobile,India
3185961,09-01-2024,organic,desktop,India
1384292,29-04-2024,organic,mobile,Canada
2857588,19-02-2024,ads,mobile,Canada
1013948,30-01-2024,organic,desktop,Canada
1681768,08-01-2024,organic,desktop,USA
1319982,19-01-2024,referral,tablet,India
4274956,20-02-2024,ads,mobile,USA
4453475,11-03-2024,organic,tablet,India
3282461,11-02-2024,organic,tablet,Germany
4441433,08-02-2024,organic,mobile,USA
3721043,16-02-2024,social,mobile,Germany
2697223,09-01-2024,referral,desktop,India
4074704,24-07-2024,referral,mobile,India
1260677,13-01-2024,organic,mobile,India
2973171,17-02-2024,ads,mobile,India
1137664,21-01-2024,ads,mobile,India
4490753,05-01-2024,organic,mobile,India
3912107,13-02-2024,ads,mobile,India
1584041,14-02-2024,organic,mobile,Germany
3622306,12-01-2024,organic,mobile,Canada
3773831,18-03-2024,ads,mobile,USA
2279969,10-01-2024,referral,tablet,Australia
4254662,15-01-2024,organic,desktop,India
1406823,04-05-2024,organic,mobile,India
1204661,23-02-2024,ads,desktop,India
3383193,11-01-2024,organic,mobile,Australia
2927233,13-02-2024,email,tablet,USA
1741535,22-04-2024,organic,desktop,USA
2678171,17-01-2024,email,mobile,India
3855093,14-01-2024,email,desktop,UK
2051145,19-01-2024,social,mobile,Canada
2787243,21-01-2024,ads,tablet,UK
1467521,04-04-2024,ads,mobile,UK
3653776,18-01-2024,organic,desktop,India
4791770,07-02-2024,ads,mobile,USA
2281003,31-05-2024,organic,mobile,Australia
1748538,04-03-2024,organic,mobile,Canada
3268032,03-02-2024,organic,desktop,Canada
4263067,13-02-2024,social,desktop,India
3697805,21-01-2024,email,mobile,India
1705638,07-01-2024,ads,desktop,UK
4440476,16-01-2024,organic,desktop,USA
3050233,17-01-2024,organic,mobile,India
4669040,04-01-2024,organic,mobile,UK
3735667,01-06-2024,organic,desktop,USA
2438734,23-03-2024,organic,tablet,India
3722430,09-01-2024,organic,mobile,India
4276506,05-03-2024,organic,mobile,USA
2680918,18-01-2024,organic,desktop,India
2847065,04-02-2024,referral,tablet,India
4833257,01-01-2024,social,mobile,UK
4932905,08-02-2024,organic,mobile,India
1730798,12-01-2024,ads,mobile,India
1459132,12-01-2024,ads,mobile,Canada
1277363,05-01-2024,organic,desktop,USA
3866874,12-02-2024,organic,mobile,UK
1714095,09-02-2024,ads,mobile,India
4601790,25-04-2024,ads,desktop,USA
4612114,01-02-2024,organic,desktop,India
3256431,09-01-2024,ads,mobile,USA
2110400,06-01-2024,ads,desktop,India
3406531,12-01-2024,referral,desktop,Canada
2067492,16-01-2024,email,mobile,UK
1739872,05-05-2024,email,tablet,USA
3494741,03-01-2024,referral,mobile,India
1121794,09-02-2024,organic,mobile,Germany
2899562,15-02-2024,organic,mobile,Canada
3545401,13-05-2024,email,mobile,USA
4217105,17-01-2024,ads,desktop,India
1738615,01-04-2024,ads,mobile,Canada
3268981,31-03-2024,organic,mobile,UK
2491467,17-01-2024,organic,desktop,Germany
1231513,31-03-2024,referral,mobile,Australia
4849563,25-02-2024,organic,mobile,Germany
4625411,28-02-2024,ads,mobile,Canada
4072934,16-04-2024,email,mobile,India
2393234,18-03-2024,organic,desktop,India
4108972,11-01-2024,referral,desktop,India
4647784,14-03-2024,ads,mobile,India
1268686,07-05-2024,ads,mobile,USA
3607532,13-01-2024,social,mobile,India
1678109,05-02-2024,ads,mobile,India
1656965,03-01-2024,organic,desktop,USA
2660189,17-01-2024,referral,tablet,Canada
2995359,24-02-2024,ads,mobile,India
3120278,04-01-2024,email,desktop,India
1063602,01-01-2024,organic,mobile,UK
4432625,05-01-2024,ads,mobile,India
4836386,13-02-2024,social,mobile,UK
2602096,27-04-2024,ads,mobile,India
2728692,02-02-2024,referral,mobile,UK
1004302,27-01-2024,email,mobile,India
3568185,25-03-2024,ads,mobile,India
1921008,01-01-2024,organic,mobile,Canada
4232119,13-01-2024,ads,desktop,USA
3850076,01-01-2024,ads,mobile,India
4349481,27-01-2024,referral,mobile,India
3452556,09-02-2024,organic,desktop,Germany
1171766,05-01-2024,organic,mobile,Australia
1752344,01-01-2024,organic,desktop,Germany
4226529,01-01-2024,ads,desktop,India
2747734,07-01-2024,email,mobile,India
1743402,03-02-2024,referral,desktop,India
2813969,06-02-2024,referral,mobile,USA
1297096,03-03-2024,ads,mobile,India
4259259,09-02-2024,organic,desktop,India
4473814,19-01-2024,referral,desktop,India
4551303,17-04-2024,organic,mobile,USA
1754197,09-01-2024,organic,desktop,India
3912137,05-01-2024,organic,mobile,India
3394141,11-01-2024,organic,mobile,India
1015308,15-01-2024,organic,tablet,India
2136057,23-02-2024,organic,mobile,USA
3504379,07-01-2024,ads,mobile,UK
2575185,12-03-2024,organic,desktop,India
4800520,22-03-2024,organic,desktop,India
1473665,14-01-2024,organic,mobile,USA
1596207,01-04-2024,organic,desktop,USA
3393107,01-07-2024,social,mobile,India
3666144,17-04-2024,referral,desktop,UK
4331475,08-01-2024,email,mobile,Canada
1805121,27-02-2024,social,mobile,UK
4691027,17-02-2024,email,mobile,India
1640851,05-01-2024,ads,mobile,India
1815345,03-02-2024,organic,desktop,USA
2156620,30-01-2024,organic,mobile,India
2675914,14-03-2024,organic,desktop,India
4649615,04-04-2024,organic,mobile,UK
4813836,13-01-2024,email,desktop,India
3956783,03-07-2024,email,mobile,India
3854832,07-02-2024,email,mobile,India
4651147,03-01-2024,email,mobile,Germany
4779152,11-03-2024,organic,mobile,India
3335394,03-02-2024,social,desktop,Germany
1026492,13-04-2024,organic,mobile,India
1243442,15-01-2024,ads,mobile,India
2465558,08-01-2024,organic,mobile,India
2931209,03-03-2024,email,mobile,USA
3341498,04-02-2024,organic,mobile,USA
4994414,18-01-2024,referral,mobile,UK
3428001,19-01-2024,organic,tablet,India
3594973,24-01-2024,organic,mobile,India
3015199,30-08-2024,organic,mobile,USA
4439174,01-02-2024,referral,mobile,India
2462604,30-01-2024,ads,desktop,India
1445233,22-01-2024,organic,desktop,UK
2236525,14-01-2024,ads,mobile,Germany
2993866,16-01-2024,organic,mobile,India
3875027,07-02-2024,organic,mobile,USA
3095395,24-01-2024,organic,desktop,UK
1546558,21-01-2024,organic,desktop,India
1480807,31-05-2024,organic,mobile,Germany
4001611,04-03-2024,organic,tablet,USA
2089684,30-01-2024,ads,tablet,UK
3057744,16-02-2024,ads,mobile,India
1246248,12-08-2024,ads,desktop,USA
1681069,25-01-2024,organic,mobile,India
1045502,07-02-2024,referral,mobile,USA
1699918,11-01-2024,organic,mobile,India
3188506,01-09-2024,social,desktop,USA
2315107,22-03-2024,referral,mobile,USA
1369358,06-03-2024,ads,desktop,UK
2176991,14-01-2024,organic,tablet,Canada
3366387,08-02-2024,organic,tablet,UK
1731399,17-03-2024,organic,mobile,Germany
1979755,26-01-2024,organic,desktop,Germany
4956484,23-01-2024,ads,mobile,India
4984821,05-02-2024,organic,mobile,India
4692574,07-01-2024,organic,mobile,India
2918261,23-01-2024,organic,mobile,UK
2967622,08-02-2024,ads,mobile,India
4499190,10-02-2024,organic,desktop,India
3834589,29-02-2024,social,mobile,UK
2325101,12-06-2024,organic,mobile,India
1427854,27-02-2024,organic,mobile,India
4212319,02-03-2024,ads,mobile,USA
1097017,23-01-2024,email,desktop,India
4315654,08-01-2024,referral,desktop,India
4120663,29-01-2024,ads,tablet,Australia
3738875,24-04-2024,ads,tablet,Germany
3637546,16-01-2024,social,desktop,USA
1321269,22-04-2024,referral,tablet,Germany
2604338,09-01-2024,ads,desktop,USA
3523742,11-03-2024,organic,tablet,India
3582251,22-08-2024,organic,desktop,USA
4137289,08-03-2024,referral,tablet,UK
2066219,31-03-2024,ads,mobile,India
1100612,02-03-2024,organic,mobile,India
2301750,20-02-2024,organic,tablet,India
1882151,08-01-2024,referral,mobile,India
2540956,01-01-2024,organic,mobile,India
3102823,17-01-2024,organic,mobile,USA
1173476,02-01-2024,organic,mobile,UK
2428118,18-02-2024,organic,mobile,UK
3670602,06-01-2024,ads,desktop,USA
1837739,17-05-2024,organic,mobile,Germany
1381732,09-01-2024,organic,mobile,India
3637726,18-01-2024,ads,mobile,India
4438357,14-03-2024,organic,mobile,India
4844789,28-03-2024,referral,mobile,India
4221378,22-03-2024,referral,mobile,USA
1499352,07-08-2024,organic,desktop,UK
1971880,16-01-2024,ads,desktop,Germany
1847901,17-03-2024,organic,mobile,USA
3299483,16-03-2024,organic,desktop,Germany
2129833,08-01-2024,organic,mobile,India
2918695,11-01-2024,organic,desktop,USA
4422456,18-03-2024,ads,mobile,India
3514878,16-07-2024,ads,mobile,USA
2111852,02-02-2024,ads,desktop,India
2283585,02-01-2024,ads,mobile,Australia
2731506,23-03-2024,organic,mobile,USA
4545121,06-02-2024,ads,desktop,USA
1205937,13-02-2024,email,mobile,India
4021360,14-04-2024,referral,mobile,India
2725514,21-02-2024,ads,desktop,India
4296666,08-01-2024,email,mobile,Canada
4796127,09-01-2024,social,desktop,India
1434649,16-01-2024,email,mobile,USA
2446963,13-05-2024,organic,desktop,India
3419419,16-01-2024,ads,mobile,Canada
3486152,27-02-2024,organic,mobile,India
3753848,19-03-2024,organic,mobile,UK
1788388,12-04-2024,referral,desktop,Australia
2035754,04-02-2024,organic,desktop,India
2823197,06-01-2024,referral,mobile,India
4557454,01-01-2024,ads,desktop,India
3670199,28-01-2024,organic,desktop,India
2091453,04-01-2024,ads,mobile,India
4269397,29-02-2024,ads,mobile,India
4704570,18-02-2024,organic,mobile,Australia
2762972,07-02-2024,referral,desktop,India
2400585,20-03-2024,organic,desktop,India
1788492,12-02-2024,ads,desktop,Germany
4209178,06-03-2024,organic,mobile,Germany
1469905,03-01-2024,organic,desktop,India
4387833,02-01-2024,ads,desktop,USA
3625803,07-01-2024,ads,desktop,Canada
3929496,13-01-2024,ads,mobile,USA
2917424,20-02-2024,organic,mobile,UK
1026628,03-02-2024,ads,desktop,India
1614031,28-01-2024,ads,tablet,UK
2196663,11-03-2024,organic,desktop,UK
2042854,03-02-2024,ads,mobile,India
1608154,04-01-2024,organic,tablet,India
3020921,07-03-2024,ads,mobile,India
4926694,15-01-2024,ads,mobile,India
2544176,18-02-2024,ads,mobile,India
1531129,04-04-2024,social,desktop,India
4261335,26-01-2024,organic,desktop,USA
1653840,12-02-2024,organic,mobile,India
3917337,04-01-2024,social,mobile,USA
3269667,22-01-2024,email,tablet,Germany
3560530,05-01-2024,organic,tablet,India
3309014,02-04-2024,referral,mobile,India
4702122,15-03-2024,ads,mobile,India
2416244,11-02-2024,ads,mobile,India
4381384,18-01-2024,organic,mobile,USA
1342657,19-05-2024,organic,desktop,India
3586239,07-03-2024,ads,mobile,Australia
2943076,17-01-2024,organic,desktop,India
2661067,12-01-2024,ads,mobile,India
4387056,02-02-2024,organic,mobile,UK
1352315,04-01-2024,organic,mobile,India
3017076,19-01-2024,organic,desktop,India
2848456,02-01-2024,organic,desktop,India
3410602,05-09-2024,organic,tablet,Canada
4072104,08-04-2024,ads,mobile,Germany
4563879,10-01-2024,organic,mobile,Australia
2028123,11-02-2024,ads,desktop,India
2827481,31-01-2024,referral,desktop,USA
2728582,23-03-2024,referral,mobile,India
2579324,24-01-2024,organic,mobile,UK
4542243,01-02-2024,organic,desktop,India
4532095,12-01-2024,organic,desktop,India
4048395,08-02-2024,organic,tablet,USA
2303174,30-05-2024,ads,mobile,UK
3294081,05-01-2024,ads,desktop,India
1272674,26-03-2024,organic,mobile,India
3068164,19-02-2024,social,mobile,India
4964345,13-02-2024,ads,mobile,India
4655992,03-01-2024,organic,mobile,India
4839412,15-01-2024,organic,desktop,Canada
2654119,24-01-2024,organic,mobile,India
3231778,18-03-2024,ads,mobile,Canada
3130677,26-03-2024,organic,mobile,UK
1716488,03-01-2024,organic,desktop,UK
2552061,22-01-2024,organic,mobile,India
1320180,29-03-2024,referral,mobile,UK
1098047,15-01-2024,organic,mobile,India
4777709,18-01-2024,ads,mobile,USA
4412237,06-01-2024,organic,desktop,USA
1670152,04-01-2024,ads,mobile,USA
1245318,14-02-2024,organic,mobile,India
3256763,08-01-2024,organic,mobile,USA
3947958,12-02-2024,organic,mobile,Australia
4209289,20-04-2024,ads,mobile,USA
1313725,13-01-2024,social,mobile,Canada
1743629,20-01-2024,ads,desktop,India
2469482,19-02-2024,email,mobile,India
1328321,05-02-2024,organic,mobile,UK
3070267,02-01-2024,ads,mobile,India
1223859,20-04-2024,ads,mobile,India
2771834,09-02-2024,email,desktop,USA
3996593,04-01-2024,organic,mobile,Australia
3110541,18-01-2024,ads,mobile,USA
1725894,27-04-2024,ads,mobile,Canada
3809597,02-01-2024,organic,mobile,USA
1570432,27-01-2024,email,mobile,USA
3674315,03-01-2024,email,tablet,India
3454389,26-01-2024,organic,mobile,USA
4977540,02-01-2024,organic,tablet,Germany
2928174,14-04-2024,organic,mobile,Australia
2338412,19-06-2024,organic,desktop,UK
1651327,03-05-2024,ads,tablet,India
2341340,07-02-2024,organic,mobile,USA
1917787,25-01-2024,organic,mobile,UK
1381016,18-01-2024,social,desktop,USA
4718876,02-01-2024,ads,tablet,Germany
3605405,13-03-2024,organic,mobile,India
4023561,12-01-2024,organic,desktop,Canada
1190892,30-01-2024,referral,mobile,UK
2503374,09-01-2024,referral,desktop,UK
1251421,03-02-2024,social,desktop,Canada
1580748,25-02-2024,email,mobile,India
4565490,25-02-2024,organic,mobile,India
2165404,29-01-2024,ads,mobile,USA
4904204,12-01-2024,organic,mobile,USA
2152110,10-02-2024,ads,mobile,India
1861318,07-01-2024,organic,mobile,India
2873011,28-03-2024,organic,tablet,India
3998140,18-02-2024,organic,desktop,UK
1766921,07-03-2024,organic,desktop,India
2130826,05-02-2024,ads,desktop,Canada
1404099,27-02-2024,ads,mobile,India
3291559,13-05-2024,social,mobile,USA
4210184,26-05-2024,organic,desktop,USA
1482415,12-01-2024,organic,desktop,India
3756219,09-01-2024,email,mobile,USA
4587033,05-02-2024,organic,mobile,India
3635547,07-01-2024,referral,desktop,India
3989419,26-01-2024,organic,tablet,USA
4943640,23-02-2024,referral,mobile,India
3840135,08-01-2024,email,mobile,Australia
1654079,08-07-2024,organic,desktop,Canada
1124933,10-01-2024,ads,mobile,UK
2839928,15-01-2024,ads,desktop,USA
2953821,14-05-2024,ads,mobile,India
3101714,12-02-2024,ads,mobile,Australia
2521549,12-03-2024,organic,mobile,India
1994586,30-01-2024,referral,mobile,Australia
1730324,18-01-2024,organic,mobile,India
4061379,15-01-2024,ads,desktop,India
2940877,25-02-2024,referral,mobile,India
4592327,25-01-2024,organic,desktop,Canada
2667743,02-01-2024,organic,mobile,Australia
4086983,11-03-2024,ads,mobile,Canada
3079884,16-01-2024,ads,mobile,USA
4070725,10-02-2024,referral,desktop,India
4402074,06-03-2024,organic,mobile,India
4077202,04-02-2024,referral,mobile,USA
1869230,11-02-2024,organic,mobile,India
2406273,26-03-2024,ads,desktop,Canada
2234830,07-01-2024,organic,mobile,India
3886713,03-01-2024,ads,desktop,India
4729175,25-03-2024,ads,mobile,India
3341047,22-05-2024,ads,mobile,India
1579876,04-01-2024,social,desktop,India
1371618,22-01-2024,referral,mobile,USA
1671593,28-03-2024,email,tablet,India
2609511,28-01-2024,ads,mobile,India
2058337,10-01-2024,ads,mobile,UK
1808689,08-01-2024,organic,mobile,India
3875683,02-03-2024,organic,desktop,UK
3620803,22-03-2024,email,tablet,India
2567692,11-02-2024,ads,mobile,India
4343719,09-01-2024,ads,desktop,USA
2909771,07-01-2024,organic,desktop,India
2770333,31-01-2024,ads,mobile,USA
2010148,16-05-2024,referral,desktop,India
2169938,25-01-2024,organic,mobile,India
4807396,12-02-2024,ads,desktop,USA
3500432,15-01-2024,ads,mobile,India
4183692,08-05-2024,ads,mobile,Australia
3149276,13-02-2024,organic,desktop,USA
1363466,10-02-2024,email,mobile,India
2127413,10-03-2024,ads,tablet,Australia
3442797,26-01-2024,referral,mobile,India
1115281,23-03-2024,organic,mobile,India
2074505,13-02-2024,organic,mobile,India
2039311,09-01-2024,ads,mobile,Germany
1920636,16-02-2024,ads,desktop,USA
3228684,18-03-2024,organic,mobile,India
3571971,27-01-2024,organic,mobile,USA
4720094,06-05-2024,organic,mobile,Canada
1247367,04-02-2024,referral,desktop,India
2594101,13-01-2024,organic,desktop,India
3294866,11-04-2024,organic,mobile,UK
2811200,02-02-2024,ads,desktop,India
1635509,29-01-2024,ads,mobile,USA
4330218,03-01-2024,organic,desktop,Australia
2687837,14-02-2024,organic,mobile,Australia
4656286,19-01-2024,ads,mobile,India
1431481,01-01-2024,referral,desktop,USA
4422853,05-03-2024,organic,mobile,India
2446180,02-02-2024,ads,mobile,USA
3460566,05-02-2024,organic,mobile,India
4173485,11-01-2024,organic,desktop,India
1306463,10-01-2024,email,desktop,India
1595172,11-02-2024,ads,tablet,Canada
3917173,06-01-2024,ads,mobile,USA
2614251,18-01-2024,organic,mobile,USA
2663583,21-01-2024,organic,mobile,USA
1506359,23-03-2024,referral,mobile,India
4492317,03-01-2024,ads,tablet,Canada
1781267,17-01-2024,organic,desktop,India
1367593,02-01-2024,referral,mobile,USA
2209145,09-01-2024,organic,desktop,India
4173177,14-01-2024,referral,desktop,UK
1588344,03-01-2024,organic,mobile,Australia
3803247,11-01-2024,organic,mobile,India
2937699,13-02-2024,organic,desktop,Canada
3386037,23-03-2024,ads,mobile,UK
1423527,11-03-2024,organic,desktop,India
2428459,10-03-2024,ads,mobile,USA
2829864,20-01-2024,organic,mobile,India
1135962,14-05-2024,organic,desktop,India
4297124,08-01-2024,organic,mobile,Canada
3484885,23-01-2024,organic,mobile,UK
1235297,13-01-2024,referral,desktop,USA
2754848,08-01-2024,organic,desktop,India
3928103,19-02-2024,referral,desktop,India
1782681,06-01-2024,referral,mobile,USA
3975616,08-02-2024,organic,mobile,USA
3890298,11-01-2024,ads,desktop,India
2866629,30-08-2024,organic,mobile,India
2828146,12-02-2024,organic,mobile,India
2745642,27-01-2024,ads,mobile,India
4725579,04-02-2024,referral,mobile,UK
4922078,28-01-2024,ads,tablet,India
3007812,30-04-2024,referral,desktop,India
1669198,22-03-2024,organic,desktop,India
2676520,13-01-2024,organic,desktop,UK
4877128,18-03-2024,organic,desktop,UK
3485002,09-01-2024,organic,mobile,India
3875021,18-01-2024,organic,mobile,India
2238504,27-03-2024,ads,desktop,India
2298215,12-02-2024,organic,desktop,India
1563981,29-01-2024,organic,desktop,Germany
4135117,06-01-2024,organic,mobile,India
4497209,07-02-2024,ads,mobile,Germany
1521772,29-01-2024,organic,mobile,UK
1405794,02-01-2024,ads,mobile,India
3328772,19-01-2024,ads,desktop,India
2016503,22-01-2024,ads,tablet,India
4342448,13-02-2024,ads,mobile,India
1245212,11-01-2024,social,desktop,India
2907671,10-01-2024,ads,mobile,USA
1308266,19-03-2024,ads,mobile,USA
3395902,03-03-2024,referral,mobile,India
3355244,03-02-2024,email,mobile,Germany
3052046,31-01-2024,ads,mobile,India
4089696,05-03-2024,organic,tablet,USA
4919466,21-03-2024,organic,desktop,India
2888169,11-03-2024,ads,mobile,India
2136332,28-02-2024,organic,desktop,USA
2035923,01-02-2024,organic,mobile,Germany
2851357,07-01-2024,email,mobile,India
4759773,18-01-2024,ads,mobile,India
2849767,03-01-2024,ads,tablet,Canada
2115149,27-01-2024,organic,mobile,India
3266590,25-01-2024,email,desktop,India
2158546,14-03-2024,email,mobile,India
1222916,21-01-2024,organic,mobile,India
1175321,02-01-2024,referral,mobile,India
1871331,03-01-2024,ads,mobile,India
4279929,12-01-2024,organic,desktop,India
2695266,17-01-2024,organic,mobile,UK
3180982,23-03-2024,organic,mobile,USA
4691697,06-01-2024,organic,mobile,India
3743527,08-02-2024,email,mobile,UK
3423407,17-01-2024,ads,desktop,USA
3126356,13-01-2024,organic,mobile,UK
3694352,25-01-2024,organic,mobile,India
2953148,08-01-2024,ads,desktop,USA
3784392,09-01-2024,organic,desktop,USA
1535310,20-02-2024,organic,tablet,India
3161082,01-01-2024,organic,desktop,India
3909798,27-02-2024,organic,desktop,India
4338299,30-04-2024,organic,mobile,India
1954350,03-04-2024,referral,mobile,India
4741297,29-02-2024,referral,desktop,India
2441471,18-01-2024,social,mobile,Germany
1666780,29-03-2024,email,desktop,India
1479909,07-01-2024,email,tablet,USA
1023150,17-03-2024,organic,mobile,India
3859089,19-01-2024,organic,mobile,Germany
1085581,02-01-2024,organic,tablet,India
3267374,07-03-2024,organic,mobile,India
2590844,27-01-2024,email,desktop,India
1215254,13-01-2024,ads,mobile,USA
2053062,21-02-2024,ads,desktop,USA
3582192,05-02-2024,organic,tablet,India
3393563,02-01-2024,ads,mobile,India
4182494,30-01-2024,ads,mobile,India
2265282,08-02-2024,ads,mobile,UK
4853595,11-04-2024,organic,desktop,USA
3600341,21-04-2024,email,mobile,India
2397179,19-01-2024,organic,desktop,India
2788623,10-01-2024,organic,mobile,India
2847752,08-01-2024,ads,tablet,USA
3930863,11-02-2024,organic,desktop,Canada
1573283,01-04-2024,organic,mobile,India
2117636,20-01-2024,ads,desktop,USA
4296023,03-02-2024,email,mobile,USA
2911312,19-01-2024,referral,mobile,India
2634084,31-01-2024,organic,mobile,India
3294093,25-02-2024,organic,desktop,UK
2391092,01-01-2024,organic,desktop,India
2380244,19-01-2024,ads,tablet,UK
3797688,28-01-2024,organic,desktop,India
4312443,12-01-2024,organic,desktop,USA
2762873,03-01-2024,social,mobile,India
4678682,24-06-2024,ads,mobile,Germany
2170482,05-02-2024,organic,desktop,India
1630250,02-01-2024,ads,tablet,India
4155604,16-01-2024,ads,mobile,Canada
4045948,21-03-2024,referral,desktop,India
4670977,08-01-2024,organic,mobile,India
4256553,30-01-2024,organic,desktop,Australia
1765991,24-01-2024,social,mobile,UK
3639529,24-02-2024,organic,mobile,UK
4106679,20-01-2024,ads,mobile,India
2498831,10-01-2024,ads,tablet,India
4793839,19-03-2024,social,mobile,Germany
2096008,27-01-2024,organic,desktop,Canada
3787203,16-09-2024,organic,mobile,India
4345803,17-02-2024,organic,desktop,India
4403278,25-01-2024,ads,mobile,India
3340739,01-01-2024,referral,desktop,Canada
2130549,01-01-2024,organic,mobile,India
4342772,23-03-2024,email,mobile,India
3450319,19-01-2024,organic,mobile,India
4682046,22-02-2024,ads,mobile,India
4199510,22-03-2024,ads,mobile,Germany
1239460,08-02-2024,organic,mobile,India
3298410,15-01-2024,email,mobile,Canada
4484125,23-01-2024,ads,mobile,UK
4298879,01-03-2024,organic,mobile,India
3333443,21-01-2024,organic,tablet,India
2757453,14-01-2024,social,tablet,USA
4090265,03-01-2024,ads,desktop,India
4954406,09-02-2024,organic,mobile,UK
3485052,03-02-2024,social,desktop,Canada
1644723,03-01-2024,ads,mobile,India
1874527,07-01-2024,organic,mobile,Canada
3137560,24-01-2024,ads,mobile,India
4240016,22-01-2024,ads,mobile,India
3235708,14-02-2024,organic,mobile,UK
1812795,26-04-2024,ads,mobile,India
4607036,26-02-2024,organic,mobile,UK
4608834,02-01-2024,ads,mobile,India
2667420,19-01-2024,ads,mobile,India
1906005,01-03-2024,organic,desktop,India
1935908,05-01-2024,email,mobile,India
3267616,21-04-2024,organic,mobile,UK
3037295,22-03-2024,organic,mobile,India
3123603,16-04-2024,organic,desktop,USA
4376717,07-02-2024,referral,desktop,UK
1359635,13-04-2024,organic,mobile,India
3624035,18-04-2024,ads,desktop,India
4007877,06-02-2024,ads,mobile,USA
2040297,02-01-2024,organic,mobile,Canada
2239039,05-02-2024,organic,tablet,Canada
4856711,01-01-2024,organic,mobile,India
3620857,10-01-2024,organic,tablet,Germany
3677578,06-01-2024,organic,desktop,India
4383986,08-01-2024,organic,mobile,India
1712554,29-02-2024,organic,mobile,India
4026011,06-02-2024,referral,desktop,India
2908544,09-01-2024,organic,desktop,USA
4395238,16-01-2024,organic,desktop,Canada
4591671,30-01-2024,email,desktop,Australia
1375903,18-05-2024,organic,tablet,Germany
1096536,28-01-2024,organic,desktop,India
3787802,25-03-2024,organic,mobile,Germany
3552656,24-03-2024,organic,desktop,India
2005623,07-01-2024,email,mobile,USA
1491175,29-01-2024,organic,mobile,India
4736724,15-01-2024,ads,mobile,Germany
2333769,23-03-2024,organic,mobile,USA
1331961,29-03-2024,organic,desktop,India
1457479,05-03-2024,ads,mobile,India
1168226,01-01-2024,ads,mobile,India
4917123,01-02-2024,ads,mobile,India
4457373,28-01-2024,email,tablet,USA
3494091,01-06-2024,ads,mobile,Germany
1392930,22-03-2024,referral,desktop,India
4289014,26-01-2024,ads,mobile,India
4116452,15-02-2024,organic,mobile,UK
4791927,16-01-2024,organic,desktop,UK
4344075,22-01-2024,organic,desktop,UK
1760485,27-01-2024,ads,mobile,Canada
3425902,22-01-2024,organic,desktop,India
4860840,10-01-2024,email,tablet,USA
4346479,07-02-2024,ads,mobile,India
3677602,22-02-2024,referral,desktop,UK
4343058,07-01-2024,ads,mobile,India
4941143,05-07-2024,email,mobile,India
1338841,19-02-2024,organic,mobile,UK
3862500,07-03-2024,ads,desktop,India
3366918,03-01-2024,ads,desktop,India
4205346,03-01-2024,organic,mobile,USA
1444989,27-01-2024,referral,mobile,USA
4692225,30-01-2024,email,desktop,India
3033719,09-02-2024,organic,mobile,Australia
4570232,09-01-2024,referral,mobile,India
1915800,13-01-2024,organic,tablet,USA
4317711,11-01-2024,ads,tablet,Germany
1811937,14-03-2024,organic,mobile,USA
3307492,02-02-2024,organic,desktop,India
2128574,17-02-2024,referral,mobile,Canada
4754871,31-01-2024,ads,mobile,India
2814344,24-07-2024,organic,desktop,USA
1237353,12-02-2024,organic,mobile,USA
4316029,02-02-2024,ads,mobile,Australia
4440425,23-01-2024,organic,mobile,India
1987702,21-01-2024,organic,desktop,Australia
2718777,07-01-2024,organic,mobile,Germany
1970308,16-04-2024,organic,mobile,USA
3105566,06-01-2024,email,desktop,India
2078060,16-05-2024,ads,desktop,Australia
2267424,30-01-2024,social,mobile,India
2338381,07-02-2024,organic,tablet,USA
4356741,07-01-2024,ads,mobile,Canada
1569612,03-02-2024,organic,mobile,USA
4920906,24-01-2024,organic,mobile,India
3345451,14-02-2024,organic,desktop,India
1060790,19-03-2024,organic,tablet,India
2092777,04-01-2024,organic,mobile,Germany
1712316,10-01-2024,ads,mobile,India
3020103,02-02-2024,email,tablet,UK
2011842,30-04-2024,social,desktop,India
4177087,09-01-2024,referral,desktop,USA
3562104,11-02-2024,ads,desktop,India
1005711,14-01-2024,organic,mobile,India
2167770,20-02-2024,ads,desktop,India
2759534,02-04-2024,organic,mobile,India
2138432,15-01-2024,ads,desktop,India
2228738,12-03-2024,email,mobile,India
2627795,02-01-2024,organic,desktop,USA
4181611,15-01-2024,organic,mobile,USA
1020260,01-07-2024,organic,desktop,India
4788539,28-01-2024,ads,tablet,Canada
1671948,18-03-2024,organic,mobile,Canada
4167885,16-01-2024,organic,desktop,India
3553567,05-01-2024,ads,mobile,Canada
2183940,09-01-2024,organic,mobile,Canada
3897756,23-01-2024,organic,desktop,UK
4707918,22-02-2024,email,desktop,India
1228279,01-01-2024,organic,mobile,India
2332880,11-03-2024,organic,mobile,USA
1581186,27-05-2024,ads,tablet,Germany
4592030,19-01-2024,organic,desktop,India
2930691,06-04-2024,ads,mobile,Germany
2195588,13-01-2024,organic,desktop,India
1283701,27-02-2024,social,desktop,USA
2253592,23-01-2024,ads,desktop,Germany
4193755,12-01-2024,organic,desktop,India
2489650,19-01-2024,ads,desktop,India
2650307,09-03-2024,organic,desktop,India
1449493,29-01-2024,referral,mobile,UK
3483691,11-01-2024,organic,mobile,India
1568992,15-03-2024,organic,tablet,USA
3288414,26-02-2024,referral,mobile,India
1024617,15-01-2024,ads,mobile,Canada
2517727,15-01-2024,ads,tablet,India
4086239,10-04-2024,ads,mobile,UK
4990851,28-01-2024,organic,tablet,India
3295195,13-01-2024,organic,mobile,Australia
1274018,29-01-2024,organic,desktop,Germany
1375749,29-03-2024,organic,mobile,USA
1312046,20-02-2024,ads,desktop,India
2494835,30-01-2024,ads,mobile,USA
4349639,16-03-2024,referral,mobile,Germany
4447126,04-04-2024,organic,mobile,Canada
2387110,24-01-2024,email,mobile,USA
2029839,25-01-2024,organic,mobile,Germany
3537230,28-01-2024,organic,mobile,UK
2274905,07-02-2024,email,mobile,India
4017218,26-02-2024,email,desktop,India
3875264,20-03-2024,organic,mobile,Canada
4243455,03-01-2024,ads,tablet,USA
3711397,24-03-2024,organic,mobile,India
4025503,07-03-2024,email,mobile,USA
2119728,11-03-2024,organic,mobile,Australia
3758818,14-01-2024,ads,desktop,India
2006475,23-02-2024,email,mobile,India
3271970,20-01-2024,ads,mobile,USA
3963755,19-01-2024,organic,desktop,India
1285665,09-02-2024,referral,mobile,India
3319508,20-01-2024,ads,desktop,India
1872770,19-02-2024,organic,mobile,India
4996625,04-06-2024,organic,mobile,USA
4179940,11-01-2024,organic,mobile,UK
4042352,08-04-2024,referral,mobile,India
4332369,03-01-2024,organic,mobile,Australia
4219935,12-02-2024,organic,desktop,India
4588532,18-01-2024,organic,tablet,Canada
1749418,10-01-2024,organic,desktop,India
3652815,04-01-2024,organic,desktop,USA
4945390,05-02-2024,email,mobile,India
2934146,22-01-2024,email,desktop,UK
2996106,05-01-2024,organic,mobile,India
4478284,04-06-2024,referral,mobile,USA
1722972,28-02-2024,organic,mobile,Canada
4127273,01-02-2024,ads,tablet,India
4207166,22-03-2024,ads,desktop,India
4609147,20-02-2024,ads,mobile,USA
3276042,17-01-2024,ads,desktop,UK
1891222,28-08-2024,organic,mobile,India
3771399,07-02-2024,email,desktop,India
3324933,07-04-2024,organic,desktop,India
2382287,21-02-2024,organic,desktop,India
3177842,03-01-2024,organic,mobile,UK
3923063,11-03-2024,ads,mobile,USA
2278435,01-02-2024,organic,mobile,India
3649769,24-02-2024,ads,desktop,India
1609804,07-02-2024,organic,desktop,Germany
2088108,17-01-2024,ads,mobile,UK
4641932,25-02-2024,referral,mobile,Germany
3556303,17-01-2024,email,mobile,Canada
1737229,08-02-2024,ads,desktop,USA
2420288,22-01-2024,organic,mobile,UK
3669803,25-01-2024,email,tablet,Australia
3624728,12-01-2024,referral,mobile,India
3165112,24-03-2024,ads,desktop,Germany
1368845,02-01-2024,ads,mobile,India
2734402,27-02-2024,referral,desktop,USA
4286612,08-02-2024,ads,mobile,USA
1169673,20-01-2024,organic,desktop,USA
2417579,12-01-2024,ads,desktop,Germany
1824677,04-02-2024,organic,mobile,India
4779633,13-02-2024,ads,mobile,India
4387576,25-01-2024,referral,mobile,India
4321811,31-01-2024,email,mobile,UK
1303911,13-01-2024,ads,mobile,USA
3891514,06-02-2024,ads,mobile,USA
3408785,20-02-2024,organic,tablet,India
1652607,24-04-2024,ads,tablet,India
3821644,22-03-2024,organic,mobile,India
4637620,21-02-2024,ads,desktop,India
3688765,29-02-2024,organic,mobile,India
2114669,21-02-2024,email,mobile,India
2750277,25-03-2024,referral,mobile,India
4237927,09-01-2024,organic,tablet,India
4951679,30-01-2024,ads,mobile,UK
4604865,27-01-2024,ads,mobile,USA
4667889,18-01-2024,ads,tablet,India
1175145,09-02-2024,organic,mobile,India
2752810,01-01-2024,social,desktop,Australia
3562449,11-01-2024,email,tablet,Canada
4330234,01-01-2024,organic,mobile,Canada
1943137,03-01-2024,organic,desktop,UK
3971912,14-02-2024,organic,mobile,Germany
4670599,03-04-2024,email,tablet,Canada
4563860,23-03-2024,organic,desktop,India
4968755,11-02-2024,organic,mobile,Canada
4368703,21-02-2024,ads,desktop,India
4497290,29-01-2024,organic,mobile,USA
2423752,22-01-2024,organic,desktop,USA
2614914,06-01-2024,organic,desktop,UK
4340403,02-03-2024,ads,mobile,India
3306008,05-01-2024,organic,desktop,UK
2210724,02-01-2024,organic,mobile,India
4675111,19-01-2024,ads,mobile,India
1661540,11-01-2024,organic,tablet,India
4120029,21-03-2024,organic,mobile,India
3649148,12-05-2024,organic,mobile,UK
1218407,17-01-2024,email,mobile,India
4143307,19-01-2024,organic,mobile,UK
4868446,31-01-2024,ads,tablet,India
2437017,02-01-2024,email,mobile,India
3576549,16-02-2024,social,mobile,USA
3615273,09-03-2024,ads,desktop,Germany
1344161,28-01-2024,organic,mobile,Germany
3425621,20-01-2024,ads,desktop,USA
1555562,17-04-2024,organic,mobile,India
2898570,21-05-2024,ads,mobile,USA
3013081,25-01-2024,organic,desktop,India
2006259,01-01-2024,ads,desktop,USA
1366750,17-01-2024,ads,mobile,USA
3781643,09-02-2024,email,tablet,Canada
1593747,13-01-2024,organic,mobile,India
3546456,29-01-2024,referral,mobile,India
4472217,24-02-2024,referral,mobile,India
4234447,09-01-2024,organic,desktop,India
1705007,07-01-2024,organic,tablet,India
4117005,23-03-2024,social,mobile,UK
3392716,04-01-2024,email,desktop,USA
3364405,08-04-2024,ads,mobile,Australia
3962682,17-02-2024,email,tablet,India
4378898,21-02-2024,referral,mobile,USA
4576955,15-01-2024,organic,mobile,India
4125224,24-02-2024,organic,mobile,India
1378608,13-02-2024,organic,mobile,India
3920477,17-03-2024,email,desktop,India
1386753,23-03-2024,organic,mobile,USA
4559063,08-02-2024,ads,mobile,Germany
2010540,01-02-2024,organic,mobile,India
4523145,30-01-2024,ads,mobile,India
3771152,04-04-2024,ads,mobile,Canada
4817503,01-03-2024,ads,desktop,USA
1624121,12-03-2024,referral,mobile,USA
2288630,09-03-2024,referral,tablet,India
1390519,10-02-2024,referral,mobile,India
4693176,18-02-2024,ads,mobile,USA
4514929,04-02-2024,ads,desktop,India
1743596,05-01-2024,organic,desktop,India
3331425,20-01-2024,organic,desktop,USA
1989363,04-02-2024,ads,desktop,India
1186171,23-01-2024,organic,mobile,India
3211642,04-01-2024,ads,mobile,India
3024071,18-04-2024,organic,desktop,Germany
1324305,03-01-2024,ads,mobile,Germany
2928888,07-02-2024,referral,mobile,Germany
4722924,10-03-2024,organic,mobile,India
2514226,02-01-2024,organic,mobile,India
2607685,02-01-2024,referral,desktop,India
4334603,28-03-2024,organic,mobile,Canada
3072591,29-01-2024,organic,desktop,India
2635195,16-07-2024,organic,mobile,UK
1603159,14-01-2024,ads,mobile,UK
4595643,01-07-2024,referral,desktop,India
4825956,09-01-2024,organic,mobile,UK
3572790,19-03-2024,ads,mobile,USA
3436732,06-01-2024,organic,mobile,India
2562387,27-01-2024,organic,desktop,Germany
1557551,01-01-2024,organic,mobile,India
4497695,15-02-2024,organic,mobile,USA
1672718,09-01-2024,referral,desktop,USA
1450151,15-01-2024,ads,desktop,India
1313443,08-05-2024,referral,mobile,India
1047220,02-03-2024,ads,mobile,UK
2670698,02-01-2024,ads,tablet,India
4818758,07-01-2024,organic,mobile,Australia
1227770,06-01-2024,organic,mobile,India
4329692,06-01-2024,organic,mobile,India
2856386,16-03-2024,organic,mobile,USA
3654954,14-04-2024,organic,mobile,USA
3873725,23-01-2024,ads,mobile,India
3325051,19-02-2024,email,desktop,Canada
2344074,31-01-2024,ads,tablet,India
1517315,01-01-2024,organic,mobile,Canada
1583970,01-03-2024,organic,mobile,Germany
2596815,29-01-2024,social,mobile,Canada
1027466,04-02-2024,organic,mobile,India
4899916,19-04-2024,organic,mobile,USA
2665246,26-05-2024,organic,mobile,India
4644960,04-01-2024,email,mobile,Canada
1070774,18-05-2024,ads,mobile,India
2397851,04-03-2024,organic,mobile,UK
1110248,22-02-2024,email,mobile,UK
4124184,10-02-2024,organic,mobile,USA
3014761,20-03-2024,email,mobile,USA
4958002,14-01-2024,ads,desktop,India
3626426,20-01-2024,email,tablet,India
3037101,12-01-2024,organic,mobile,India
4807342,08-04-2024,organic,mobile,USA
4080641,12-02-2024,email,desktop,India
3674880,19-02-2024,organic,mobile,India
4627715,14-02-2024,organic,tablet,USA
2400859,16-01-2024,referral,mobile,Canada
2579949,02-01-2024,organic,mobile,India
4867877,31-01-2024,referral,desktop,USA
3666935,21-02-2024,organic,mobile,UK
2516118,17-02-2024,ads,mobile,India
3158729,16-02-2024,ads,mobile,India
2576490,21-01-2024,ads,mobile,Canada
3473780,17-02-2024,organic,desktop,India
1634519,21-07-2024,ads,desktop,India
3091341,06-01-2024,referral,mobile,India
3561373,07-03-2024,email,desktop,India
2034939,17-01-2024,email,mobile,India
3274186,02-01-2024,organic,desktop,India
1666560,04-04-2024,referral,mobile,UK
4242845,14-01-2024,organic,mobile,Germany
1175925,10-02-2024,email,mobile,India
2754199,15-01-2024,organic,tablet,India
4873105,15-02-2024,organic,desktop,India
3100795,23-01-2024,email,desktop,India
3340098,04-02-2024,organic,mobile,India
4368995,16-02-2024,email,tablet,Canada
1283796,02-01-2024,ads,desktop,Australia
4905906,02-01-2024,ads,desktop,Canada
4269789,17-02-2024,referral,mobile,India
3987614,24-01-2024,referral,mobile,India
3029167,30-01-2024,ads,mobile,USA
2424635,21-05-2024,social,tablet,India
3401985,28-01-2024,organic,desktop,USA
4368910,18-02-2024,organic,mobile,USA
2436500,09-03-2024,organic,desktop,UK
3448928,30-01-2024,ads,desktop,India
2446031,06-01-2024,organic,mobile,UK
1882908,24-02-2024,organic,mobile,India
1143833,31-01-2024,ads,tablet,USA
3314653,18-01-2024,organic,mobile,India
3386169,05-01-2024,organic,tablet,India
1806073,18-01-2024,organic,mobile,Canada
2377657,04-01-2024,organic,mobile,India
4378917,05-03-2024,referral,desktop,India
2889358,05-01-2024,ads,mobile,UK
3910946,12-02-2024,organic,mobile,India
2272497,15-04-2024,ads,desktop,India
2674316,02-01-2024,ads,mobile,India
4261732,18-01-2024,email,mobile,UK
2756036,24-01-2024,ads,desktop,India
3196135,15-01-2024,ads,mobile,USA
4364873,17-01-2024,ads,mobile,Germany
1640572,20-01-2024,organic,desktop,UK
2835492,05-02-2024,organic,desktop,Germany
1258052,06-01-2024,ads,mobile,India
2901883,01-01-2024,ads,desktop,USA
2756043,03-01-2024,organic,mobile,Canada
3690159,07-04-2024,ads,mobile,India
1557810,27-05-2024,ads,mobile,USA
2261640,19-05-2024,organic,mobile,India
2801282,17-03-2024,ads,tablet,Australia
2481198,15-02-2024,email,mobile,USA
3336053,02-06-2024,ads,tablet,India
1259657,07-03-2024,referral,tablet,USA
3435690,10-01-2024,referral,desktop,India
3287886,07-02-2024,organic,desktop,India
1525891,24-03-2024,organic,tablet,Germany
1281050,20-04-2024,organic,mobile,India
4864868,02-04-2024,email,mobile,India
2523700,26-01-2024,email,desktop,India
3601331,03-01-2024,referral,mobile,India
4524279,02-01-2024,email,mobile,India
1147684,24-01-2024,organic,desktop,USA
1742354,24-01-2024,referral,mobile,India
3554732,28-01-2024,organic,mobile,India
1864652,24-01-2024,organic,mobile,USA
3921003,04-01-2024,email,mobile,India
2725476,03-02-2024,organic,tablet,India
3061894,16-01-2024,ads,desktop,UK
1878145,06-03-2024,organic,mobile,Canada
4400189,20-01-2024,ads,mobile,USA
1877340,12-01-2024,organic,tablet,India
2414679,04-02-2024,organic,desktop,India
3322241,16-06-2024,social,mobile,India
4870920,08-07-2024,organic,desktop,UK
3975754,26-01-2024,ads,mobile,Canada
4392418,18-01-2024,ads,mobile,India
4891688,24-01-2024,ads,mobile,USA
1297920,11-01-2024,ads,mobile,India
3383434,07-04-2024,ads,desktop,Australia
4935917,17-05-2024,organic,mobile,India
4972813,19-01-2024,referral,mobile,India
2306899,12-01-2024,ads,mobile,UK
2632411,05-01-2024,organic,desktop,India
2963607,05-01-2024,ads,mobile,India
4119854,09-04-2024,organic,mobile,India
4471228,05-01-2024,email,mobile,India
2513618,27-02-2024,ads,mobile,India
1092311,18-05-2024,organic,desktop,USA
3652135,28-01-2024,organic,mobile,Germany
1539672,03-01-2024,ads,desktop,India
3063697,08-01-2024,organic,desktop,USA
1548435,21-01-2024,organic,mobile,India
3060227,31-01-2024,organic,mobile,India
4749068,03-02-2024,organic,mobile,India
1232765,21-01-2024,ads,mobile,Australia
4823805,11-02-2024,ads,tablet,India
3330725,11-01-2024,ads,desktop,India
3736863,06-01-2024,organic,desktop,India
2012520,09-04-2024,ads,mobile,India
2317756,15-02-2024,organic,mobile,India
3160017,19-02-2024,organic,desktop,India
2851426,22-02-2024,ads,mobile,India
3549543,18-03-2024,social,mobile,USA
2508106,27-02-2024,email,mobile,India
3747863,02-04-2024,organic,desktop,USA
4989412,06-02-2024,ads,desktop,India
2387230,02-01-2024,organic,mobile,Canada
1138103,04-04-2024,organic,mobile,USA
3373307,31-01-2024,organic,tablet,India
4039367,22-02-2024,organic,mobile,UK
4464631,27-03-2024,social,mobile,Germany
3284580,08-02-2024,email,desktop,Australia
4079037,05-01-2024,ads,mobile,India
4479488,25-01-2024,ads,tablet,USA
2636158,10-02-2024,ads,mobile,India
3662693,02-03-2024,ads,tablet,India
2195129,11-04-2024,organic,mobile,Canada
1778602,07-04-2024,referral,desktop,India
4606997,11-01-2024,organic,mobile,USA
1464072,01-01-2024,email,mobile,India
4068628,12-06-2024,organic,desktop,Germany
3656548,11-01-2024,referral,desktop,USA
2956363,14-01-2024,organic,mobile,USA
2482169,10-01-2024,organic,mobile,India
4729671,03-02-2024,ads,mobile,USA
1307826,16-05-2024,organic,mobile,UK
1754659,16-01-2024,referral,mobile,UK
4523867,21-04-2024,ads,mobile,India
2241787,19-01-2024,organic,mobile,India
3915668,09-02-2024,organic,desktop,India
2633787,02-02-2024,organic,mobile,UK
1453563,10-08-2024,organic,desktop,UK
3326271,01-03-2024,email,desktop,India
3623059,23-01-2024,ads,mobile,Germany
2925346,27-02-2024,ads,desktop,Canada
2806165,12-01-2024,referral,mobile,India
4227920,02-01-2024,ads,desktop,USA
3582187,23-03-2024,organic,desktop,Canada
1201763,17-06-2024,social,mobile,Canada
4076526,04-04-2024,ads,mobile,India
4603386,28-01-2024,email,mobile,UK
3525560,02-01-2024,social,desktop,USA
3505801,21-01-2024,organic,desktop,India
1466254,14-01-2024,organic,desktop,India
1759578,02-03-2024,organic,mobile,India
4835739,05-03-2024,organic,desktop,UK
4610341,06-03-2024,organic,mobile,India
4194880,04-01-2024,ads,mobile,India
2461060,18-01-2024,organic,mobile,UK
2770467,21-01-2024,ads,mobile,UK
2197984,24-01-2024,ads,desktop,USA
1912391,17-01-2024,email,mobile,Australia
4838205,12-03-2024,organic,mobile,USA
3706441,05-02-2024,organic,mobile,India
1978401,15-02-2024,organic,tablet,India
2157079,03-01-2024,ads,mobile,India
3584181,30-01-2024,social,desktop,India
3857380,05-01-2024,referral,mobile,Germany
3555175,08-02-2024,referral,mobile,India
3032339,01-04-2024,organic,desktop,Germany
2812608,09-01-2024,organic,desktop,UK
1515589,09-01-2024,ads,desktop,USA
2470648,23-02-2024,organic,mobile,USA
1671895,11-04-2024,organic,tablet,India
1646752,11-03-2024,organic,desktop,India
4892456,10-02-2024,ads,tablet,USA
3183360,09-02-2024,organic,mobile,UK
2410987,30-01-2024,organic,mobile,UK
2403833,04-04-2024,organic,tablet,India
1975786,25-02-2024,organic,desktop,UK
2029210,27-01-2024,organic,tablet,India
4927186,21-03-2024,organic,mobile,UK
4213546,29-01-2024,referral,mobile,India
4716103,03-01-2024,organic,desktop,India
4884074,27-02-2024,organic,desktop,Germany
2870266,05-04-2024,referral,desktop,Australia
3301820,13-02-2024,organic,tablet,India
3306504,29-01-2024,ads,tablet,USA
2765500,07-01-2024,ads,mobile,India
4282633,20-01-2024,organic,mobile,USA
3109131,22-01-2024,ads,desktop,Australia
3831494,11-03-2024,organic,mobile,India
4373578,07-03-2024,organic,tablet,India
3889852,14-03-2024,organic,mobile,India
3844423,22-02-2024,social,desktop,USA
1832409,10-01-2024,ads,mobile,USA
1275474,26-01-2024,email,mobile,Germany
3862440,16-03-2024,organic,desktop,Canada
2092062,16-01-2024,referral,mobile,Germany
2719014,30-04-2024,social,mobile,India
1252946,05-01-2024,organic,mobile,India
2905391,09-03-2024,social,mobile,UK
2914044,11-03-2024,ads,mobile,India
4282938,07-01-2024,email,tablet,India
3392366,20-02-2024,social,desktop,India
4682951,07-02-2024,organic,mobile,India
4023163,10-01-2024,email,tablet,Australia
4569855,10-01-2024,referral,desktop,India
1583879,09-01-2024,organic,mobile,UK
3904551,03-02-2024,organic,mobile,Canada
1017789,29-01-2024,ads,mobile,India
1396240,23-03-2024,referral,mobile,India
4692602,30-03-2024,organic,mobile,UK
4032365,11-01-2024,referral,mobile,India
2194704,21-02-2024,referral,mobile,India
4843607,04-01-2024,referral,mobile,USA
2418933,28-01-2024,organic,desktop,India
2551443,01-03-2024,organic,desktop,India
4337049,21-04-2024,organic,mobile,India
3967563,04-01-2024,organic,desktop,UK
3232679,11-01-2024,social,tablet,India
4527810,09-01-2024,referral,mobile,India
1976688,23-01-2024,ads,mobile,Canada
4187638,01-02-2024,organic,desktop,India
3853444,01-02-2024,ads,mobile,USA
2425176,16-01-2024,referral,desktop,USA
2614367,01-02-2024,organic,mobile,India
3082940,13-01-2024,organic,mobile,India
1013667,12-03-2024,organic,mobile,India
3710002,30-01-2024,ads,mobile,India
3267204,03-04-2024,email,desktop,Canada
1908009,16-02-2024,organic,mobile,India
1257966,08-02-2024,email,mobile,USA
4114448,11-02-2024,ads,desktop,USA
2239729,19-02-2024,organic,mobile,Canada
4704949,08-10-2024,organic,mobile,India
4439634,03-02-2024,organic,desktop,India
4715691,10-06-2024,organic,mobile,India
2342399,02-03-2024,ads,tablet,India
1023953,02-06-2024,email,mobile,India
1502656,14-01-2024,ads,mobile,India
4931329,19-01-2024,ads,mobile,India
3817171,24-03-2024,social,mobile,India
2894103,31-01-2024,referral,desktop,India
1311608,02-01-2024,organic,mobile,USA
1542602,31-01-2024,referral,mobile,Canada
4445533,11-02-2024,email,mobile,India
4871320,20-01-2024,organic,mobile,India
3620355,18-03-2024,ads,mobile,Australia
2130112,29-02-2024,organic,desktop,USA
3920271,18-04-2024,ads,mobile,USA
3291427,13-01-2024,organic,mobile,Australia
2382458,21-02-2024,organic,mobile,UK
1265826,02-01-2024,organic,mobile,India
2816664,05-01-2024,ads,mobile,Canada
3171204,12-04-2024,ads,mobile,UK
4484499,18-03-2024,organic,mobile,Germany
2404823,15-01-2024,email,desktop,Canada
2314914,15-01-2024,ads,mobile,India
1744351,17-01-2024,organic,mobile,UK
1992408,02-04-2024,ads,desktop,India
4727305,01-01-2024,organic,desktop,India
4609317,16-01-2024,organic,desktop,India
4162046,07-01-2024,referral,mobile,India
2087707,05-02-2024,ads,desktop,India
3355224,06-01-2024,ads,tablet,USA
3596230,26-07-2024,ads,mobile,India
3814680,15-03-2024,ads,mobile,UK
3656887,25-01-2024,organic,desktop,USA
4247235,02-01-2024,email,desktop,Germany
4391335,24-01-2024,organic,tablet,India
4228392,20-02-2024,organic,desktop,India
1526037,24-03-2024,organic,mobile,India
3729721,23-01-2024,ads,mobile,India
2864824,02-01-2024,ads,mobile,Canada
4621046,18-04-2024,email,desktop,Australia
4728922,17-01-2024,referral,mobile,India
4997332,03-02-2024,email,desktop,UK
3965744,30-01-2024,organic,mobile,Australia
2475571,10-01-2024,organic,mobile,India
1409494,16-01-2024,referral,mobile,India
4238041,22-01-2024,referral,mobile,USA
2040735,15-01-2024,organic,mobile,Canada
4261485,08-01-2024,social,tablet,USA
2057632,31-01-2024,organic,tablet,Australia
1196662,24-02-2024,referral,mobile,UK
2408126,01-01-2024,organic,mobile,USA
4832249,05-02-2024,organic,mobile,India
4983563,21-03-2024,ads,desktop,UK
2372171,15-01-2024,email,desktop,India
1745126,08-02-2024,organic,mobile,USA
1131731,03-01-2024,organic,desktop,India
3517236,16-01-2024,organic,mobile,India
4724589,08-01-2024,social,mobile,Australia
3241407,15-02-2024,social,tablet,India
3653342,05-01-2024,ads,mobile,India
1808755,20-01-2024,organic,mobile,India
3739299,01-02-2024,organic,mobile,USA
4256580,03-01-2024,email,tablet,India
1540216,28-03-2024,organic,mobile,UK
2611018,10-02-2024,social,mobile,India
2823908,02-02-2024,organic,mobile,Germany
2505220,25-08-2024,organic,desktop,Canada
1968056,20-01-2024,ads,mobile,USA
4182457,19-07-2024,ads,mobile,India
1018568,06-03-2024,ads,tablet,India
2448412,04-01-2024,organic,tablet,USA
4288094,22-01-2024,ads,desktop,UK
1040317,12-01-2024,ads,mobile,India
1052974,18-01-2024,email,desktop,India
2938794,13-01-2024,ads,desktop,USA
4397462,29-06-2024,ads,mobile,UK
3551947,29-01-2024,referral,mobile,India
1789163,28-02-2024,referral,mobile,India
4761604,04-04-2024,organic,mobile,India
4160448,01-01-2024,organic,desktop,India
1432189,17-04-2024,ads,mobile,UK
1348456,08-01-2024,ads,mobile,India
4501268,18-01-2024,organic,desktop,Germany
2136827,01-02-2024,ads,mobile,UK
1604072,01-01-2024,referral,tablet,India
4952595,08-01-2024,organic,mobile,India
1249630,12-01-2024,organic,mobile,India
4771039,01-02-2024,social,tablet,USA
4584196,04-01-2024,email,mobile,India
1340510,20-02-2024,referral,mobile,Canada
2901062,08-01-2024,organic,desktop,India
2655054,13-01-2024,ads,desktop,USA
3255987,01-01-2024,organic,desktop,India
3623662,02-04-2024,organic,desktop,India
2467756,29-03-2024,organic,desktop,Germany
4406987,05-01-2024,referral,mobile,India
1104738,09-01-2024,organic,mobile,India
4387677,03-02-2024,organic,mobile,India
1938571,02-05-2024,organic,desktop,Canada
4774619,14-02-2024,ads,mobile,Germany
3424294,26-02-2024,organic,mobile,Canada
1215662,10-04-2024,email,desktop,India
4445369,08-01-2024,ads,mobile,UK
2790462,01-02-2024,ads,mobile,USA
4030225,05-01-2024,organic,tablet,Australia
3812601,04-01-2024,ads,desktop,UK
1981974,04-02-2024,referral,desktop,Germany
4635015,14-01-2024,organic,desktop,UK
3230911,02-02-2024,social,tablet,Germany
3170805,10-04-2024,organic,mobile,Canada
3050936,06-04-2024,organic,desktop,Australia
2188176,09-01-2024,organic,mobile,India
4551385,10-02-2024,ads,desktop,USA
4387876,13-01-2024,organic,mobile,USA
3367927,02-02-2024,social,mobile,India
2892838,18-02-2024,organic,desktop,Germany
1140677,05-04-2024,ads,mobile,India
1434288,27-04-2024,ads,mobile,USA
1688945,01-06-2024,referral,mobile,USA
1314109,24-01-2024,organic,tablet,Canada
1001672,02-04-2024,ads,mobile,India
3886038,20-01-2024,organic,desktop,Australia
3655567,05-03-2024,organic,mobile,India
3361639,05-03-2024,email,mobile,Canada
1738232,25-01-2024,email,tablet,Germany
3309380,12-02-2024,organic,mobile,India
3334913,05-03-2024,ads,mobile,India
3676191,22-01-2024,organic,mobile,India
3655776,05-02-2024,email,desktop,Germany
2206980,04-01-2024,ads,desktop,UK
2675127,25-02-2024,organic,desktop,USA
3960778,16-07-2024,social,desktop,Germany
1132088,10-01-2024,organic,mobile,India
4244511,19-01-2024,organic,mobile,UK
2036153,22-05-2024,referral,desktop,UK
1511813,14-02-2024,organic,mobile,India
3721283,13-03-2024,ads,mobile,India
3808573,28-01-2024,organic,desktop,USA
4846174,15-02-2024,referral,mobile,India
4273676,23-01-2024,ads,mobile,India
4972936,14-01-2024,organic,mobile,USA
3164807,18-01-2024,referral,mobile,India
1768041,19-01-2024,ads,mobile,UK
2233800,10-06-2024,organic,desktop,Australia
4679724,09-03-2024,ads,mobile,India
1917754,14-03-2024,referral,mobile,India
4624219,27-01-2024,organic,desktop,India
4365195,11-01-2024,ads,desktop,India
3496689,15-01-2024,ads,mobile,USA
1435069,04-01-2024,organic,desktop,India
4474852,17-02-2024,organic,desktop,Australia
3616198,16-02-2024,organic,desktop,Germany
2839528,05-01-2024,ads,mobile,India
2937333,10-01-2024,ads,mobile,USA
1614254,14-04-2024,email,mobile,Germany
3558883,04-01-2024,organic,desktop,India
1150091,29-03-2024,ads,mobile,USA
1319527,12-03-2024,ads,mobile,UK
4645729,07-01-2024,ads,tablet,USA
4671584,07-02-2024,ads,desktop,Australia
4942362,13-02-2024,ads,mobile,Germany
4869490,08-03-2024,organic,mobile,India
3192740,15-01-2024,ads,mobile,India
1179093,01-01-2024,organic,desktop,India
4724414,02-10-2024,email,mobile,Canada
3828172,28-01-2024,organic,tablet,India
4337286,10-03-2024,organic,mobile,India
4781291,09-01-2024,organic,mobile,India
2978097,02-01-2024,social,mobile,India
2658242,04-02-2024,referral,mobile,Canada
4388452,10-01-2024,organic,desktop,UK
3709231,12-01-2024,organic,mobile,Germany
4128624,08-02-2024,email,tablet,India
2349812,12-02-2024,social,mobile,India
3790632,02-02-2024,social,mobile,USA
1229662,13-03-2024,organic,mobile,USA
4235720,12-02-2024,organic,mobile,USA
2919064,24-01-2024,organic,mobile,USA
3682954,29-02-2024,email,mobile,India
1228778,06-03-2024,organic,tablet,USA
1397272,05-03-2024,ads,mobile,India
2522324,06-04-2024,organic,mobile,Germany
2080306,04-01-2024,organic,mobile,India
1494412,09-01-2024,ads,desktop,UK
3265801,18-03-2024,ads,mobile,USA
1748246,12-01-2024,ads,tablet,India
1947842,27-02-2024,organic,mobile,Canada
3122687,27-01-2024,organic,desktop,USA
2984937,01-02-2024,organic,tablet,India
3856524,16-02-2024,ads,tablet,India
1147125,07-02-2024,social,mobile,India
4588003,04-02-2024,organic,desktop,India
4901070,25-07-2024,organic,mobile,USA
3812452,08-05-2024,organic,desktop,India
2310841,17-04-2024,organic,desktop,USA
2805703,25-05-2024,organic,desktop,India
2933760,06-02-2024,organic,mobile,Australia
3579920,01-02-2024,ads,mobile,India
3113279,08-01-2024,social,mobile,Germany
2865970,03-01-2024,organic,mobile,India
1650785,22-03-2024,ads,mobile,Canada
2287220,01-03-2024,ads,mobile,UK
4755175,10-04-2024,organic,mobile,India
4037698,06-01-2024,organic,desktop,Germany
1509494,03-01-2024,organic,desktop,India
1857004,21-02-2024,organic,mobile,India
2175174,25-02-2024,organic,desktop,USA
4271820,03-02-2024,ads,mobile,USA
1678138,18-01-2024,organic,desktop,Germany
3822902,02-01-2024,email,mobile,India
3194456,07-01-2024,social,mobile,India
3835435,01-01-2024,referral,mobile,Canada
1913357,24-01-2024,organic,mobile,USA
1086656,08-03-2024,ads,tablet,India
2513673,16-02-2024,ads,desktop,Canada
3231941,02-02-2024,ads,mobile,India
3338595,08-01-2024,ads,mobile,India
3016012,29-02-2024,referral,mobile,Canada
1793519,09-03-2024,ads,desktop,USA
2377582,01-01-2024,ads,mobile,India
3811692,27-01-2024,ads,tablet,India
2215097,10-01-2024,social,mobile,Canada
2412251,02-01-2024,ads,desktop,USA
3539698,11-02-2024,organic,mobile,UK
3315929,27-01-2024,organic,desktop,India
1509045,25-01-2024,ads,desktop,India
1225815,18-05-2024,ads,mobile,USA
4193668,04-02-2024,referral,mobile,USA
3670517,02-02-2024,ads,mobile,India
3179074,08-02-2024,ads,tablet,Canada
2535216,13-01-2024,social,mobile,India
1579129,09-01-2024,referral,mobile,Germany
2981974,02-01-2024,organic,tablet,UK
1894676,04-01-2024,social,desktop,USA
4833553,18-01-2024,organic,mobile,Canada
2607579,07-02-2024,organic,mobile,USA
1300022,17-01-2024,ads,mobile,India
3641346,25-01-2024,email,mobile,India
3111249,15-02-2024,ads,mobile,India
1374511,27-04-2024,referral,mobile,India
3467770,05-04-2024,referral,desktop,USA
3507002,23-01-2024,organic,desktop,USA
4908762,07-01-2024,organic,mobile,India
3449850,05-01-2024,organic,mobile,India
1763430,26-05-2024,organic,mobile,India
1626475,02-02-2024,referral,mobile,India
4652262,10-01-2024,referral,mobile,UK
3464173,12-02-2024,organic,desktop,India
1024557,05-03-2024,organic,mobile,India
2284737,24-01-2024,organic,mobile,India
1727849,06-01-2024,organic,tablet,USA
4923932,28-02-2024,organic,mobile,India
2473483,04-01-2024,organic,tablet,India
2865380,01-02-2024,organic,tablet,USA
1617214,24-02-2024,ads,desktop,USA
2723809,23-01-2024,organic,desktop,USA
1997642,09-02-2024,organic,mobile,USA
4927872,13-02-2024,organic,mobile,India
4512455,08-07-2024,email,desktop,India
4805284,13-01-2024,ads,mobile,Germany
1389494,13-01-2024,organic,desktop,India
3776593,12-04-2024,referral,mobile,India
3529784,29-05-2024,organic,desktop,India
4528364,28-01-2024,ads,desktop,Australia
1130193,20-02-2024,organic,mobile,India
4579129,19-01-2024,organic,tablet,Canada
2252698,08-03-2024,referral,mobile,Australia
4919375,05-02-2024,email,desktop,USA
1028187,01-01-2024,ads,mobile,India
4687252,27-02-2024,referral,mobile,Germany
3678274,13-05-2024,ads,mobile,Canada
1052362,24-01-2024,email,tablet,India
3482553,06-02-2024,organic,mobile,USA
1654901,01-01-2024,referral,mobile,Germany
3490253,19-01-2024,organic,desktop,Australia
4934067,03-02-2024,organic,mobile,Germany
2552673,18-03-2024,ads,desktop,USA
3316868,09-01-2024,organic,mobile,India
3288478,18-02-2024,organic,mobile,India
1133960,14-01-2024,ads,desktop,UK
2570010,14-03-2024,ads,mobile,Australia
4881872,23-02-2024,ads,mobile,India
1264347,20-06-2024,organic,mobile,USA
3479707,04-02-2024,email,desktop,India
4366874,02-01-2024,email,mobile,UK
3360273,07-01-2024,organic,mobile,Australia
2076703,02-02-2024,referral,mobile,India
1236957,09-02-2024,ads,desktop,USA
4983640,14-01-2024,ads,mobile,India
2456437,17-01-2024,referral,mobile,Germany
2464827,11-04-2024,referral,mobile,USA
4433843,31-01-2024,organic,desktop,USA
3755450,09-02-2024,organic,mobile,Australia
4121713,02-03-2024,ads,mobile,Canada
4591477,02-01-2024,ads,tablet,India
4778932,13-03-2024,organic,mobile,Canada
3626218,14-03-2024,organic,tablet,Canada
4923706,06-01-2024,referral,desktop,India
4671017,08-02-2024,organic,mobile,USA
2168933,01-03-2024,organic,mobile,UK
3512850,11-02-2024,ads,mobile,India
2663782,18-03-2024,organic,mobile,India
4583191,04-01-2024,referral,mobile,UK
2801000,05-04-2024,organic,mobile,USA
3727011,02-02-2024,organic,mobile,India
1278633,03-02-2024,organic,desktop,USA
2049123,07-01-2024,referral,mobile,India
3989332,23-03-2024,referral,mobile,UK
2075456,16-02-2024,referral,mobile,UK
3420368,17-02-2024,ads,desktop,India
1572378,14-06-2024,referral,mobile,Canada
3372871,14-01-2024,organic,mobile,USA
4441486,19-07-2024,ads,desktop,India
1398813,25-02-2024,organic,mobile,USA
4493110,28-02-2024,referral,desktop,India
3598684,18-03-2024,ads,mobile,India
3963008,04-01-2024,organic,desktop,Canada
1539179,26-08-2024,email,desktop,USA
1358185,10-01-2024,organic,mobile,India
4663218,06-02-2024,ads,desktop,India
4294109,14-02-2024,organic,mobile,India
1048586,05-01-2024,ads,mobile,India
4566562,05-02-2024,organic,mobile,India
3003079,16-01-2024,referral,desktop,India
2282108,25-02-2024,referral,desktop,UK
2298822,01-01-2024,email,mobile,USA
1176114,04-01-2024,ads,mobile,Canada
2127949,12-02-2024,ads,mobile,USA
4739114,10-01-2024,organic,desktop,Germany
4265001,31-01-2024,ads,mobile,USA
2197374,07-01-2024,ads,tablet,India
2903543,18-01-2024,referral,mobile,India
4258004,17-01-2024,organic,mobile,India
1998021,05-03-2024,referral,mobile,USA
4194711,22-03-2024,organic,desktop,UK
2432318,15-01-2024,organic,mobile,UK
2993020,28-01-2024,ads,mobile,Canada
3841012,06-02-2024,ads,desktop,India
3039132,01-03-2024,ads,mobile,Australia
2376254,08-01-2024,organic,mobile,Canada
3372990,27-03-2024,ads,desktop,UK
1984836,06-01-2024,organic,mobile,USA
2526638,19-02-2024,organic,tablet,India
1967374,26-01-2024,email,mobile,India
4470052,26-01-2024,organic,mobile,India
2239632,05-04-2024,organic,desktop,UK
1646236,24-04-2024,email,mobile,Germany
1334142,09-04-2024,ads,tablet,USA
1877137,10-01-2024,ads,tablet,UK
1998462,14-01-2024,social,mobile,India
1772739,02-03-2024,referral,mobile,India
1794880,11-01-2024,organic,mobile,USA
4464880,29-02-2024,ads,desktop,Germany
3268631,12-03-2024,organic,mobile,India
2022811,09-03-2024,social,desktop,USA
4606456,17-01-2024,email,mobile,India
1251118,20-03-2024,organic,mobile,India
4301541,08-01-2024,ads,mobile,India
4675167,23-01-2024,organic,mobile,Australia
3532773,03-01-2024,referral,tablet,India
3741476,26-02-2024,ads,mobile,USA
2325630,22-01-2024,organic,mobile,USA
3921294,10-01-2024,ads,mobile,India
4693563,07-01-2024,ads,mobile,India
4643128,05-03-2024,email,mobile,USA
1891804,28-01-2024,organic,desktop,UK
2679543,12-01-2024,ads,desktop,UK
4868199,28-01-2024,ads,mobile,USA
3210867,10-01-2024,organic,desktop,India
4888212,01-03-2024,organic,tablet,India
3480854,15-02-2024,referral,tablet,USA
4153692,04-02-2024,social,tablet,India
1870057,25-04-2024,organic,mobile,India
4460231,29-02-2024,ads,mobile,India
4516410,17-02-2024,email,mobile,India
1530284,14-03-2024,organic,mobile,USA
3709030,06-01-2024,social,desktop,Germany
3182355,11-01-2024,organic,tablet,India
2562625,07-05-2024,social,mobile,India
1476852,10-01-2024,email,mobile,India
1870882,10-01-2024,organic,mobile,USA
1751864,20-02-2024,ads,desktop,India
4323277,11-01-2024,social,mobile,Canada
1657457,26-01-2024,organic,tablet,India
4040170,08-02-2024,email,desktop,USA
3308267,20-01-2024,organic,mobile,UK
3943661,01-02-2024,ads,tablet,Germany
4174751,07-01-2024,referral,desktop,Germany
4982438,12-01-2024,ads,mobile,Canada
4148337,08-01-2024,organic,desktop,USA
3628145,15-03-2024,ads,mobile,India
4707118,13-01-2024,social,mobile,USA
2457037,15-02-2024,ads,mobile,USA
1982522,11-02-2024,ads,tablet,USA
4170928,11-01-2024,organic,mobile,UK
1461259,28-04-2024,organic,desktop,India
3947318,22-01-2024,organic,tablet,India
4070430,03-01-2024,organic,mobile,UK
2015468,16-02-2024,referral,mobile,India
3604355,06-01-2024,organic,mobile,India
2422902,11-01-2024,ads,mobile,India
2018780,22-01-2024,email,tablet,India
1202420,17-01-2024,organic,mobile,USA
4030949,08-03-2024,organic,desktop,India
4219094,07-03-2024,ads,mobile,USA
1134190,01-02-2024,referral,mobile,USA
4136171,23-03-2024,social,mobile,India
2246829,09-01-2024,ads,mobile,India
2372546,03-01-2024,ads,desktop,USA
4937497,06-01-2024,organic,mobile,Germany
1247114,14-01-2024,ads,mobile,India
4998501,19-01-2024,organic,mobile,India
2882936,09-01-2024,ads,mobile,India
1959897,14-04-2024,organic,mobile,USA
3052692,01-03-2024,referral,tablet,UK
4382565,15-02-2024,ads,mobile,India
1625639,01-03-2024,organic,mobile,Germany
2310514,15-02-2024,ads,mobile,India
1831185,20-01-2024,organic,mobile,India
1457448,23-02-2024,organic,desktop,Canada
3288916,17-01-2024,ads,desktop,India
3077691,09-02-2024,ads,desktop,Germany
1308476,26-02-2024,organic,mobile,India
2090871,07-01-2024,ads,desktop,India
2248653,06-04-2024,email,mobile,India
1753973,16-06-2024,organic,mobile,India
2607567,24-01-2024,social,mobile,USA
1946360,17-03-2024,ads,mobile,India
4840785,07-01-2024,referral,mobile,India
3487535,18-01-2024,ads,mobile,India
4057202,15-04-2024,organic,mobile,India
2976168,25-05-2024,email,mobile,Australia
2513765,01-02-2024,organic,tablet,India
2053266,10-01-2024,referral,mobile,Canada
2546133,04-01-2024,referral,mobile,Australia
3665560,02-01-2024,organic,tablet,India
2527436,11-01-2024,referral,mobile,India
3878704,25-01-2024,ads,mobile,India
1467354,23-01-2024,organic,mobile,India
1461936,13-01-2024,ads,desktop,UK
4209751,10-01-2024,social,desktop,Canada
2106815,10-02-2024,organic,mobile,India
3309825,04-01-2024,organic,desktop,UK
1497271,04-02-2024,referral,desktop,USA
1927261,06-02-2024,referral,mobile,USA
3426581,04-03-2024,ads,mobile,India
1845440,11-01-2024,organic,mobile,India
3889552,16-01-2024,ads,mobile,India
4914259,21-03-2024,social,desktop,India
2927974,08-01-2024,organic,mobile,India
1471552,17-01-2024,organic,mobile,India
2183842,09-01-2024,organic,mobile,India
1484087,22-03-2024,organic,desktop,India
2251576,07-02-2024,social,mobile,UK
1510215,02-03-2024,ads,mobile,India
1919617,22-01-2024,organic,mobile,USA
1470349,26-03-2024,ads,mobile,Australia
4818392,15-01-2024,organic,mobile,USA
3572332,07-01-2024,organic,desktop,India
2840485,15-01-2024,organic,desktop,Canada
3764304,01-04-2024,ads,desktop,UK
1995594,08-01-2024,organic,desktop,India
3473273,28-01-2024,organic,tablet,Canada
4126106,07-03-2024,organic,mobile,USA
1849987,22-01-2024,organic,desktop,India
1178002,17-01-2024,organic,tablet,India
4878603,14-02-2024,ads,mobile,India
3936347,13-02-2024,ads,mobile,Canada
2613352,08-04-2024,ads,desktop,USA
4174670,29-02-2024,organic,desktop,India
2949454,05-01-2024,referral,mobile,India
3827263,17-01-2024,ads,mobile,India
1579597,06-01-2024,referral,mobile,USA
3959566,22-01-2024,organic,mobile,India
2650202,30-03-2024,organic,mobile,UK
2944708,08-05-2024,referral,mobile,India
3626215,11-01-2024,organic,tablet,Canada
3790135,03-01-2024,ads,mobile,India
4563973,27-01-2024,organic,desktop,USA
2473859,16-01-2024,organic,desktop,India
4402544,15-01-2024,organic,desktop,India
1111138,13-04-2024,ads,mobile,USA
2225657,06-01-2024,ads,mobile,USA
4110086,02-02-2024,email,mobile,India
3177676,04-01-2024,referral,mobile,India
2256935,07-01-2024,organic,desktop,India
3156133,18-06-2024,social,mobile,India
4967932,05-04-2024,organic,desktop,Canada
4250377,10-01-2024,referral,mobile,India
1166956,20-02-2024,ads,mobile,USA
4875471,09-01-2024,referral,mobile,India
3945092,26-01-2024,referral,mobile,Australia
1641283,12-01-2024,organic,mobile,India
4868420,31-01-2024,ads,tablet,Germany
3032909,01-01-2024,ads,mobile,India
3932885,06-01-2024,organic,mobile,India
2629568,01-02-2024,organic,mobile,India
4108949,24-01-2024,referral,desktop,India
2386121,07-02-2024,ads,mobile,India
1377820,06-07-2024,email,mobile,India
1451631,11-01-2024,organic,mobile,USA
4075403,01-04-2024,referral,mobile,UK
3988166,10-01-2024,organic,desktop,India
4040686,04-05-2024,organic,desktop,India
4983518,03-01-2024,email,desktop,India
4425032,02-02-2024,ads,mobile,India
2552558,27-01-2024,referral,desktop,India
4269559,27-01-2024,organic,tablet,India
4697512,02-01-2024,email,desktop,India
2429190,25-02-2024,email,mobile,India
2067079,09-02-2024,referral,desktop,India
4588652,20-01-2024,organic,mobile,India
3467544,28-02-2024,ads,mobile,India
1429548,01-01-2024,ads,mobile,USA
3149242,02-01-2024,ads,mobile,Germany
2106315,14-01-2024,referral,mobile,India
3352624,18-02-2024,ads,mobile,India
3672331,10-02-2024,organic,mobile,India
2967641,07-03-2024,referral,mobile,UK
1693603,08-03-2024,organic,tablet,India
1025332,09-01-2024,ads,desktop,USA
1922681,10-02-2024,organic,mobile,UK
1222572,07-01-2024,email,mobile,India
3250318,12-03-2024,organic,mobile,UK
2125126,06-01-2024,organic,tablet,India
3988924,22-01-2024,social,desktop,India
1779682,02-02-2024,organic,tablet,Canada
3255726,13-04-2024,organic,mobile,India
1045599,18-01-2024,email,desktop,USA
2790666,20-03-2024,ads,mobile,Canada
1878996,03-01-2024,organic,desktop,India
1179552,31-01-2024,organic,desktop,India
3428172,01-02-2024,organic,desktop,UK
3963747,17-04-2024,ads,mobile,Canada
4410357,04-02-2024,organic,desktop,India
3546322,11-02-2024,organic,mobile,India
1220188,07-01-2024,organic,desktop,India
2303961,04-01-2024,referral,mobile,USA
1833824,02-03-2024,organic,mobile,India
1825750,23-01-2024,ads,mobile,India
1453160,12-03-2024,ads,mobile,India
3998122,05-01-2024,email,mobile,USA
2497285,30-05-2024,email,desktop,USA
3502710,08-01-2024,ads,tablet,Canada
4606713,23-01-2024,email,desktop,Australia
4468008,10-01-2024,organic,desktop,UK
2662318,29-01-2024,organic,desktop,India
3638736,05-03-2024,organic,mobile,USA
3214465,05-02-2024,ads,desktop,USA
2119928,20-01-2024,organic,mobile,India
3795204,29-01-2024,social,desktop,India
3380774,11-01-2024,organic,desktop,India
4150633,02-01-2024,organic,tablet,USA
1252631,02-01-2024,email,mobile,India
4476661,07-01-2024,organic,tablet,India
3828720,09-01-2024,organic,mobile,India
2660849,06-04-2024,organic,tablet,India
1272976,01-01-2024,ads,desktop,Germany
1062745,24-02-2024,referral,mobile,India
1801556,21-02-2024,organic,mobile,India
3464043,20-06-2024,organic,mobile,India
4593165,17-03-2024,organic,desktop,India
3810439,12-01-2024,organic,mobile,India
1498570,30-03-2024,email,mobile,Canada
1355017,21-02-2024,organic,mobile,UK
4952416,10-02-2024,organic,mobile,Germany
3838548,05-01-2024,organic,mobile,India
3872535,06-01-2024,ads,mobile,India
4690803,25-01-2024,organic,mobile,India
1408854,07-02-2024,email,mobile,Australia
4775264,02-01-2024,organic,mobile,Canada
1545338,30-01-2024,ads,mobile,USA
3691112,24-01-2024,email,mobile,UK
2148334,29-01-2024,email,tablet,India
2913106,07-06-2024,email,mobile,Canada
1504023,24-03-2024,ads,mobile,Australia
4467266,03-02-2024,referral,mobile,Germany
1080933,03-01-2024,ads,mobile,India
3925049,23-01-2024,organic,mobile,India
4846135,18-03-2024,email,mobile,India
4339212,09-03-2024,ads,mobile,India
3648356,06-01-2024,ads,mobile,India
1152812,02-01-2024,email,mobile,India
4072296,05-03-2024,referral,mobile,India
3416838,02-01-2024,ads,mobile,Canada
2447572,03-01-2024,ads,mobile,Germany
2020356,24-03-2024,ads,mobile,USA
4349268,01-02-2024,organic,mobile,USA
1543928,12-01-2024,organic,mobile,India
1306192,10-01-2024,organic,mobile,Australia
1160114,08-05-2024,organic,mobile,India
2445819,17-02-2024,ads,mobile,India
1393810,06-01-2024,organic,desktop,India
2948200,07-01-2024,organic,desktop,Canada
3239879,08-02-2024,ads,mobile,Germany
4993280,29-05-2024,organic,desktop,India
3353549,19-02-2024,referral,tablet,India
2437697,03-01-2024,ads,mobile,UK
3416517,25-02-2024,organic,mobile,Australia
1697603,19-01-2024,email,mobile,India
4687881,27-01-2024,organic,mobile,India
2928642,10-04-2024,organic,desktop,India
2076184,10-01-2024,ads,mobile,India
4676914,09-01-2024,ads,mobile,India
4502327,08-01-2024,email,desktop,India
2171136,26-03-2024,email,mobile,India
2885208,12-02-2024,organic,desktop,USA
3266477,06-03-2024,email,desktop,India
1036855,28-02-2024,ads,desktop,USA
4214855,20-03-2024,ads,mobile,India
2777696,20-02-2024,organic,tablet,USA
2667898,14-02-2024,organic,mobile,India
2812913,01-01-2024,organic,mobile,Australia
4334506,02-02-2024,organic,tablet,India
1499950,15-01-2024,ads,tablet,India
4196673,24-01-2024,referral,mobile,India
2904072,22-03-2024,organic,mobile,USA
1374087,29-01-2024,ads,mobile,India
2983208,14-01-2024,ads,desktop,India
2070693,09-01-2024,organic,mobile,USA
2970188,09-01-2024,organic,desktop,India
1542907,02-07-2024,organic,mobile,USA
3815524,07-01-2024,organic,desktop,India
4774722,18-04-2024,organic,mobile,India
2617831,27-02-2024,ads,mobile,USA
1781442,11-04-2024,organic,tablet,India
1514858,16-01-2024,ads,mobile,India
1762818,23-01-2024,email,mobile,USA
2610609,23-02-2024,ads,desktop,India
3064235,25-01-2024,email,mobile,Australia
1668180,08-05-2024,ads,mobile,Australia
3854141,07-03-2024,ads,desktop,Germany
3079998,05-01-2024,organic,mobile,UK
1476573,02-01-2024,organic,tablet,India
4987832,01-02-2024,ads,mobile,Australia
4701289,01-01-2024,ads,mobile,Germany
1553666,26-03-2024,social,desktop,USA
2263915,23-03-2024,organic,mobile,UK
2028318,28-02-2024,email,mobile,India
3110210,29-02-2024,organic,desktop,Canada
4161386,05-02-2024,organic,desktop,India
4184798,10-01-2024,ads,mobile,India
3485563,18-01-2024,ads,mobile,USA
4150450,04-02-2024,ads,mobile,USA
4867016,07-01-2024,ads,mobile,Canada
1673991,21-05-2024,ads,tablet,India
4229698,08-04-2024,email,mobile,India
4756751,12-01-2024,referral,mobile,India
3449006,17-02-2024,referral,mobile,Germany
3098171,30-01-2024,email,mobile,Germany
3543597,09-01-2024,email,mobile,India
3741193,23-02-2024,email,desktop,India
3747490,17-01-2024,social,mobile,USA
2606314,03-02-2024,email,tablet,India
4023521,27-02-2024,ads,desktop,India
4274770,20-01-2024,organic,mobile,India
1268241,08-03-2024,referral,mobile,Canada
2376937,12-04-2024,email,desktop,India
4099654,18-01-2024,organic,mobile,India
3160861,04-06-2024,ads,desktop,UK
4606565,26-01-2024,ads,desktop,India
1876999,06-03-2024,email,mobile,India
1771154,04-01-2024,referral,desktop,India
4518396,16-04-2024,email,desktop,USA
2896823,27-02-2024,ads,mobile,USA
2953424,03-02-2024,ads,mobile,UK
1058835,17-03-2024,ads,mobile,India
3827692,07-01-2024,organic,desktop,India
1599673,16-03-2024,referral,mobile,India
2728784,06-03-2024,organic,desktop,India
2140106,04-01-2024,organic,desktop,USA
2183238,18-01-2024,ads,desktop,USA
4514427,14-01-2024,organic,mobile,Canada
1861156,15-01-2024,organic,mobile,UK
3436791,22-02-2024,social,mobile,India
4888049,04-01-2024,organic,mobile,USA
4392189,06-01-2024,email,tablet,Australia
3647883,25-02-2024,organic,mobile,Australia
2462861,21-01-2024,organic,desktop,USA
2543351,20-01-2024,organic,mobile,USA
1961504,06-01-2024,ads,mobile,India
2384961,15-01-2024,organic,mobile,India
4533556,09-03-2024,ads,desktop,India
3559843,13-02-2024,organic,tablet,Australia
2726636,27-01-2024,ads,desktop,Canada
1898297,14-03-2024,email,mobile,Canada
2333504,26-01-2024,organic,mobile,India
4856320,15-04-2024,organic,mobile,India
1177346,20-01-2024,ads,mobile,USA
1815975,20-02-2024,organic,mobile,USA
4025025,01-02-2024,email,mobile,USA
4108210,19-01-2024,organic,mobile,India
2801687,04-01-2024,organic,mobile,UK
3417700,09-01-2024,organic,mobile,India
3679592,05-02-2024,organic,mobile,India
1299799,21-04-2024,referral,desktop,Germany
3024116,24-01-2024,ads,mobile,India
4663340,26-01-2024,social,tablet,India
3452656,25-01-2024,ads,mobile,Germany
1974118,05-02-2024,organic,desktop,India
1811744,22-02-2024,ads,mobile,Canada
1912694,21-01-2024,email,desktop,Australia
3335859,30-01-2024,referral,mobile,India
2339213,01-01-2024,email,mobile,Canada
3373184,06-02-2024,organic,mobile,India
2213848,13-02-2024,organic,desktop,India
1695567,28-04-2024,email,mobile,Germany
3271111,20-04-2024,ads,desktop,India
4399236,06-04-2024,ads,mobile,India
4945316,20-01-2024,ads,mobile,Germany
4379102,09-02-2024,organic,mobile,India
1192273,15-02-2024,organic,mobile,Australia
2230881,29-01-2024,organic,tablet,India
2715726,17-02-2024,email,mobile,UK
1867675,17-03-2024,ads,mobile,India
1777222,24-02-2024,organic,desktop,India
3258087,26-01-2024,ads,desktop,USA
1861646,20-01-2024,organic,desktop,Australia
4416859,02-01-2024,ads,desktop,India
3183804,01-03-2024,ads,mobile,Germany
4656338,14-03-2024,ads,mobile,USA
4059683,05-03-2024,organic,desktop,India
1091017,05-01-2024,referral,mobile,India
1945232,05-03-2024,organic,mobile,USA
2365190,29-01-2024,email,mobile,UK
2734123,03-01-2024,ads,desktop,India
2128271,16-01-2024,organic,mobile,India
4367864,12-03-2024,ads,mobile,India
1059820,08-01-2024,organic,mobile,India
1012977,14-03-2024,organic,mobile,India
3906894,25-02-2024,ads,tablet,India
4085130,27-02-2024,organic,mobile,Canada
1756906,16-04-2024,referral,mobile,India
4840382,20-01-2024,email,mobile,India
2586712,21-01-2024,ads,mobile,Germany
4894139,10-02-2024,organic,desktop,India
3717323,25-01-2024,organic,mobile,India
3238072,06-06-2024,organic,mobile,India
1156935,17-02-2024,organic,mobile,India
2055067,25-03-2024,organic,desktop,India
2580833,02-02-2024,email,desktop,India
1216199,06-01-2024,email,tablet,India
2040670,05-01-2024,ads,mobile,India
4450523,21-02-2024,ads,desktop,India
2215982,05-02-2024,organic,desktop,India
1055788,30-01-2024,ads,mobile,India
2259023,01-01-2024,email,desktop,India
4931684,16-01-2024,ads,mobile,India
3702910,07-01-2024,ads,desktop,USA
1226430,14-02-2024,ads,mobile,India
4229319,16-01-2024,organic,mobile,India
1617490,24-02-2024,organic,mobile,India
3109206,13-02-2024,organic,tablet,USA
4124289,07-06-2024,social,mobile,Germany
3586371,25-03-2024,ads,mobile,India
3917535,25-01-2024,organic,mobile,USA
4620003,31-01-2024,organic,mobile,UK
4429297,16-06-2024,organic,desktop,India
2703919,03-01-2024,ads,mobile,India
4183889,31-01-2024,organic,tablet,India
4910328,01-01-2024,email,mobile,Canada
4748793,18-03-2024,email,desktop,India
1775526,11-04-2024,email,mobile,India
3499618,28-01-2024,organic,mobile,Canada
1074180,18-03-2024,ads,mobile,USA
2045795,14-01-2024,email,desktop,USA
4638663,04-01-2024,organic,desktop,India
1109293,13-03-2024,ads,desktop,UK
2811143,02-01-2024,ads,tablet,USA
4647652,11-03-2024,referral,mobile,India
3279851,19-01-2024,organic,tablet,USA
1875411,17-02-2024,email,mobile,India
1663050,01-02-2024,organic,mobile,India
1787138,12-01-2024,email,mobile,India
1775331,23-01-2024,referral,desktop,India
2316709,21-02-2024,ads,mobile,UK
2195713,11-03-2024,organic,mobile,UK
3718123,19-01-2024,organic,mobile,India
3313553,30-01-2024,email,mobile,India
1905397,05-02-2024,referral,mobile,India
2872249,27-01-2024,organic,mobile,Australia
4214957,08-01-2024,organic,desktop,India
2596818,02-01-2024,organic,mobile,UK
2563639,22-03-2024,referral,desktop,India
2102947,02-08-2024,ads,mobile,UK
2829268,31-01-2024,ads,desktop,Canada
3980158,03-01-2024,email,desktop,India
4395808,14-02-2024,organic,mobile,India
2065387,07-01-2024,organic,mobile,USA
4563451,19-04-2024,social,mobile,Germany
3413498,03-02-2024,ads,mobile,India
2307561,02-02-2024,ads,mobile,USA
4510622,16-05-2024,email,tablet,USA
1669887,07-01-2024,referral,desktop,USA
3926578,17-01-2024,ads,tablet,India
2297120,30-01-2024,social,tablet,USA
1012997,10-02-2024,organic,mobile,India
1528506,23-01-2024,organic,tablet,USA
1708939,20-01-2024,ads,mobile,India
2163313,05-02-2024,organic,tablet,Australia
1464178,06-01-2024,ads,mobile,India
3779363,24-06-2024,organic,mobile,India
3455060,25-02-2024,organic,mobile,India
2836929,03-07-2024,organic,desktop,India
3694876,11-01-2024,organic,desktop,India
4528548,06-01-2024,ads,tablet,India
2159036,09-03-2024,ads,mobile,India
1481312,18-01-2024,ads,mobile,UK
2652025,28-09-2024,ads,mobile,India
4896933,25-01-2024,ads,desktop,USA
4667795,14-01-2024,email,mobile,India
2882583,24-01-2024,organic,tablet,Canada
4879217,03-02-2024,email,mobile,India
4286675,11-03-2024,organic,mobile,USA
1260704,24-05-2024,ads,mobile,India
1304697,06-02-2024,organic,mobile,USA
1453494,19-01-2024,ads,mobile,USA
2440166,15-01-2024,ads,mobile,India
4249998,08-01-2024,ads,mobile,India
3999396,01-02-2024,organic,desktop,Germany
1605205,29-01-2024,ads,mobile,India
3300916,10-02-2024,organic,mobile,India
3246318,15-03-2024,organic,mobile,India
1829117,08-01-2024,ads,mobile,India
4117758,10-04-2024,ads,mobile,India
2298272,25-01-2024,organic,desktop,USA
2449238,12-01-2024,ads,mobile,Germany
1147448,10-01-2024,ads,mobile,India
2802813,14-02-2024,email,mobile,India
1156774,15-02-2024,referral,mobile,India
1497923,19-04-2024,organic,tablet,Germany
4763272,29-02-2024,referral,tablet,Germany
2951854,05-07-2024,organic,tablet,India
1111085,29-01-2024,referral,mobile,USA
2415934,07-05-2024,referral,desktop,India
4909389,23-02-2024,email,mobile,USA
3421395,18-01-2024,ads,mobile,USA
3616807,30-10-2024,ads,desktop,USA
3747631,01-01-2024,organic,mobile,USA
2358250,28-01-2024,email,mobile,India
4036770,01-01-2024,ads,desktop,India
4592208,27-01-2024,ads,mobile,India
2606155,18-01-2024,ads,mobile,USA
4120665,27-03-2024,organic,mobile,India
3004221,03-02-2024,ads,mobile,Germany
4967780,08-01-2024,email,mobile,Canada
3303605,27-01-2024,organic,desktop,India
4294194,09-01-2024,organic,mobile,USA
1655697,29-02-2024,ads,mobile,Canada
3758459,05-02-2024,organic,desktop,India
1715062,07-04-2024,referral,mobile,India
1127593,05-01-2024,organic,mobile,India
1622804,28-01-2024,ads,desktop,UK
3582172,05-01-2024,ads,desktop,Canada
1251417,06-05-2024,ads,tablet,USA
1126518,09-01-2024,email,mobile,India
1687878,27-02-2024,ads,desktop,India
1553561,15-03-2024,organic,desktop,Germany
1042833,02-01-2024,ads,mobile,Germany
1616292,10-02-2024,organic,desktop,USA
2135226,02-06-2024,organic,desktop,UK
4312527,08-02-2024,organic,tablet,UK
3373279,23-01-2024,ads,desktop,India
2899528,03-02-2024,referral,desktop,USA
2872717,04-07-2024,organic,desktop,India
3684776,23-02-2024,ads,tablet,India
2936114,03-03-2024,organic,desktop,UK
2851542,06-01-2024,organic,mobile,India
4688985,14-01-2024,referral,mobile,India
4477027,04-02-2024,ads,mobile,USA
1364669,08-02-2024,organic,desktop,USA
2610315,03-01-2024,social,mobile,India
2488066,01-01-2024,social,mobile,India
2658695,06-03-2024,organic,mobile,USA
2246513,11-02-2024,ads,mobile,USA
1612937,21-01-2024,email,mobile,Germany
1937692,27-04-2024,organic,desktop,USA
1094732,02-02-2024,ads,desktop,USA
2964377,12-01-2024,ads,desktop,USA
2892397,20-01-2024,organic,tablet,India
4137098,22-03-2024,organic,mobile,UK
2069961,12-02-2024,ads,mobile,UK
2083383,28-01-2024,social,mobile,USA
2910374,25-01-2024,organic,mobile,India
2037725,16-01-2024,organic,mobile,India
4117902,12-01-2024,organic,desktop,UK
2582001,25-03-2024,organic,mobile,India
3771243,01-01-2024,ads,mobile,India
4187169,28-05-2024,ads,mobile,India
4995571,24-03-2024,organic,mobile,USA
2359757,25-01-2024,ads,mobile,India
1774266,11-01-2024,organic,desktop,India
2038252,24-02-2024,organic,desktop,India
2891380,06-01-2024,organic,mobile,Australia
4113939,03-02-2024,ads,mobile,India
1978658,11-04-2024,ads,desktop,India
3010401,18-01-2024,referral,desktop,Germany
2433904,26-03-2024,referral,desktop,India
1730881,10-01-2024,organic,desktop,India
2420954,10-01-2024,ads,mobile,India
4416372,18-03-2024,ads,tablet,UK
3725725,20-01-2024,ads,mobile,UK
1774603,22-02-2024,organic,mobile,India
3067653,04-02-2024,referral,tablet,India
2501048,01-01-2024,organic,mobile,India
3531380,06-01-2024,organic,mobile,India
1345148,06-02-2024,ads,mobile,UK
4194079,07-02-2024,ads,desktop,India
4490893,10-05-2024,ads,mobile,Australia
2799902,19-01-2024,organic,mobile,India
4784168,28-01-2024,ads,mobile,India
2995205,06-01-2024,organic,mobile,Australia
2017646,01-01-2024,organic,tablet,India
3507846,04-02-2024,ads,desktop,India
4239320,09-03-2024,social,mobile,India
3502711,28-04-2024,ads,desktop,India
3330444,25-01-2024,organic,mobile,India
4966986,16-01-2024,organic,mobile,Germany
4920585,07-03-2024,referral,desktop,UK
3200364,08-07-2024,referral,mobile,India
1516863,26-03-2024,organic,mobile,Australia
1922671,23-04-2024,organic,desktop,India
4578196,06-04-2024,organic,mobile,USA
3985761,19-02-2024,email,desktop,Australia
4306046,12-02-2024,referral,mobile,USA
3185369,08-01-2024,organic,mobile,USA
2550053,09-02-2024,ads,desktop,India
4608309,22-01-2024,ads,mobile,India
3331619,01-01-2024,organic,tablet,India
3353143,18-01-2024,ads,mobile,UK
2261040,13-02-2024,social,mobile,Australia
1970011,26-03-2024,organic,tablet,Germany
1017232,26-02-2024,email,mobile,India
1076832,07-04-2024,ads,mobile,India
3170615,09-01-2024,organic,mobile,UK
1203231,13-02-2024,organic,desktop,Germany
3843172,04-01-2024,referral,desktop,USA
1435315,24-02-2024,organic,mobile,Germany
4486401,28-02-2024,ads,desktop,Germany
4673904,21-01-2024,ads,desktop,USA
1464446,07-01-2024,ads,desktop,India
4870084,04-02-2024,organic,desktop,India
4606057,04-03-2024,referral,desktop,USA
2002835,04-01-2024,ads,desktop,India
4935486,19-01-2024,ads,mobile,India
3121851,20-01-2024,organic,mobile,UK
2371326,27-03-2024,ads,desktop,India
3378921,02-01-2024,referral,tablet,Germany
4685008,18-02-2024,social,desktop,USA
1506084,16-01-2024,organic,tablet,India
4027456,01-01-2024,organic,mobile,India
4215628,17-01-2024,ads,mobile,India
1024667,16-01-2024,organic,desktop,India
3378482,22-01-2024,ads,mobile,India
4001614,03-05-2024,ads,desktop,India
3991181,28-02-2024,organic,desktop,USA
1130260,21-01-2024,email,mobile,UK
2059252,01-01-2024,organic,mobile,India
1115774,14-02-2024,organic,desktop,Germany
3394167,21-01-2024,organic,mobile,India
4138237,25-01-2024,organic,tablet,India
4857336,05-01-2024,organic,mobile,India
3123996,23-01-2024,organic,desktop,Germany
1388058,03-01-2024,social,mobile,India
1880342,15-01-2024,organic,mobile,India
4244077,05-02-2024,organic,desktop,Australia
3586341,01-01-2024,ads,mobile,Canada
4796022,04-01-2024,ads,desktop,USA
2316928,14-02-2024,ads,mobile,UK
3836589,24-01-2024,organic,desktop,UK
1567870,06-02-2024,organic,tablet,India
3756449,02-01-2024,ads,mobile,India
4416718,02-01-2024,organic,tablet,USA
3659410,10-01-2024,referral,desktop,India
4701213,30-01-2024,ads,mobile,USA
1741899,16-02-2024,email,mobile,Canada
1492535,26-05-2024,ads,mobile,India
1785599,13-01-2024,ads,mobile,UK
1702234,09-02-2024,organic,mobile,India
2876379,09-02-2024,ads,mobile,USA
2108564,12-01-2024,ads,mobile,India
3746906,28-01-2024,organic,desktop,USA
3549644,14-02-2024,ads,desktop,Canada
1449196,22-03-2024,ads,mobile,USA
1875843,16-01-2024,social,mobile,India
2134264,27-02-2024,organic,mobile,Germany
1657378,27-03-2024,ads,desktop,India
1535963,10-01-2024,organic,desktop,USA
1205899,16-05-2024,organic,desktop,USA
2842831,12-01-2024,ads,tablet,UK
2549072,02-01-2024,referral,mobile,India
2644592,03-04-2024,organic,mobile,Canada
4074375,19-01-2024,organic,mobile,India
1903521,08-03-2024,email,mobile,UK
2461431,11-02-2024,organic,mobile,India
3619235,04-01-2024,ads,mobile,Australia
4532278,07-07-2024,email,mobile,Canada
3345656,09-03-2024,social,mobile,India
1590568,01-03-2024,organic,mobile,Germany
3184739,14-03-2024,organic,desktop,India
2380166,02-01-2024,organic,desktop,Canada
2503157,17-03-2024,ads,tablet,USA
1412311,17-05-2024,ads,mobile,Germany
1898945,31-01-2024,email,desktop,India
1977808,20-04-2024,ads,tablet,India
1918286,29-02-2024,organic,mobile,Australia
4168670,02-01-2024,organic,mobile,India
4641035,03-02-2024,organic,desktop,Australia
1656359,06-01-2024,organic,mobile,India
2767112,02-01-2024,ads,mobile,India
1482147,22-03-2024,email,mobile,India
4700547,27-02-2024,organic,mobile,India
1047221,27-02-2024,organic,desktop,UK
4799889,23-01-2024,ads,mobile,UK
3963402,05-01-2024,social,desktop,India
1272913,04-04-2024,organic,mobile,UK
3170248,28-03-2024,email,mobile,India
4622984,05-01-2024,referral,mobile,India
4234294,09-01-2024,organic,mobile,India
4279297,13-01-2024,referral,mobile,India
4191929,08-03-2024,referral,desktop,USA
3047725,10-01-2024,organic,mobile,Germany
1749816,09-01-2024,referral,desktop,India
3902721,11-03-2024,email,mobile,India
1102080,13-01-2024,ads,mobile,India
1484691,15-01-2024,email,mobile,India
1187232,12-01-2024,referral,mobile,India
1839480,04-01-2024,ads,tablet,UK
2785529,14-03-2024,email,mobile,India
2604617,08-01-2024,organic,mobile,India
4513323,10-01-2024,social,mobile,UK
2694473,20-01-2024,email,desktop,India
1411280,22-01-2024,organic,mobile,UK
4375739,01-01-2024,organic,mobile,UK
1118744,17-02-2024,referral,desktop,India
3848275,28-01-2024,ads,tablet,USA
1537079,02-02-2024,ads,tablet,USA
2691035,23-02-2024,organic,desktop,USA
1360029,02-02-2024,organic,tablet,India
1522641,15-01-2024,ads,mobile,India
2338446,15-02-2024,organic,mobile,USA
3936206,05-01-2024,ads,mobile,India
1638410,22-03-2024,organic,desktop,India
2495753,19-03-2024,organic,desktop,India
3209743,11-01-2024,ads,desktop,USA
4858878,06-02-2024,organic,mobile,Germany
4266980,14-04-2024,organic,desktop,India
4793398,25-01-2024,email,mobile,UK
2669510,06-01-2024,ads,desktop,Germany
4268858,04-01-2024,organic,tablet,India
3186336,03-02-2024,organic,mobile,Canada
2233560,19-01-2024,organic,mobile,UK
1858189,01-01-2024,ads,mobile,Germany
4133859,06-01-2024,organic,mobile,India
1101821,12-01-2024,organic,tablet,India
1946691,01-01-2024,organic,tablet,India
3318702,14-01-2024,ads,tablet,India
3978051,06-01-2024,organic,desktop,India
2847461,19-01-2024,organic,mobile,USA
3300042,24-02-2024,referral,mobile,Germany
4837329,14-01-2024,referral,mobile,USA
2263263,02-01-2024,organic,desktop,Germany
1518298,06-02-2024,organic,mobile,Australia
3668682,29-01-2024,ads,mobile,India
3096708,01-07-2024,organic,desktop,India
1004441,29-01-2024,ads,desktop,India
1052746,28-01-2024,referral,mobile,USA
2045327,07-01-2024,organic,mobile,India
2396251,20-01-2024,organic,desktop,India
1644741,02-02-2024,organic,desktop,UK
1634138,19-02-2024,organic,mobile,Canada
2751661,23-01-2024,referral,mobile,USA
3806103,04-03-2024,organic,desktop,India
4618650,16-06-2024,ads,desktop,UK
4667442,15-03-2024,ads,tablet,Canada
2618728,01-02-2024,organic,mobile,USA
4082195,05-03-2024,social,mobile,India
1234614,29-02-2024,ads,desktop,India
3010945,05-01-2024,organic,desktop,Germany
2446969,04-01-2024,referral,mobile,India
4957637,06-03-2024,organic,desktop,Canada
1432571,02-01-2024,referral,mobile,India
4197803,01-01-2024,ads,mobile,India
3507929,26-04-2024,email,desktop,India
2684636,01-01-2024,ads,desktop,UK
2918780,08-01-2024,ads,mobile,Germany
4866561,23-02-2024,organic,desktop,India
1821921,16-03-2024,organic,mobile,India
2587458,19-01-2024,ads,mobile,Canada
1131974,13-01-2024,organic,mobile,UK
2497941,23-02-2024,organic,mobile,USA
4296364,04-01-2024,ads,desktop,India
1960473,27-01-2024,organic,mobile,USA
1568656,24-01-2024,ads,desktop,India
1466189,12-02-2024,organic,mobile,India
4234162,15-02-2024,ads,mobile,USA
2316034,05-03-2024,organic,mobile,India
4507070,17-03-2024,ads,desktop,UK
1908694,02-03-2024,organic,mobile,India
2143934,11-01-2024,ads,tablet,USA
3067806,08-01-2024,ads,mobile,India
1970713,19-01-2024,organic,mobile,USA
4604092,08-01-2024,organic,mobile,Germany
1851339,06-01-2024,organic,tablet,India
2925925,12-01-2024,ads,desktop,Canada
2636210,07-04-2024,social,mobile,Australia
4893148,03-01-2024,ads,mobile,Germany
1029424,06-01-2024,ads,mobile,India
3615709,01-02-2024,organic,mobile,India
1185233,20-01-2024,social,mobile,India
3346213,13-01-2024,email,desktop,India
4323886,26-02-2024,organic,mobile,UK
3845849,17-02-2024,ads,tablet,India
3160074,16-01-2024,ads,mobile,Germany
3779569,26-01-2024,organic,desktop,Canada
3998563,17-01-2024,organic,mobile,UK
3210959,05-03-2024,organic,mobile,Germany
3050607,10-02-2024,ads,mobile,India
1992687,25-01-2024,ads,desktop,UK
3125031,22-02-2024,organic,mobile,Canada
1332781,19-02-2024,referral,desktop,Australia
3926485,27-01-2024,ads,desktop,India
2150640,30-05-2024,organic,mobile,India
1633180,03-02-2024,organic,mobile,India
2656669,03-01-2024,ads,mobile,India
1467417,07-01-2024,organic,mobile,India
1376264,25-04-2024,ads,mobile,India
3680506,10-01-2024,ads,mobile,India
1559542,07-03-2024,ads,tablet,USA
4224676,04-01-2024,ads,desktop,Germany
4961891,11-05-2024,organic,mobile,USA
4683853,02-01-2024,referral,desktop,India
4491067,11-02-2024,email,mobile,Canada
2474995,03-02-2024,organic,mobile,India
2914099,08-02-2024,ads,mobile,Germany
4834220,10-03-2024,ads,desktop,India
3549706,01-01-2024,referral,desktop,Germany
1465226,21-07-2024,organic,mobile,India
2859562,02-01-2024,referral,mobile,Canada
2240188,05-01-2024,ads,mobile,India
3047396,06-03-2024,referral,mobile,UK
2799172,21-04-2024,referral,desktop,Canada
2189771,27-02-2024,ads,mobile,India
3935780,02-02-2024,ads,tablet,India
2848185,05-01-2024,organic,mobile,India
1000471,12-04-2024,organic,desktop,India
2427326,15-01-2024,ads,mobile,India
3449818,03-04-2024,organic,tablet,India
2441803,07-01-2024,referral,desktop,India
1839482,12-03-2024,organic,desktop,USA
3402020,09-01-2024,referral,mobile,India
2760308,06-01-2024,organic,tablet,India
3597585,23-01-2024,organic,desktop,India
1545903,18-01-2024,email,mobile,Germany
3029278,19-03-2024,organic,mobile,India
1190020,09-01-2024,ads,mobile,Australia
4273454,06-02-2024,organic,mobile,Germany
2666617,04-02-2024,ads,desktop,India
2842640,05-02-2024,organic,mobile,India
4662215,27-01-2024,organic,desktop,India
2975061,18-02-2024,ads,tablet,India
4061114,09-06-2024,email,mobile,India
1459006,11-01-2024,organic,mobile,Germany
1776933,15-01-2024,ads,mobile,India
2336651,29-03-2024,social,desktop,Canada
2692007,22-04-2024,referral,mobile,USA
1153623,16-03-2024,email,tablet,India
4998325,17-02-2024,organic,mobile,India
4601827,18-01-2024,email,mobile,India
4028311,19-03-2024,organic,mobile,UK
2177316,10-02-2024,organic,mobile,India
4875918,05-01-2024,ads,mobile,India
4866284,07-01-2024,email,desktop,India
4707440,15-01-2024,referral,mobile,India
2359839,27-06-2024,organic,mobile,India
1073998,29-01-2024,ads,mobile,India
3343914,27-02-2024,social,desktop,India
1707255,21-01-2024,organic,desktop,USA
3142890,03-03-2024,organic,mobile,India
3622792,01-03-2024,organic,desktop,India
4609661,18-01-2024,ads,mobile,India
1709823,23-03-2024,email,mobile,India
3055846,13-02-2024,organic,tablet,India
1560404,15-01-2024,email,desktop,India
1264672,18-02-2024,organic,mobile,India
2774631,10-02-2024,ads,tablet,India
4687271,24-01-2024,ads,mobile,India
1148114,28-01-2024,organic,mobile,India
4850713,26-04-2024,ads,mobile,India
3327253,25-01-2024,organic,mobile,India
1749232,17-01-2024,organic,mobile,India
4695843,18-04-2024,organic,mobile,Canada
2741424,17-02-2024,organic,mobile,India
4119366,01-01-2024,organic,desktop,India
3668884,17-01-2024,ads,mobile,India
3925735,05-01-2024,organic,tablet,India
2673115,18-01-2024,ads,tablet,India
4043101,21-01-2024,ads,mobile,India
1578927,16-01-2024,organic,desktop,Germany
2989983,25-01-2024,organic,mobile,India
1421866,15-01-2024,organic,desktop,Australia
1746181,31-03-2024,social,mobile,India
4104091,02-02-2024,organic,mobile,India
4438874,18-01-2024,organic,mobile,India
2813172,08-01-2024,organic,mobile,India
2607274,11-02-2024,organic,desktop,Germany
3877810,08-01-2024,referral,mobile,USA
3648330,28-02-2024,social,tablet,India
4863662,01-03-2024,ads,mobile,India
1579551,12-02-2024,ads,mobile,India
2418123,20-01-2024,organic,mobile,India
4516934,03-02-2024,email,desktop,India
2449874,07-01-2024,organic,mobile,Australia
4542049,26-02-2024,organic,mobile,Canada
4461816,23-01-2024,organic,mobile,USA
4200690,05-01-2024,ads,mobile,USA
1068289,16-01-2024,organic,desktop,Canada
4471755,28-04-2024,organic,mobile,Canada
2667334,02-09-2024,organic,desktop,India
4199039,08-01-2024,ads,mobile,USA
2915555,30-01-2024,ads,mobile,USA
4517955,23-01-2024,organic,desktop,India
3462615,04-08-2024,organic,mobile,India
1332023,18-01-2024,referral,mobile,India
3825964,15-01-2024,organic,mobile,India
1153226,14-01-2024,organic,tablet,India
2223493,07-02-2024,organic,tablet,India
4971701,31-01-2024,organic,mobile,India
1985396,23-02-2024,organic,desktop,UK
1008096,02-01-2024,organic,mobile,India
4975404,02-02-2024,email,mobile,India
2056821,29-01-2024,social,mobile,India
4892552,13-01-2024,organic,tablet,India
2095022,16-01-2024,organic,mobile,India
2291964,15-02-2024,organic,mobile,UK
1347360,22-01-2024,organic,desktop,Canada
4759084,26-01-2024,email,mobile,USA
4457958,07-03-2024,organic,mobile,USA
3835696,04-03-2024,organic,mobile,Australia
1207538,02-02-2024,organic,mobile,USA
3132067,28-01-2024,organic,mobile,India
2545355,11-03-2024,ads,desktop,Germany
1029224,06-02-2024,organic,mobile,USA
1985980,14-01-2024,ads,desktop,India
4726598,31-01-2024,organic,mobile,Germany
4539214,11-01-2024,organic,mobile,USA
4870797,10-01-2024,ads,mobile,Canada
2646567,02-02-2024,ads,desktop,USA
1558721,12-01-2024,organic,mobile,India
1317025,24-01-2024,ads,mobile,India
2246191,28-01-2024,ads,mobile,USA
2285877,31-01-2024,ads,tablet,India
4163269,02-04-2024,social,desktop,Australia
2676138,15-03-2024,organic,desktop,India
3806264,11-01-2024,ads,desktop,India
4479451,26-02-2024,social,mobile,India
2842690,27-01-2024,ads,mobile,India
3301669,25-04-2024,referral,tablet,UK
4606658,10-01-2024,organic,mobile,USA
4395155,23-01-2024,ads,desktop,India
3002822,09-03-2024,ads,desktop,Germany
2804811,09-01-2024,organic,desktop,Germany
4370491,06-02-2024,ads,mobile,Australia
4247433,25-02-2024,organic,mobile,India
4656644,09-01-2024,referral,mobile,India
1069661,10-01-2024,email,mobile,Australia
4757871,08-05-2024,referral,mobile,India
3266522,29-01-2024,ads,tablet,Australia
3523133,23-03-2024,referral,desktop,USA
2837339,16-05-2024,ads,desktop,USA
2434214,09-01-2024,social,tablet,USA
4200339,14-02-2024,ads,desktop,India
4585488,09-02-2024,ads,mobile,UK
4166132,19-05-2024,organic,mobile,Canada
3534673,27-02-2024,ads,mobile,Canada
1489644,23-02-2024,ads,desktop,India
1479422,12-01-2024,ads,desktop,UK
2060139,06-02-2024,organic,desktop,India
2048739,05-03-2024,ads,desktop,India
3247345,11-01-2024,organic,mobile,Canada
1744895,14-02-2024,referral,mobile,USA
2201893,01-02-2024,social,desktop,India
4778998,06-04-2024,ads,mobile,India
3521110,03-01-2024,email,mobile,India
4075632,06-01-2024,ads,mobile,USA
3211792,15-01-2024,organic,tablet,Australia
3199128,09-03-2024,ads,mobile,UK
3539953,22-04-2024,ads,desktop,India
2198114,18-06-2024,referral,desktop,Germany
1653770,20-01-2024,organic,mobile,USA
4277528,24-01-2024,organic,mobile,India
4377626,17-01-2024,social,tablet,Canada
4876146,14-01-2024,organic,mobile,India
4560946,05-03-2024,organic,mobile,India
2295783,03-02-2024,email,mobile,USA
2773329,23-01-2024,ads,mobile,India
1722648,19-01-2024,organic,desktop,India
1517174,18-01-2024,organic,tablet,UK
3029043,06-01-2024,organic,mobile,India
3062892,25-03-2024,email,mobile,Canada
3460954,16-01-2024,organic,mobile,India
3555685,20-01-2024,ads,mobile,India
1059196,23-01-2024,referral,mobile,USA
3561497,10-02-2024,email,desktop,Germany
3250135,09-02-2024,organic,tablet,Germany
4288760,06-04-2024,ads,mobile,India
1185416,13-01-2024,organic,mobile,Australia
2493607,08-03-2024,email,mobile,Canada
3293985,13-01-2024,organic,mobile,India
3264344,23-02-2024,ads,mobile,USA
3309082,24-01-2024,organic,mobile,India
4080075,31-01-2024,organic,desktop,India
4155689,18-01-2024,organic,tablet,India
2715534,24-03-2024,organic,desktop,India
1332210,24-02-2024,organic,mobile,India
1653336,12-01-2024,ads,desktop,India
4508694,08-01-2024,organic,mobile,India
3847802,29-02-2024,organic,desktop,USA
1402634,09-04-2024,ads,mobile,Germany
2878072,02-03-2024,organic,mobile,India
1491885,17-01-2024,email,mobile,India
2475173,29-01-2024,email,mobile,USA
1348868,11-06-2024,ads,mobile,India
1152327,19-01-2024,social,mobile,USA
4419240,29-01-2024,ads,desktop,India
1086105,21-03-2024,referral,desktop,Canada
4647169,13-03-2024,organic,mobile,USA
3572960,18-02-2024,organic,mobile,USA
2298427,14-02-2024,organic,mobile,Canada
2161307,02-01-2024,email,desktop,India
4340711,25-01-2024,organic,mobile,Canada
3185002,15-02-2024,organic,mobile,India
1728460,19-04-2024,ads,mobile,India
3071145,07-01-2024,organic,desktop,India
3183149,18-02-2024,ads,mobile,USA
3272451,10-02-2024,ads,desktop,India
1729642,11-01-2024,organic,mobile,India
2423026,07-01-2024,organic,desktop,India
2592258,29-01-2024,organic,mobile,India
4973142,19-04-2024,ads,mobile,India
1794651,04-01-2024,organic,mobile,India
4236172,09-07-2024,organic,tablet,India
2841802,18-02-2024,organic,mobile,Canada
2813439,10-03-2024,organic,mobile,UK
2888945,26-01-2024,social,desktop,USA
2524926,31-01-2024,organic,mobile,Canada
4274721,07-02-2024,ads,mobile,India
1664087,19-01-2024,social,mobile,India
2541718,08-05-2024,email,desktop,India
4429948,15-01-2024,organic,desktop,USA
1091550,26-02-2024,email,mobile,India
4129069,03-04-2024,organic,desktop,India
1151813,21-03-2024,email,mobile,India
1523280,19-01-2024,ads,desktop,USA
3614773,22-03-2024,email,mobile,India
3097025,30-01-2024,organic,desktop,India
4113986,28-01-2024,referral,mobile,Australia
3700833,07-06-2024,organic,mobile,Australia
2648453,09-01-2024,organic,desktop,India
1281601,03-03-2024,ads,desktop,India
4020201,25-03-2024,email,mobile,India
4539351,27-01-2024,organic,mobile,Germany
2198823,29-01-2024,organic,mobile,India
3249806,14-01-2024,organic,tablet,India
3159106,19-02-2024,organic,mobile,Germany
4038598,05-01-2024,ads,tablet,USA
1610036,19-01-2024,organic,mobile,India
1760132,01-01-2024,social,mobile,Germany
1473451,17-01-2024,organic,desktop,USA
3116405,03-01-2024,organic,mobile,USA
2731310,15-06-2024,ads,mobile,USA
4804003,20-03-2024,organic,desktop,India
4170856,08-01-2024,email,mobile,Canada
2730934,30-03-2024,ads,mobile,USA
4949453,06-02-2024,organic,mobile,Canada
3406785,14-05-2024,ads,mobile,UK
2655147,14-01-2024,organic,tablet,Canada
3897119,03-03-2024,ads,mobile,USA
3049780,03-03-2024,organic,mobile,USA
2436523,30-01-2024,ads,tablet,USA
2919173,16-02-2024,organic,mobile,India
3760557,05-01-2024,organic,mobile,India
4225891,06-01-2024,email,mobile,India
3596621,23-01-2024,organic,mobile,India
3337540,16-03-2024,organic,mobile,India
1579385,10-05-2024,ads,tablet,India
2047226,07-05-2024,organic,mobile,India
4912794,17-03-2024,ads,desktop,India
3560625,26-01-2024,organic,tablet,USA
1512673,12-02-2024,organic,mobile,USA
3866995,05-03-2024,email,mobile,UK
1188273,11-01-2024,ads,mobile,Canada
4884798,01-04-2024,ads,desktop,India
4426766,25-09-2024,organic,mobile,India
2233748,25-01-2024,ads,mobile,India
4835874,16-02-2024,ads,mobile,India
4611455,26-02-2024,ads,mobile,India
1620900,23-01-2024,ads,mobile,India
3658339,12-01-2024,organic,mobile,Australia
2980985,02-03-2024,organic,mobile,India
2020408,20-04-2024,organic,mobile,India
1487643,20-02-2024,ads,mobile,India
3837867,26-03-2024,referral,desktop,India
1260625,06-02-2024,ads,desktop,Canada
1173620,29-01-2024,organic,tablet,USA
4013579,08-02-2024,email,desktop,Germany
1556466,13-04-2024,organic,mobile,India
3636008,27-05-2024,social,mobile,USA
1830581,19-01-2024,email,mobile,USA
4195358,23-03-2024,referral,mobile,India
2908615,19-01-2024,referral,mobile,Germany
1932023,11-02-2024,ads,desktop,USA
3357964,14-02-2024,email,mobile,Canada
3209368,03-01-2024,ads,desktop,USA
1429952,09-03-2024,ads,mobile,USA
3954450,20-02-2024,referral,tablet,USA
2746713,02-02-2024,ads,mobile,USA
4045339,01-02-2024,referral,desktop,India
2733185,14-06-2024,organic,tablet,India
4801750,02-04-2024,email,mobile,UK
4998371,05-01-2024,ads,mobile,Australia
4363870,23-01-2024,organic,desktop,UK
3492983,23-01-2024,referral,mobile,India
4193167,02-03-2024,organic,desktop,India
1184849,19-03-2024,ads,mobile,Canada
1896161,17-02-2024,ads,mobile,India
2783220,11-01-2024,referral,mobile,India
4954587,06-01-2024,organic,desktop,Germany
1576518,23-05-2024,social,mobile,Germany
2390712,29-01-2024,ads,mobile,Canada
2633689,19-03-2024,referral,tablet,Canada
1816682,25-01-2024,organic,mobile,Australia
2317207,19-03-2024,referral,mobile,Germany
3939384,18-02-2024,ads,mobile,India
3116444,02-01-2024,referral,mobile,India
3261262,25-02-2024,organic,mobile,India
3620336,03-06-2024,organic,mobile,USA
3841289,06-03-2024,organic,desktop,India
4088668,29-01-2024,referral,desktop,Canada
4012269,22-04-2024,organic,mobile,India
1506574,20-05-2024,ads,desktop,India
4280733,12-03-2024,organic,tablet,India
1934955,14-02-2024,ads,tablet,India
1273802,14-02-2024,email,mobile,Australia
4257769,04-03-2024,referral,mobile,India
4752326,06-02-2024,ads,desktop,India
1097849,06-05-2024,referral,mobile,India
1274602,12-02-2024,ads,desktop,India
4273326,03-01-2024,organic,mobile,India
2620470,10-01-2024,organic,mobile,UK
3493352,12-01-2024,ads,desktop,USA
4297355,15-02-2024,referral,desktop,Canada
3571014,19-01-2024,organic,tablet,India
2760949,04-01-2024,organic,mobile,USA
3864144,02-01-2024,organic,tablet,USA
4326394,21-02-2024,referral,mobile,Australia
3585661,03-05-2024,organic,desktop,India
4052350,06-03-2024,organic,mobile,Canada
2907979,13-01-2024,social,desktop,Germany
3841869,23-02-2024,referral,mobile,India
3924077,09-01-2024,ads,mobile,UK
4450682,02-10-2024,organic,desktop,USA
4348791,09-02-2024,organic,mobile,UK
1184061,13-02-2024,ads,desktop,India
2146483,10-01-2024,ads,mobile,India
3127467,08-01-2024,organic,desktop,India
4146744,05-01-2024,organic,mobile,India
2028736,05-01-2024,ads,desktop,USA
2942288,09-01-2024,organic,desktop,Australia
1280785,11-03-2024,organic,mobile,USA
2790188,21-01-2024,organic,mobile,USA
4065477,05-01-2024,ads,mobile,USA
4122321,19-05-2024,social,mobile,USA
2174355,11-02-2024,organic,mobile,India
3402840,14-02-2024,organic,mobile,India
3343826,06-02-2024,ads,mobile,UK
4610957,01-01-2024,organic,mobile,UK
1819738,16-01-2024,email,desktop,USA
1172570,13-04-2024,organic,mobile,India
2537077,22-02-2024,ads,mobile,UK
1381024,23-01-2024,email,tablet,India
1858983,06-02-2024,organic,mobile,USA
2794452,18-01-2024,organic,mobile,USA
4854235,11-05-2024,ads,mobile,USA
2766466,06-02-2024,email,mobile,UK
2391326,01-02-2024,organic,mobile,USA
4053550,16-02-2024,ads,mobile,India
3927674,14-01-2024,organic,mobile,USA
4848962,04-02-2024,referral,desktop,India
3405901,17-03-2024,referral,desktop,USA
2216263,14-01-2024,organic,desktop,India
4628351,26-02-2024,organic,desktop,USA
4287815,10-01-2024,organic,mobile,UK
1302947,14-02-2024,organic,desktop,USA
1113603,22-03-2024,organic,desktop,USA
4320037,07-01-2024,ads,desktop,India
1583977,23-01-2024,ads,mobile,USA
1611753,07-04-2024,referral,desktop,India
2076637,04-01-2024,social,desktop,India
1756794,03-01-2024,organic,desktop,Australia
4252054,21-01-2024,organic,desktop,USA
4849944,21-07-2024,ads,mobile,Germany
3777548,01-04-2024,email,mobile,India
2990474,22-01-2024,organic,mobile,India
4234825,04-02-2024,ads,desktop,India
3599097,31-01-2024,email,desktop,UK
4339016,23-01-2024,organic,desktop,India
2721957,01-04-2024,organic,tablet,India
4713277,22-01-2024,organic,desktop,UK
3118680,09-01-2024,organic,mobile,UK
1141642,02-03-2024,ads,mobile,India
1763560,21-03-2024,social,desktop,India
2465437,05-03-2024,organic,tablet,India
1976714,15-01-2024,organic,mobile,India
2460949,05-02-2024,organic,desktop,Australia
3043918,10-01-2024,organic,tablet,USA
1755137,13-02-2024,social,mobile,India
2066032,14-01-2024,organic,mobile,USA
4061031,11-02-2024,organic,mobile,India
3699338,11-01-2024,organic,mobile,Canada
1135533,26-01-2024,ads,mobile,Germany
3264708,31-01-2024,organic,desktop,UK
2128167,28-02-2024,organic,desktop,India
4358722,19-01-2024,organic,mobile,UK
2827975,02-01-2024,organic,mobile,India
3047584,01-04-2024,organic,mobile,India
3387192,23-02-2024,organic,desktop,India
4615743,18-02-2024,organic,mobile,India
3671152,16-01-2024,ads,mobile,India
1474670,07-01-2024,organic,mobile,Australia
1579607,25-01-2024,ads,mobile,India
3926378,16-02-2024,organic,mobile,USA
2618694,28-01-2024,organic,mobile,USA
3152266,18-04-2024,organic,mobile,USA
3062395,15-05-2024,ads,mobile,India
1451853,30-03-2024,organic,desktop,India
1096810,23-03-2024,ads,desktop,Germany
4694222,18-01-2024,organic,tablet,Australia
3773311,25-01-2024,organic,mobile,India
3584280,28-02-2024,organic,mobile,India
1123238,07-01-2024,ads,tablet,Germany
3851779,15-02-2024,social,mobile,UK
4305098,15-05-2024,email,mobile,Canada
2778718,13-01-2024,social,mobile,UK
4626196,27-01-2024,organic,mobile,USA
1285262,02-01-2024,organic,desktop,India
2221482,18-01-2024,organic,tablet,India
3184369,31-03-2024,referral,mobile,USA
2994304,11-01-2024,referral,mobile,Canada
1880880,10-01-2024,organic,mobile,Canada
4973244,02-01-2024,email,desktop,India
4025125,27-01-2024,organic,desktop,Canada
3123585,02-03-2024,organic,mobile,India
4862644,18-03-2024,ads,desktop,India
1853080,14-01-2024,organic,desktop,India
1080424,12-02-2024,organic,desktop,Australia
4401094,12-01-2024,organic,desktop,India
2215139,17-01-2024,ads,tablet,USA
1978885,01-04-2024,ads,tablet,UK
2543646,31-01-2024,organic,mobile,India
1067481,13-02-2024,ads,mobile,USA
1796699,09-01-2024,referral,desktop,India
2917486,31-03-2024,referral,mobile,India
4451556,12-03-2024,email,mobile,Germany
4900358,07-01-2024,ads,mobile,USA
3625895,07-03-2024,referral,desktop,Australia
3513927,22-01-2024,email,mobile,Germany
3510558,13-04-2024,organic,mobile,USA
4465309,16-05-2024,organic,desktop,India
1547459,08-01-2024,ads,mobile,India
1754669,02-01-2024,ads,mobile,India
3734555,11-01-2024,email,desktop,USA
4717320,19-03-2024,organic,desktop,India
1420268,13-09-2024,organic,mobile,India
2076420,17-01-2024,organic,tablet,UK
2288339,15-01-2024,email,mobile,Canada
3481374,24-01-2024,ads,mobile,Canada
4919576,15-01-2024,organic,mobile,India
1362612,14-05-2024,ads,mobile,USA
1950449,31-01-2024,referral,desktop,USA
2184233,03-03-2024,organic,desktop,India
3859623,29-02-2024,ads,mobile,India
4838456,17-01-2024,organic,mobile,USA
3030618,28-02-2024,ads,mobile,USA
3344576,21-01-2024,ads,desktop,USA
2227075,20-01-2024,organic,mobile,India
2102479,12-04-2024,ads,desktop,UK
1299283,24-02-2024,social,mobile,India
2644371,20-02-2024,organic,mobile,India
2272449,14-01-2024,organic,mobile,Germany
3712993,05-01-2024,organic,tablet,USA
4102433,18-01-2024,ads,mobile,India
3828079,25-01-2024,organic,mobile,USA
4781644,07-01-2024,referral,desktop,UK
4780758,03-02-2024,ads,mobile,Australia
1875070,03-03-2024,ads,mobile,India
3608401,22-01-2024,organic,mobile,USA
4927103,13-01-2024,organic,desktop,India
1834518,17-02-2024,ads,desktop,Australia
4468975,01-03-2024,ads,mobile,India
3562512,18-01-2024,email,mobile,India
2427528,02-01-2024,ads,mobile,Canada
3234716,27-02-2024,organic,desktop,UK
1326446,14-01-2024,ads,tablet,India
1191839,01-03-2024,ads,mobile,India
3063409,14-01-2024,ads,mobile,Germany
1596764,17-01-2024,organic,mobile,Canada
3134294,30-01-2024,organic,desktop,UK
1035553,01-01-2024,referral,mobile,Germany
2722472,20-01-2024,ads,desktop,UK
1339773,09-05-2024,ads,mobile,India
4685260,19-02-2024,organic,mobile,India
1107663,27-01-2024,organic,mobile,UK
3941849,11-01-2024,email,mobile,India
2820524,17-05-2024,ads,mobile,India
1925786,30-03-2024,ads,mobile,India
1884218,03-01-2024,social,mobile,USA
3647110,05-01-2024,organic,desktop,Canada
3957257,08-01-2024,organic,mobile,India
2128501,26-04-2024,email,mobile,USA
1204448,20-05-2024,organic,mobile,India
4127536,21-02-2024,email,tablet,Canada
2678455,16-01-2024,organic,mobile,UK
4787046,28-01-2024,organic,tablet,Germany
3520745,04-02-2024,organic,tablet,India
2525562,27-01-2024,ads,mobile,India
4608294,27-01-2024,organic,mobile,India
4091005,31-01-2024,ads,mobile,USA
1201441,14-01-2024,ads,mobile,Germany
4564512,21-04-2024,organic,mobile,Canada
2254999,24-04-2024,ads,desktop,India
2819421,20-04-2024,ads,mobile,India
1665885,12-01-2024,ads,desktop,USA
2682961,23-03-2024,organic,desktop,Australia
3164569,07-02-2024,referral,mobile,India
3978224,15-05-2024,organic,mobile,India
3899039,05-01-2024,email,tablet,India
3961786,02-03-2024,organic,mobile,India
2725406,04-04-2024,organic,desktop,India
4931632,04-01-2024,referral,mobile,India
4304815,07-06-2024,organic,tablet,USA
3774204,15-03-2024,ads,desktop,India
1790798,11-01-2024,organic,mobile,UK
3590142,19-01-2024,ads,desktop,Canada
4855814,11-01-2024,organic,mobile,India
2370418,09-01-2024,social,mobile,India
1627312,27-03-2024,email,desktop,India
4189116,01-02-2024,organic,desktop,India
2302824,11-02-2024,organic,mobile,India
1571598,08-01-2024,organic,tablet,USA
4490208,25-04-2024,organic,mobile,USA
3381918,09-02-2024,organic,desktop,India
4477649,01-04-2024,organic,desktop,India
4760877,06-05-2024,organic,mobile,India
3633623,26-01-2024,referral,mobile,India
4729392,25-01-2024,referral,mobile,India
4577396,30-01-2024,organic,tablet,India
2799740,09-03-2024,referral,mobile,India
2098687,12-02-2024,email,mobile,UK
3252870,11-04-2024,organic,mobile,India
2898806,11-05-2024,organic,mobile,India
3755043,01-01-2024,ads,mobile,USA
1646870,07-01-2024,ads,desktop,India
2415062,06-01-2024,social,desktop,India
3737037,05-04-2024,organic,tablet,India
2284469,12-02-2024,organic,mobile,USA
1812138,21-01-2024,ads,mobile,India
1154086,09-03-2024,email,desktop,UK
3213843,01-04-2024,ads,mobile,India
3510393,24-02-2024,ads,desktop,Australia
4880050,21-01-2024,ads,mobile,Germany
2826333,21-03-2024,organic,mobile,India
4767231,06-01-2024,organic,desktop,India
1688952,29-01-2024,organic,mobile,India
3429107,17-02-2024,email,tablet,India
4669943,27-03-2024,organic,desktop,India
2017830,05-03-2024,organic,desktop,UK
2258654,02-02-2024,organic,mobile,India
2549159,08-02-2024,referral,tablet,Germany
3036280,27-03-2024,social,desktop,USA
1812737,10-01-2024,organic,mobile,India
1368044,16-03-2024,organic,mobile,India
4395611,22-02-2024,ads,tablet,UK
1301971,02-01-2024,ads,desktop,India
4720739,19-01-2024,organic,tablet,Canada
3066341,28-01-2024,referral,mobile,USA
1522024,14-03-2024,ads,tablet,Australia
4879499,12-03-2024,organic,desktop,India
2516185,06-01-2024,ads,mobile,India
4740868,13-02-2024,organic,mobile,India
4448816,23-02-2024,social,mobile,India
3841178,05-02-2024,ads,mobile,UK
3116521,29-07-2024,organic,desktop,India
1464772,20-02-2024,ads,mobile,India
1374097,01-01-2024,social,mobile,USA
3020174,01-01-2024,referral,tablet,USA
2472748,14-01-2024,organic,mobile,Canada
2018598,12-02-2024,organic,mobile,India
1737961,09-01-2024,email,mobile,India
1245834,03-03-2024,organic,desktop,USA
4258285,20-01-2024,organic,tablet,India
3118693,27-02-2024,ads,mobile,India
2164113,21-01-2024,organic,mobile,UK
4179151,13-01-2024,organic,mobile,India
4630969,04-01-2024,organic,mobile,India
2204204,31-03-2024,organic,mobile,Canada
3496555,08-04-2024,ads,mobile,UK
4050390,20-01-2024,organic,mobile,UK
1738248,16-03-2024,organic,desktop,India
2153578,20-01-2024,organic,mobile,Germany
4731699,20-06-2024,organic,mobile,USA
4610063,05-01-2024,organic,mobile,USA
4287016,08-01-2024,social,desktop,India
3757113,27-01-2024,organic,tablet,UK
2017145,05-05-2024,ads,mobile,USA
4970215,08-03-2024,ads,mobile,India
3179859,11-04-2024,organic,mobile,USA
2456743,09-03-2024,referral,mobile,India
2494787,02-02-2024,ads,mobile,India
2727874,10-01-2024,ads,desktop,USA
4815379,10-05-2024,ads,mobile,India
1202031,04-02-2024,organic,mobile,Australia
3100309,19-02-2024,ads,mobile,India
3524387,09-01-2024,ads,mobile,India
2922405,08-02-2024,ads,mobile,Canada
2917123,13-01-2024,referral,mobile,USA
4978066,26-02-2024,ads,desktop,Australia
2042568,07-03-2024,social,mobile,Australia
2431972,18-01-2024,organic,desktop,Canada
2352655,10-01-2024,organic,tablet,Canada
2867058,15-01-2024,referral,desktop,India
2887058,04-03-2024,email,mobile,India
4944346,06-04-2024,referral,desktop,USA
4603410,21-03-2024,email,mobile,India
3257725,23-02-2024,organic,mobile,Canada
1383398,02-03-2024,social,mobile,India
2801758,27-03-2024,ads,desktop,India
3840104,16-06-2024,email,mobile,India
4176271,07-01-2024,organic,mobile,India
2647319,02-01-2024,email,mobile,UK
4216566,01-01-2024,ads,mobile,India
2439135,10-01-2024,organic,mobile,Germany
3797363,09-01-2024,ads,tablet,India
3153514,12-02-2024,ads,mobile,USA
4110207,27-01-2024,ads,desktop,India
1741596,02-02-2024,organic,mobile,Germany
4722598,28-01-2024,ads,mobile,Australia
4026657,10-02-2024,referral,mobile,Canada
4321674,26-01-2024,ads,mobile,Germany
2669946,25-02-2024,ads,mobile,India
2486236,27-05-2024,ads,mobile,India
1056834,04-01-2024,ads,mobile,Australia
3659713,09-01-2024,ads,desktop,USA
3296655,01-06-2024,ads,mobile,India
1953117,05-01-2024,organic,mobile,India
4147487,18-05-2024,organic,mobile,India
3971644,08-02-2024,organic,desktop,Germany
1218217,09-02-2024,organic,mobile,Canada
2284823,19-02-2024,ads,mobile,USA
1583698,23-04-2024,ads,mobile,India
3109062,24-03-2024,organic,mobile,India
4583017,23-01-2024,organic,mobile,India
2559111,08-01-2024,ads,mobile,USA
2519615,13-02-2024,ads,mobile,UK
4478740,04-02-2024,ads,tablet,USA
2270698,01-01-2024,ads,mobile,India
1509906,25-01-2024,ads,tablet,India
2195426,07-02-2024,email,tablet,India
4464547,05-02-2024,organic,mobile,USA
4956770,30-01-2024,organic,desktop,India
1363406,12-03-2024,ads,mobile,India
4362095,19-02-2024,organic,mobile,India
1183028,19-01-2024,organic,mobile,India
3437320,14-01-2024,ads,desktop,USA
3231406,17-02-2024,organic,mobile,India
3869261,14-02-2024,organic,tablet,India
2205732,28-02-2024,ads,mobile,Canada
1734231,24-02-2024,ads,desktop,India
3806373,11-01-2024,referral,mobile,Germany
4971636,12-01-2024,ads,mobile,UK
3005830,17-01-2024,organic,mobile,India
3937229,02-01-2024,email,mobile,USA
3012415,28-01-2024,ads,tablet,Germany
2514384,14-01-2024,referral,mobile,USA
4415204,05-02-2024,email,tablet,USA
4694236,10-02-2024,referral,desktop,India
1242413,07-03-2024,organic,mobile,USA
2841097,20-02-2024,organic,desktop,India
1719814,27-03-2024,ads,desktop,India
1224949,15-02-2024,social,mobile,India
3696706,09-01-2024,organic,desktop,UK
3753494,30-01-2024,ads,desktop,USA
4837132,01-01-2024,referral,mobile,India
1479321,08-08-2024,organic,mobile,India
2731567,02-01-2024,organic,desktop,USA
4159990,10-01-2024,organic,desktop,India
2776702,30-03-2024,referral,mobile,Canada
2725854,19-01-2024,email,desktop,USA
2911428,04-01-2024,email,mobile,USA
2153558,01-05-2024,email,mobile,USA
1743923,08-03-2024,referral,mobile,India
4336762,27-02-2024,organic,desktop,Germany
1710786,19-01-2024,organic,mobile,Germany
4943006,24-04-2024,organic,mobile,India
1456719,04-02-2024,organic,desktop,Canada
1125589,07-01-2024,organic,mobile,India
2891930,04-01-2024,ads,mobile,India
3299745,09-01-2024,organic,mobile,India
4402869,05-01-2024,ads,mobile,USA
4201900,04-03-2024,organic,mobile,India
2495468,04-03-2024,email,mobile,India
3037300,28-02-2024,referral,mobile,UK
2197377,24-01-2024,organic,desktop,USA
3792962,09-01-2024,ads,mobile,USA
3582188,16-01-2024,email,mobile,India
2326802,01-01-2024,ads,desktop,USA
2919537,25-03-2024,ads,mobile,Australia
2436978,20-01-2024,organic,tablet,India
2126145,11-01-2024,ads,mobile,India
3885956,04-02-2024,ads,desktop,Canada
3770331,27-02-2024,referral,mobile,India
4586631,08-01-2024,ads,tablet,UK
3305368,02-03-2024,ads,mobile,USA
2643264,14-01-2024,organic,tablet,India
2442908,13-01-2024,referral,desktop,India
3472089,07-02-2024,ads,desktop,India
1841192,21-01-2024,referral,desktop,Canada
2717651,18-03-2024,ads,mobile,India
2243928,04-03-2024,organic,desktop,India
3376872,25-02-2024,ads,desktop,India
3684277,26-06-2024,organic,mobile,India
4105181,18-01-2024,ads,desktop,India
2880787,23-01-2024,organic,mobile,India
2681467,27-03-2024,organic,mobile,Canada
1292179,12-01-2024,organic,tablet,India
3349395,19-01-2024,email,desktop,India
4007222,07-01-2024,email,mobile,Germany
3411572,10-01-2024,referral,tablet,Canada
1639543,20-03-2024,ads,desktop,India
1661787,09-04-2024,referral,mobile,USA
1280397,30-01-2024,organic,mobile,Germany
1188705,30-03-2024,organic,desktop,India
1596305,02-07-2024,ads,desktop,Australia
1344781,01-02-2024,organic,mobile,India
4680745,01-01-2024,ads,desktop,India
2010562,09-03-2024,email,mobile,India
4223441,31-03-2024,referral,tablet,India
1552147,16-02-2024,ads,mobile,India
2895080,03-01-2024,ads,mobile,USA
3290393,27-04-2024,ads,desktop,India
2580303,20-02-2024,ads,desktop,India
1552205,18-02-2024,organic,desktop,India
1767505,08-02-2024,ads,mobile,India
4730794,14-01-2024,ads,desktop,UK
4154664,03-01-2024,organic,mobile,USA
4412437,06-03-2024,organic,mobile,India
2124814,08-02-2024,ads,mobile,UK
2387701,31-03-2024,ads,mobile,India
3463581,04-01-2024,organic,mobile,Germany
4559695,05-02-2024,ads,mobile,Australia
4270750,22-03-2024,ads,tablet,India
1086236,02-01-2024,organic,desktop,UK
3455996,25-03-2024,organic,mobile,Canada
2452449,10-01-2024,email,mobile,India
1420922,13-01-2024,ads,mobile,India
2225480,25-05-2024,organic,desktop,Canada
4599938,25-02-2024,referral,mobile,UK
3886047,03-01-2024,ads,mobile,India
2779577,27-03-2024,email,mobile,USA
1621487,26-01-2024,organic,mobile,Canada
3816871,06-01-2024,ads,mobile,UK
1863854,08-01-2024,ads,mobile,India
4678512,11-01-2024,ads,tablet,India
1936793,02-01-2024,organic,mobile,Australia
3748762,04-03-2024,social,tablet,Germany
4438825,30-01-2024,ads,desktop,India
2495148,18-01-2024,referral,desktop,India
3990580,11-02-2024,ads,desktop,India
4277927,12-01-2024,organic,mobile,India
2211358,23-02-2024,referral,mobile,USA
4036936,23-03-2024,email,mobile,Germany
2649028,01-02-2024,ads,mobile,India
2994488,03-01-2024,referral,mobile,Australia
4645508,10-01-2024,ads,mobile,India
1023437,24-02-2024,organic,mobile,UK
2458270,27-01-2024,organic,desktop,Canada
4698479,02-01-2024,organic,desktop,USA
4962350,28-01-2024,ads,desktop,Germany
1662268,02-03-2024,organic,mobile,India
3957355,09-01-2024,organic,tablet,USA
1480863,24-02-2024,organic,mobile,India
2255426,24-04-2024,organic,mobile,India
2100656,13-01-2024,ads,mobile,India
4005171,21-08-2024,social,mobile,India
2775786,27-01-2024,social,mobile,India
2874230,07-05-2024,organic,mobile,USA
2649640,21-02-2024,referral,tablet,India
2833948,05-01-2024,organic,mobile,India
4461252,10-03-2024,ads,desktop,India
4669656,02-01-2024,organic,mobile,USA
3179722,17-01-2024,referral,mobile,Canada
2717041,11-02-2024,organic,mobile,India
2286524,27-01-2024,ads,mobile,India
1321326,05-01-2024,organic,tablet,India
2703098,04-02-2024,social,mobile,Germany
2994370,07-03-2024,organic,desktop,UK
4068840,25-02-2024,ads,mobile,India
1175248,11-04-2024,organic,mobile,Canada
2732525,23-04-2024,organic,mobile,India
4279104,07-03-2024,ads,desktop,Germany
4779174,05-01-2024,organic,mobile,India
4829605,12-01-2024,ads,mobile,Australia
4822755,25-02-2024,email,mobile,India
2221706,11-02-2024,referral,mobile,India
1928708,14-02-2024,organic,mobile,UK
3615121,10-02-2024,email,mobile,Australia
1820921,16-01-2024,organic,mobile,UK
1687916,25-03-2024,ads,mobile,India
2641074,03-02-2024,organic,mobile,Canada
1811331,20-01-2024,organic,mobile,USA
2000164,14-01-2024,organic,mobile,Canada
4902679,12-04-2024,referral,mobile,India
2857007,04-01-2024,organic,tablet,India
3127877,21-01-2024,ads,desktop,Australia
3007103,12-01-2024,organic,mobile,India
4356045,05-01-2024,ads,mobile,India
2305559,27-03-2024,email,desktop,Germany
2267302,12-02-2024,organic,mobile,India
2758523,24-03-2024,organic,mobile,UK
3800590,28-01-2024,ads,desktop,UK
4246256,05-01-2024,ads,mobile,India
1700139,16-01-2024,ads,mobile,India
1697587,06-01-2024,ads,mobile,India
2028857,12-01-2024,organic,mobile,India
4846595,10-01-2024,referral,desktop,India
1310976,14-04-2024,organic,desktop,India
2846457,25-02-2024,referral,mobile,Canada
3833054,06-01-2024,ads,mobile,India
1321656,07-01-2024,organic,mobile,USA
4333517,16-06-2024,organic,tablet,India
4688807,18-01-2024,organic,mobile,Germany
2281618,11-04-2024,referral,desktop,Australia
1074679,21-03-2024,organic,tablet,Australia
1622845,07-04-2024,organic,mobile,Germany
2494069,12-01-2024,ads,tablet,India
3697192,11-01-2024,organic,mobile,USA
2448469,07-01-2024,organic,mobile,India
2886761,07-02-2024,ads,mobile,Germany
4578870,04-01-2024,organic,mobile,USA
1417242,09-01-2024,ads,desktop,India
1945047,03-09-2024,email,mobile,India
4803918,13-03-2024,organic,mobile,USA
2892225,13-01-2024,email,mobile,Australia
4457973,26-01-2024,organic,tablet,USA
4474962,23-01-2024,social,mobile,India
1690090,03-02-2024,ads,desktop,India
2863121,01-01-2024,organic,tablet,Germany
1340285,02-01-2024,organic,mobile,India
3436320,29-02-2024,referral,mobile,India
3302585,05-02-2024,referral,mobile,USA
3291542,29-01-2024,social,mobile,USA
4523766,05-03-2024,ads,tablet,India
1946639,12-06-2024,organic,mobile,USA
1763386,21-04-2024,email,mobile,India
1757276,05-01-2024,email,mobile,India
4619889,30-03-2024,organic,desktop,USA
2864974,06-01-2024,ads,desktop,USA
1325869,02-01-2024,organic,mobile,Canada
4522395,21-01-2024,ads,mobile,USA
4663036,12-01-2024,ads,desktop,USA
4651181,29-01-2024,organic,desktop,India
2765936,11-01-2024,ads,mobile,USA
3778810,06-03-2024,organic,mobile,UK
4446102,10-02-2024,ads,desktop,USA
3612115,06-02-2024,ads,mobile,USA
3915793,16-01-2024,organic,desktop,USA
4326210,11-02-2024,organic,mobile,USA
4550205,11-02-2024,organic,mobile,Australia
1356825,05-01-2024,organic,mobile,India
4123340,09-04-2024,organic,mobile,India
4053382,29-01-2024,ads,tablet,India
1033482,14-01-2024,organic,tablet,UK
2606845,26-02-2024,referral,tablet,India
1424888,08-03-2024,organic,desktop,UK
4564995,16-02-2024,ads,mobile,India
3380671,01-01-2024,referral,mobile,USA
4919083,20-01-2024,organic,mobile,USA
3739210,21-02-2024,ads,desktop,India
3464750,12-03-2024,organic,mobile,USA
3884670,27-02-2024,organic,mobile,USA
4560547,22-03-2024,organic,desktop,India
3731716,12-01-2024,referral,mobile,Australia
2951573,11-01-2024,organic,desktop,USA
2450862,05-04-2024,organic,mobile,India
3761150,07-07-2024,organic,desktop,Canada
2731967,12-01-2024,email,desktop,India
2977901,07-02-2024,organic,mobile,UK
3670321,08-03-2024,organic,mobile,India
1056306,03-01-2024,organic,desktop,Germany
2358338,12-02-2024,organic,mobile,India
1154258,01-02-2024,referral,tablet,Germany
3698765,02-01-2024,ads,desktop,India
4629776,10-04-2024,email,mobile,India
1654189,06-02-2024,ads,mobile,India
4107997,23-02-2024,organic,tablet,India
4750429,26-04-2024,ads,mobile,India
2292185,09-01-2024,organic,mobile,India
2047937,01-01-2024,organic,desktop,India
4693219,06-06-2024,ads,desktop,India
4755138,10-02-2024,ads,mobile,India
4682163,21-01-2024,organic,mobile,UK
3985824,17-01-2024,organic,mobile,USA
1624727,07-02-2024,organic,mobile,India
4134808,16-01-2024,social,mobile,India
2838922,07-02-2024,email,mobile,Australia
4290971,21-02-2024,ads,desktop,Canada
1930768,21-02-2024,organic,mobile,India
2270494,27-02-2024,ads,desktop,India
2166097,01-01-2024,email,mobile,India
4729628,22-01-2024,organic,desktop,USA
2403498,02-02-2024,ads,mobile,USA
1867281,20-01-2024,ads,mobile,India
2845086,13-01-2024,ads,desktop,USA
4143698,19-01-2024,ads,desktop,Canada
2589074,06-04-2024,ads,desktop,India
2914644,22-03-2024,organic,tablet,India
3958812,01-01-2024,organic,mobile,Canada
2020599,20-02-2024,ads,mobile,India
1257291,15-05-2024,organic,tablet,India
4971791,07-03-2024,organic,mobile,USA
4752013,04-01-2024,social,mobile,India
4361938,17-02-2024,organic,mobile,USA
3643455,16-01-2024,organic,mobile,India
4776197,19-01-2024,social,desktop,UK
3890195,03-01-2024,ads,desktop,India
4238931,02-03-2024,organic,mobile,Germany
3514117,08-01-2024,social,desktop,USA
1300363,12-04-2024,ads,tablet,USA
2841404,14-02-2024,email,mobile,India
3005544,27-01-2024,email,desktop,UK
3429949,15-04-2024,organic,mobile,USA
2804114,13-01-2024,referral,mobile,USA
2414196,08-01-2024,referral,desktop,India
2208294,06-02-2024,organic,mobile,Canada
3663581,03-01-2024,ads,desktop,Canada
2800768,09-03-2024,organic,mobile,UK
3548437,27-01-2024,ads,desktop,USA
1002576,27-09-2024,email,mobile,India
2407653,30-01-2024,organic,mobile,India
4104872,20-05-2024,organic,desktop,India
2638226,30-01-2024,organic,tablet,USA
1455803,13-01-2024,social,mobile,India
3223114,05-02-2024,organic,mobile,India
3656003,09-02-2024,organic,mobile,India
1676269,08-01-2024,organic,mobile,USA
1776687,11-02-2024,email,tablet,India
1664687,04-01-2024,organic,mobile,India
2015830,02-02-2024,email,desktop,India
2693460,08-02-2024,ads,mobile,India
3241156,18-01-2024,email,mobile,Canada
1735905,15-01-2024,social,desktop,India
4018887,24-02-2024,referral,desktop,USA
2309204,01-02-2024,ads,mobile,India
4232824,30-01-2024,ads,mobile,India
3925357,26-01-2024,ads,desktop,USA
2786954,22-03-2024,organic,tablet,India
3312188,11-01-2024,ads,desktop,India
1649619,05-05-2024,ads,mobile,India
1644995,09-04-2024,email,mobile,USA
4923023,13-02-2024,organic,mobile,India
2599313,01-02-2024,ads,mobile,Germany
1039161,01-04-2024,email,mobile,India
3061173,02-02-2024,organic,mobile,India
4860168,30-01-2024,ads,mobile,Germany
2628369,09-04-2024,social,mobile,UK
1562003,01-01-2024,organic,mobile,USA
4043926,28-03-2024,organic,mobile,UK
4631749,24-10-2024,organic,mobile,UK
2158292,08-04-2024,ads,mobile,UK
3064423,22-01-2024,ads,mobile,UK
4757477,08-02-2024,referral,desktop,India
2106502,01-02-2024,organic,mobile,India
3199618,27-01-2024,organic,mobile,India
1642044,07-06-2024,social,desktop,USA
2095063,11-02-2024,ads,desktop,USA
2038218,05-02-2024,email,desktop,Australia
3943012,20-02-2024,referral,desktop,India
1729036,01-01-2024,ads,mobile,India
3799321,08-02-2024,referral,mobile,India
2201940,07-02-2024,ads,mobile,USA
3215016,06-02-2024,organic,tablet,India
1630827,26-02-2024,ads,desktop,USA
2127494,07-01-2024,organic,mobile,India
2772033,25-01-2024,organic,mobile,India
3535405,06-02-2024,ads,mobile,Germany
3623860,25-01-2024,organic,mobile,India
1102680,11-01-2024,organic,mobile,Canada
4614362,21-01-2024,ads,mobile,USA
2913433,11-05-2024,organic,mobile,India
4084826,27-01-2024,organic,desktop,India
1924911,16-01-2024,organic,desktop,India
2538715,20-02-2024,organic,mobile,Canada
1720008,29-01-2024,ads,desktop,UK
4057801,17-02-2024,organic,mobile,UK
2866222,15-01-2024,ads,mobile,India
4714272,04-02-2024,ads,tablet,UK
3009104,05-02-2024,ads,desktop,UK
3687305,01-02-2024,email,mobile,India
3338296,09-01-2024,organic,desktop,India
1503887,13-01-2024,referral,mobile,USA
3536816,03-01-2024,email,mobile,India
1889858,06-01-2024,ads,mobile,USA
2605163,28-02-2024,organic,mobile,India
3427280,29-01-2024,organic,mobile,UK
2357573,22-01-2024,email,desktop,Germany
3352426,03-01-2024,referral,tablet,USA
4085120,25-01-2024,ads,mobile,India
3893328,24-03-2024,organic,desktop,India
2040958,25-02-2024,organic,desktop,Canada
3123095,14-03-2024,organic,mobile,India
2748565,14-01-2024,organic,mobile,USA
2671613,01-01-2024,organic,tablet,USA
4448057,22-01-2024,email,mobile,India
1876098,17-03-2024,ads,tablet,UK
4760902,09-01-2024,organic,desktop,USA
1851348,31-01-2024,organic,mobile,USA
1711952,08-01-2024,ads,desktop,India
4786541,28-05-2024,ads,mobile,India
2530019,02-04-2024,organic,mobile,USA
4254737,09-02-2024,ads,tablet,Germany
1060260,06-01-2024,organic,mobile,India
1280783,09-04-2024,organic,mobile,India
3888783,23-01-2024,organic,mobile,India
3109392,01-02-2024,organic,tablet,India
2581347,19-01-2024,organic,desktop,USA
4472391,29-01-2024,ads,mobile,UK
1917151,27-02-2024,email,desktop,USA
4882550,17-02-2024,organic,mobile,Canada
2825968,02-05-2024,organic,desktop,USA
4628523,25-01-2024,organic,mobile,India
4792420,16-02-2024,organic,tablet,Canada
1541679,27-01-2024,ads,desktop,UK
4707264,17-02-2024,organic,mobile,Canada
3220479,26-02-2024,organic,desktop,India
2387140,10-06-2024,referral,tablet,USA
4338910,09-01-2024,ads,desktop,Canada
1349812,09-01-2024,ads,mobile,UK
2621386,09-02-2024,organic,mobile,Australia
4763032,12-01-2024,organic,mobile,India
1078298,05-02-2024,ads,mobile,India
2529768,20-02-2024,ads,desktop,India
4167165,07-01-2024,organic,desktop,USA
4644266,12-02-2024,organic,mobile,India
1968442,05-02-2024,ads,desktop,Canada
3331826,07-06-2024,email,mobile,UK
3188070,20-03-2024,organic,mobile,Germany
1851804,02-01-2024,organic,mobile,Australia
4659095,13-02-2024,email,mobile,India
2612707,10-01-2024,organic,tablet,USA
2132740,28-02-2024,organic,mobile,Canada
4479360,24-04-2024,organic,mobile,India
3263249,14-02-2024,organic,mobile,India
3188884,14-01-2024,ads,desktop,India
4833449,20-01-2024,ads,mobile,India
4213597,04-02-2024,ads,desktop,India
3409177,19-01-2024,email,desktop,India
2071696,10-01-2024,ads,desktop,UK
1613425,14-01-2024,ads,mobile,India
1606623,24-01-2024,organic,desktop,USA
1781076,04-03-2024,ads,mobile,India
1980406,03-06-2024,organic,mobile,India
1410333,27-01-2024,organic,mobile,USA
3381426,10-02-2024,organic,mobile,India
3832184,11-01-2024,ads,tablet,USA
3531977,30-04-2024,ads,mobile,India
4832646,13-03-2024,referral,desktop,UK
4944279,09-02-2024,email,mobile,USA
1416365,14-02-2024,organic,mobile,Australia
1979153,03-01-2024,organic,mobile,India
4270744,07-02-2024,organic,mobile,USA
3498908,23-01-2024,organic,mobile,India
4831785,08-03-2024,ads,mobile,USA
2550401,13-02-2024,organic,desktop,India
3942788,17-01-2024,organic,desktop,India
4012091,07-01-2024,organic,mobile,India
4360784,08-01-2024,ads,desktop,India
1411451,26-01-2024,organic,mobile,India
2409994,06-01-2024,referral,mobile,USA
1844967,05-01-2024,organic,mobile,USA
1437609,26-01-2024,social,mobile,Australia
2719633,07-03-2024,organic,mobile,Germany
4957356,07-04-2024,ads,desktop,Australia
4515078,01-01-2024,email,mobile,India
3733414,03-01-2024,organic,desktop,India
4069783,02-02-2024,ads,mobile,USA
2581580,08-01-2024,organic,mobile,India
3923003,09-03-2024,social,mobile,Germany
3226905,05-02-2024,organic,mobile,Canada
3752040,24-03-2024,organic,tablet,USA
2592575,14-01-2024,referral,mobile,India
4961281,06-01-2024,ads,tablet,India
4422129,06-06-2024,ads,mobile,USA
2006134,28-01-2024,ads,mobile,India
2937125,15-02-2024,ads,mobile,India
1851926,08-01-2024,ads,mobile,Canada
3100894,12-06-2024,referral,mobile,India
4037797,04-01-2024,email,tablet,USA
2298802,09-01-2024,organic,mobile,India
3899237,19-01-2024,ads,mobile,USA
4729119,17-01-2024,organic,mobile,India
3246563,18-03-2024,organic,desktop,USA
4396296,16-01-2024,organic,mobile,India
3799582,07-02-2024,organic,mobile,India
4373506,09-02-2024,referral,mobile,USA
1581416,10-03-2024,organic,desktop,India
1760935,12-03-2024,organic,mobile,UK
3591918,05-01-2024,email,mobile,India
1958507,03-03-2024,ads,mobile,USA
1606281,31-03-2024,organic,mobile,UK
3386116,28-05-2024,ads,mobile,USA
3746439,11-04-2024,organic,mobile,India
3956234,23-01-2024,organic,mobile,USA
2800050,22-01-2024,organic,mobile,India
3346401,04-03-2024,ads,mobile,India
1361753,23-04-2024,organic,desktop,India
4625352,05-02-2024,organic,desktop,USA
3429562,09-03-2024,organic,desktop,Australia
3049974,16-01-2024,organic,desktop,Australia
1219092,15-07-2024,organic,mobile,India
3165535,04-01-2024,social,desktop,USA
1820039,02-01-2024,organic,desktop,India
3934890,30-03-2024,email,desktop,UK
1107262,03-01-2024,organic,mobile,Germany
4702424,20-02-2024,ads,mobile,USA
4696022,08-09-2024,ads,mobile,India
2543617,06-04-2024,ads,mobile,India
1428662,07-01-2024,ads,desktop,India
4396531,14-01-2024,email,mobile,USA
1651622,09-04-2024,ads,mobile,India
4382718,01-01-2024,email,mobile,India
1806325,11-01-2024,organic,desktop,USA
4473905,29-01-2024,organic,mobile,India
4228128,23-02-2024,ads,mobile,India
2249179,23-02-2024,organic,mobile,Canada
1088090,09-05-2024,ads,desktop,USA
1658704,28-02-2024,organic,tablet,India
4424479,24-01-2024,organic,mobile,India
4651396,02-07-2024,organic,mobile,India
2174240,23-01-2024,email,mobile,India
3525268,15-01-2024,organic,mobile,Australia
4010349,09-02-2024,organic,mobile,Germany
3802122,25-01-2024,referral,tablet,UK
1613645,09-02-2024,ads,mobile,India
3293237,19-02-2024,organic,mobile,UK
4173344,14-01-2024,ads,tablet,India
1706902,19-01-2024,ads,mobile,India
4302147,10-01-2024,ads,mobile,Australia
2972190,07-06-2024,ads,mobile,USA
3156348,15-01-2024,email,tablet,India
1390068,27-01-2024,email,mobile,India
4488353,03-01-2024,organic,mobile,India
3092388,30-03-2024,organic,mobile,India
3307062,26-06-2024,organic,mobile,India
2698832,07-04-2024,ads,mobile,UK
4182161,24-04-2024,ads,desktop,India
2103495,19-01-2024,ads,tablet,USA
2841025,06-04-2024,ads,mobile,India
2442393,07-01-2024,organic,mobile,USA
1025780,16-02-2024,organic,tablet,India
4821146,09-01-2024,organic,mobile,India
4156186,12-01-2024,ads,desktop,Canada
2519877,05-04-2024,email,mobile,USA
1640635,12-01-2024,ads,desktop,India
4805450,27-02-2024,ads,desktop,India
4244472,10-03-2024,referral,mobile,India
2968417,11-01-2024,organic,mobile,USA
3074468,21-01-2024,referral,mobile,India
4250742,09-01-2024,ads,mobile,India
4429083,21-01-2024,social,desktop,UK
2430544,18-01-2024,referral,desktop,USA
4007469,09-01-2024,ads,mobile,India
3655645,25-02-2024,organic,mobile,India
3290743,15-01-2024,email,mobile,Australia
1257611,25-01-2024,organic,mobile,USA
1954576,10-02-2024,referral,mobile,Australia
3691113,02-03-2024,organic,mobile,India
4649223,03-01-2024,organic,mobile,USA
4998717,07-02-2024,ads,desktop,India
2850359,22-01-2024,ads,mobile,USA
2388758,19-03-2024,ads,mobile,India
1763479,06-01-2024,organic,desktop,India
3983664,08-02-2024,organic,desktop,India
4455702,31-03-2024,social,desktop,India
1117935,31-03-2024,ads,mobile,India
1501623,22-03-2024,organic,tablet,India
1165571,12-02-2024,organic,mobile,India
2890869,20-02-2024,organic,mobile,India
1865201,01-02-2024,referral,mobile,USA
3075223,03-01-2024,organic,desktop,India
4625836,21-01-2024,ads,desktop,India
3652922,05-01-2024,ads,desktop,India
3877050,16-02-2024,organic,mobile,Germany
2509863,07-02-2024,ads,desktop,India
1616284,27-02-2024,ads,tablet,India
4014669,08-02-2024,ads,mobile,India
4516733,08-02-2024,organic,mobile,USA
3445551,27-01-2024,organic,desktop,Australia
1247803,18-01-2024,social,mobile,India
3052547,04-03-2024,organic,mobile,Germany
2542033,05-02-2024,organic,tablet,USA
3282232,27-03-2024,organic,mobile,USA
2040390,06-04-2024,email,mobile,USA
3744593,01-01-2024,ads,desktop,India
3310685,17-01-2024,organic,mobile,UK
1597387,12-03-2024,organic,mobile,Germany
2632938,12-01-2024,ads,mobile,UK
4507470,29-02-2024,referral,mobile,India
2385067,06-05-2024,organic,mobile,UK
2234120,17-03-2024,email,desktop,India
2832036,01-02-2024,ads,mobile,USA
4957583,23-02-2024,organic,mobile,Canada
4039908,08-01-2024,organic,mobile,USA
3320749,11-03-2024,ads,mobile,India
2665710,17-01-2024,email,tablet,India
2012008,23-01-2024,referral,tablet,USA
4119637,17-01-2024,referral,desktop,India
4004396,08-01-2024,email,mobile,India
4202435,23-01-2024,referral,mobile,USA
4537336,10-02-2024,organic,mobile,India
3590770,01-01-2024,ads,mobile,India
2628763,24-02-2024,organic,desktop,India
1136408,17-02-2024,organic,mobile,India
3515725,12-01-2024,organic,mobile,Germany
4975682,16-01-2024,ads,desktop,India
2518841,08-02-2024,ads,tablet,India
2328624,09-01-2024,organic,mobile,USA
4239923,23-01-2024,referral,mobile,Australia
1136606,21-01-2024,ads,mobile,India
2761701,12-01-2024,organic,mobile,Germany
1103252,15-02-2024,ads,mobile,USA
3674504,24-02-2024,email,desktop,Canada
2460357,21-01-2024,ads,mobile,India
1388201,03-02-2024,organic,desktop,India
3480815,08-04-2024,email,mobile,India
3157064,01-03-2024,referral,mobile,India
4676302,07-01-2024,organic,mobile,India
2886051,18-07-2024,organic,mobile,USA
2811136,14-03-2024,email,mobile,USA
1245685,01-01-2024,referral,tablet,India
3677489,13-01-2024,organic,tablet,India
2401371,20-01-2024,email,mobile,Germany
1846883,21-01-2024,referral,desktop,USA
4687757,04-02-2024,organic,desktop,India
2887228,18-07-2024,ads,mobile,India
3072562,05-04-2024,ads,desktop,India
1401821,07-04-2024,organic,desktop,Canada
3237895,14-01-2024,ads,mobile,India
4201211,06-01-2024,ads,desktop,USA
2082592,22-01-2024,email,mobile,Australia
4791057,13-03-2024,ads,mobile,India
4320039,16-01-2024,referral,desktop,India
1231291,12-01-2024,email,mobile,India
2605321,07-03-2024,organic,desktop,USA
3861387,01-01-2024,organic,desktop,Canada
2194949,16-02-2024,organic,mobile,India
1529263,21-02-2024,ads,mobile,India
4567113,29-01-2024,organic,desktop,UK
3525018,06-02-2024,organic,mobile,UK
1520593,02-01-2024,ads,desktop,UK
3535587,10-02-2024,ads,mobile,India
1889634,16-01-2024,organic,desktop,India
2601180,13-01-2024,organic,mobile,USA
4459917,30-03-2024,organic,desktop,USA
4644656,15-02-2024,ads,mobile,India
1843410,16-04-2024,organic,mobile,India
2107352,16-04-2024,social,mobile,India
3772252,18-01-2024,ads,mobile,USA
1911925,04-01-2024,organic,tablet,India
3549150,25-03-2024,ads,desktop,India
4881290,23-02-2024,organic,mobile,India
4198332,01-01-2024,email,mobile,India
3734781,14-01-2024,email,desktop,India
1063529,11-02-2024,organic,mobile,India
3797908,26-04-2024,referral,mobile,USA
4250066,16-02-2024,ads,desktop,India
4870847,03-01-2024,social,mobile,Germany
4881395,28-01-2024,email,desktop,India
2282142,03-01-2024,organic,mobile,UK
1971698,12-02-2024,referral,desktop,UK
2916198,18-02-2024,organic,tablet,India
1200666,12-05-2024,ads,desktop,UK
1701952,09-02-2024,organic,desktop,India
3388863,15-01-2024,organic,desktop,India
2866916,05-03-2024,organic,desktop,Australia
3164865,09-01-2024,referral,desktop,India
3109368,07-01-2024,ads,desktop,India
2435802,07-01-2024,organic,mobile,Canada
1957984,11-01-2024,ads,mobile,India
3883364,10-02-2024,email,mobile,UK
1759824,01-03-2024,ads,desktop,USA
2868183,03-01-2024,ads,mobile,India
4037107,11-02-2024,email,tablet,India
3327933,09-02-2024,ads,mobile,USA
1380916,25-04-2024,organic,mobile,UK
2495486,06-04-2024,referral,mobile,India
4473543,14-02-2024,organic,mobile,India
4794153,13-01-2024,organic,tablet,India
1966204,22-02-2024,email,mobile,India
4852833,16-01-2024,referral,mobile,USA
4038326,12-02-2024,organic,desktop,India
4713726,30-01-2024,referral,desktop,Germany
2532294,10-01-2024,organic,desktop,USA
2741145,05-03-2024,organic,mobile,USA
4527430,20-05-2024,social,mobile,USA
4581506,01-01-2024,organic,desktop,Canada
4756478,23-01-2024,organic,mobile,India
2612783,05-01-2024,referral,mobile,India
4658335,21-02-2024,organic,mobile,India
1409297,04-02-2024,ads,desktop,Canada
3020242,02-01-2024,referral,desktop,India
4379985,09-01-2024,ads,desktop,India
3993982,01-01-2024,organic,desktop,USA
3593565,17-01-2024,ads,desktop,India
2711990,03-01-2024,ads,mobile,India
4768498,17-03-2024,organic,mobile,Germany
4043654,08-04-2024,ads,tablet,Canada
2586399,11-02-2024,ads,mobile,Germany
3213742,12-02-2024,ads,mobile,India
2839204,23-02-2024,organic,mobile,India
4059125,12-04-2024,social,tablet,USA
3535657,20-02-2024,ads,desktop,USA
4004908,24-03-2024,ads,mobile,Germany
3196511,17-01-2024,organic,desktop,India
2967168,26-02-2024,organic,mobile,India
4697300,14-01-2024,ads,desktop,USA
3170693,07-02-2024,email,desktop,India
1743362,04-03-2024,organic,mobile,Germany
4188534,06-01-2024,organic,mobile,India
2060895,04-01-2024,ads,desktop,India
2909634,21-02-2024,organic,mobile,India
1223883,11-01-2024,organic,mobile,India
2600147,27-01-2024,organic,desktop,Germany
2172365,20-01-2024,ads,mobile,Germany
3002807,04-01-2024,ads,desktop,India
2651494,28-01-2024,ads,mobile,India
3096544,21-08-2024,ads,mobile,Canada
1060842,31-01-2024,ads,desktop,India
4319641,24-04-2024,ads,desktop,India
1978102,11-01-2024,ads,mobile,India
1915634,07-01-2024,organic,tablet,India
4254580,13-02-2024,organic,desktop,India
2955786,28-01-2024,ads,desktop,India
1511391,13-01-2024,organic,mobile,USA
1863401,05-01-2024,organic,tablet,Canada
4741649,01-04-2024,email,mobile,UK
3177416,31-03-2024,referral,desktop,India
2710868,10-02-2024,ads,desktop,USA
3621916,21-03-2024,organic,mobile,India
1186911,10-02-2024,organic,mobile,UK
2434864,02-05-2024,organic,mobile,Canada
4963417,20-01-2024,organic,mobile,India
3385173,03-01-2024,organic,desktop,USA
2523490,04-01-2024,organic,mobile,Australia
4499387,18-01-2024,email,mobile,India
4209422,12-01-2024,ads,desktop,India
1149133,30-04-2024,ads,mobile,India
2925320,07-01-2024,social,mobile,UK
4989483,30-04-2024,organic,desktop,USA
1108553,15-02-2024,ads,mobile,India
4970193,10-05-2024,referral,desktop,USA
3140607,07-01-2024,organic,mobile,India
4944097,14-06-2024,organic,desktop,Australia
3914151,05-09-2024,organic,tablet,India
1795595,11-04-2024,organic,desktop,Canada
1537611,19-02-2024,organic,mobile,India
2886109,12-01-2024,ads,tablet,India
3744908,22-01-2024,organic,mobile,UK
2373213,10-03-2024,referral,mobile,Canada
4628013,21-02-2024,email,tablet,UK
1521466,01-02-2024,organic,mobile,USA
3636642,03-01-2024,ads,mobile,India
1786603,07-06-2024,ads,desktop,USA
2869200,14-04-2024,referral,mobile,USA
2829109,01-04-2024,social,desktop,India
3786582,17-01-2024,ads,tablet,India
1559143,22-07-2024,ads,mobile,India
2633459,03-02-2024,organic,mobile,USA
2352447,06-06-2024,organic,mobile,India
2272282,04-01-2024,ads,mobile,India
3753322,03-02-2024,ads,tablet,India
1701507,03-01-2024,referral,tablet,India
1162751,07-02-2024,ads,mobile,Germany
1256900,16-02-2024,organic,mobile,UK
1345061,21-01-2024,ads,mobile,USA
1010290,03-04-2024,referral,desktop,Germany
4186513,10-03-2024,ads,mobile,USA
4588935,21-01-2024,ads,desktop,Germany
4331070,16-01-2024,ads,mobile,UK
3138816,10-01-2024,ads,tablet,India
1650236,09-01-2024,email,desktop,USA
4125924,07-02-2024,organic,mobile,USA
3287053,04-01-2024,ads,desktop,India
4657186,05-01-2024,organic,mobile,India
3030798,17-01-2024,referral,desktop,Canada
1224887,20-02-2024,ads,desktop,Canada
4273703,24-02-2024,email,mobile,India
2331288,20-01-2024,organic,desktop,India
1096689,25-03-2024,ads,mobile,India
4276105,02-01-2024,organic,mobile,USA
4652030,26-04-2024,organic,mobile,USA
4991948,15-01-2024,ads,desktop,India
2118742,15-05-2024,ads,mobile,India
2012527,12-01-2024,email,mobile,India
4623253,03-02-2024,organic,desktop,USA
4193756,08-03-2024,ads,mobile,USA
1533367,18-01-2024,organic,mobile,USA
2763517,12-02-2024,organic,desktop,USA
2190934,23-03-2024,social,mobile,Germany
2869270,12-01-2024,organic,mobile,India
3433115,21-02-2024,social,mobile,India
1508534,09-01-2024,organic,mobile,Germany
1132555,21-01-2024,ads,desktop,India
2771392,01-01-2024,ads,mobile,India
2943792,18-01-2024,referral,mobile,India
4391948,15-02-2024,referral,desktop,India
4076436,05-02-2024,organic,desktop,USA
4689963,21-01-2024,organic,mobile,India
4534965,07-03-2024,referral,mobile,India
4682476,05-01-2024,ads,mobile,India
2919688,09-01-2024,organic,desktop,USA
3051491,05-01-2024,referral,mobile,Germany
1321064,05-01-2024,organic,mobile,India
1036188,07-01-2024,organic,mobile,India
1436988,10-01-2024,organic,tablet,India
4351882,15-01-2024,organic,desktop,India
3596991,12-02-2024,referral,mobile,India
2597199,04-04-2024,social,tablet,India
2018406,18-03-2024,referral,desktop,India
4905647,27-02-2024,organic,mobile,USA
4736426,25-03-2024,referral,mobile,UK
4977148,07-01-2024,social,mobile,India
1153330,20-05-2024,ads,desktop,Canada
3486762,20-01-2024,ads,mobile,India
2008337,10-01-2024,ads,mobile,UK
3246088,30-01-2024,ads,mobile,India
3031019,07-01-2024,organic,mobile,India
2308118,03-01-2024,organic,desktop,India
2126739,20-03-2024,organic,tablet,India
2808616,13-02-2024,email,mobile,India
3825836,27-04-2024,ads,desktop,USA
4610375,21-01-2024,organic,tablet,India
3601494,17-01-2024,organic,tablet,USA
3861878,13-01-2024,organic,desktop,USA
4970289,14-01-2024,ads,mobile,USA
2876178,27-01-2024,organic,mobile,India
1309946,17-01-2024,organic,desktop,India
1174201,01-02-2024,organic,mobile,India
1674651,02-02-2024,ads,desktop,Canada
3680198,06-01-2024,ads,mobile,USA
3889496,10-02-2024,organic,desktop,India
1596561,17-03-2024,organic,tablet,Germany
2098227,11-01-2024,ads,mobile,India
4453381,22-01-2024,ads,mobile,USA
4585357,02-01-2024,organic,desktop,UK
2228838,21-01-2024,referral,mobile,India
3258039,08-03-2024,ads,mobile,USA
3835673,17-05-2024,social,desktop,USA
4626446,13-01-2024,referral,tablet,India
2038846,11-01-2024,ads,mobile,Germany
4231098,04-02-2024,referral,mobile,Australia
4506448,20-02-2024,ads,mobile,India
4623940,06-03-2024,email,mobile,Germany
3621803,12-01-2024,email,desktop,Canada
2496496,29-02-2024,email,mobile,Germany
1542151,05-05-2024,organic,mobile,India
4550926,19-01-2024,email,mobile,Canada
4458599,26-01-2024,organic,tablet,India
4354348,26-01-2024,ads,mobile,UK
3776636,19-03-2024,referral,tablet,USA
1514149,31-01-2024,referral,mobile,India
1348058,24-01-2024,organic,mobile,USA
4419745,28-01-2024,ads,desktop,USA
2700049,02-04-2024,social,desktop,India
3157776,09-02-2024,organic,mobile,USA
1838737,18-02-2024,organic,mobile,Germany
3719183,19-01-2024,organic,mobile,UK
1660431,20-01-2024,organic,mobile,India
4601939,11-01-2024,organic,mobile,India
4431855,21-01-2024,organic,desktop,India
4368685,13-03-2024,organic,mobile,India
1781705,03-04-2024,email,mobile,USA
2832263,27-03-2024,organic,desktop,USA
4504754,27-01-2024,ads,mobile,India
1298935,26-03-2024,email,mobile,India
2305648,08-02-2024,social,mobile,India
1194582,25-01-2024,organic,mobile,India
1469078,10-01-2024,organic,desktop,USA
3402519,17-01-2024,ads,mobile,India
3125860,27-04-2024,organic,mobile,India
2969596,09-01-2024,ads,mobile,UK
4614541,05-01-2024,organic,mobile,USA
1950898,09-03-2024,organic,mobile,Germany
2915334,30-03-2024,organic,desktop,Canada
2207638,06-05-2024,ads,desktop,India
1367548,27-04-2024,organic,mobile,India
3032124,21-02-2024,organic,desktop,India
4709942,02-02-2024,ads,mobile,USA
2897875,21-01-2024,ads,desktop,India
4606292,13-01-2024,ads,mobile,India
3029783,04-06-2024,organic,desktop,USA
1989093,11-01-2024,ads,mobile,Australia
2330034,16-06-2024,referral,mobile,India
2320882,05-02-2024,social,desktop,USA
2767063,13-02-2024,ads,mobile,India
3281646,14-03-2024,ads,mobile,Canada
4894290,08-08-2024,organic,mobile,India
3322043,28-01-2024,organic,desktop,India
1450441,05-03-2024,social,desktop,India
1980649,09-01-2024,ads,mobile,India
1763692,22-01-2024,organic,desktop,Germany
2480368,15-02-2024,referral,mobile,USA
3197800,21-02-2024,organic,desktop,India
3735512,23-01-2024,organic,mobile,India
3304100,07-02-2024,organic,mobile,India
2315043,02-08-2024,social,mobile,USA
1149884,25-03-2024,organic,tablet,India
4430604,03-02-2024,organic,tablet,USA
4565731,05-01-2024,ads,mobile,India
3902174,15-01-2024,ads,mobile,Australia
3440099,11-01-2024,ads,mobile,Canada
1694152,27-02-2024,organic,mobile,India
2733039,04-02-2024,organic,desktop,India
4470870,31-01-2024,organic,mobile,India
4112233,07-03-2024,organic,mobile,USA
3188228,17-02-2024,organic,mobile,India
1505699,08-01-2024,organic,mobile,USA
3286701,08-01-2024,organic,mobile,India
4895875,28-04-2024,organic,mobile,India
2544647,04-01-2024,social,tablet,India
4366160,12-02-2024,organic,mobile,USA
4332767,02-02-2024,ads,mobile,India
4541294,14-02-2024,email,desktop,Canada
3054045,05-01-2024,ads,mobile,India
2147821,15-01-2024,organic,desktop,USA
4165263,29-02-2024,email,mobile,India
1475320,08-02-2024,ads,mobile,USA
1474985,24-03-2024,email,mobile,India
1025534,10-04-2024,ads,desktop,India
3614790,29-02-2024,social,mobile,India
2941500,26-02-2024,email,mobile,USA
3819763,15-03-2024,referral,tablet,Canada
2880375,23-01-2024,organic,mobile,Australia
1436622,26-01-2024,email,desktop,India
2348970,02-05-2024,ads,desktop,India
1931756,08-01-2024,ads,desktop,India
1738669,11-01-2024,ads,mobile,India
1190745,12-02-2024,organic,mobile,Germany
2380069,22-02-2024,ads,desktop,India
3841258,03-01-2024,ads,mobile,India
2621816,15-02-2024,organic,mobile,India
4245924,21-02-2024,referral,mobile,USA
1064786,02-01-2024,organic,mobile,India
2575665,09-01-2024,ads,mobile,India
4067632,08-02-2024,ads,mobile,India
1258592,15-01-2024,ads,desktop,Germany
3869698,22-04-2024,email,mobile,India
4393765,05-04-2024,organic,mobile,Canada
4042838,15-01-2024,referral,desktop,India
4046242,19-01-2024,organic,desktop,USA
1004208,29-01-2024,organic,desktop,Australia
3880249,30-01-2024,referral,mobile,India
4227480,17-01-2024,referral,desktop,India
1734722,28-01-2024,ads,desktop,India
4353996,28-05-2024,organic,mobile,India
1166236,24-05-2024,social,mobile,India
2929687,08-04-2024,organic,mobile,India
4999944,06-02-2024,organic,mobile,India
3559384,11-04-2024,organic,mobile,India
1953663,17-02-2024,organic,mobile,USA
3561558,29-01-2024,social,tablet,Australia
4505176,09-02-2024,email,desktop,India
4171271,11-04-2024,ads,mobile,USA
4427757,09-01-2024,organic,mobile,Canada
4930449,12-02-2024,organic,desktop,India
1866808,10-03-2024,email,tablet,India
1257714,09-02-2024,ads,mobile,India
3355191,14-03-2024,email,mobile,India
2741370,05-04-2024,email,mobile,USA
2677606,29-01-2024,referral,desktop,UK
4272510,16-01-2024,organic,mobile,India
1779780,06-01-2024,social,desktop,India
3533467,17-02-2024,organic,desktop,USA
3388735,19-02-2024,ads,mobile,India
2063905,06-05-2024,organic,desktop,USA
2473719,28-01-2024,organic,desktop,UK
1796076,01-03-2024,social,mobile,India
2996534,02-03-2024,organic,mobile,USA
3174993,23-01-2024,referral,desktop,India
3347507,23-02-2024,organic,desktop,UK
1312073,10-04-2024,ads,desktop,UK
1140861,20-01-2024,social,desktop,USA
1919740,14-02-2024,referral,mobile,Canada
4352241,11-03-2024,social,mobile,India
3661870,14-01-2024,email,tablet,India
2023307,08-05-2024,referral,tablet,Canada
2576149,18-01-2024,organic,mobile,India
1993519,22-02-2024,organic,mobile,India
4070062,02-01-2024,ads,mobile,India
1717242,12-01-2024,organic,desktop,India
1362872,05-01-2024,email,desktop,India
3286505,08-01-2024,organic,mobile,India
4307748,03-01-2024,ads,desktop,India
3476979,28-01-2024,organic,mobile,UK
2744595,08-02-2024,ads,tablet,India
3214448,16-02-2024,ads,mobile,India
1101419,09-01-2024,organic,mobile,India
2339596,15-04-2024,referral,mobile,USA
1120676,21-01-2024,ads,mobile,India
3044084,14-01-2024,ads,desktop,India
1943693,03-04-2024,organic,desktop,UK
3531475,16-01-2024,organic,desktop,Canada
4617722,10-01-2024,organic,tablet,India
3049074,16-01-2024,organic,mobile,USA
2593313,15-01-2024,organic,desktop,India
4260080,01-04-2024,organic,mobile,India
4032030,14-03-2024,organic,desktop,India
4993936,01-05-2024,ads,mobile,India
2051347,07-02-2024,organic,mobile,USA
3048195,14-02-2024,organic,desktop,India
4682300,29-01-2024,ads,desktop,USA
1674787,24-01-2024,organic,tablet,India
4822005,10-01-2024,ads,mobile,India
1692321,08-03-2024,organic,mobile,India
2626408,21-01-2024,ads,desktop,USA
1773043,16-01-2024,organic,desktop,USA
2296270,21-01-2024,referral,mobile,India
1011918,25-02-2024,ads,mobile,Germany
3971409,19-01-2024,organic,desktop,India
1697306,24-03-2024,referral,mobile,USA
1230586,04-01-2024,organic,tablet,India
3277070,15-09-2024,referral,mobile,USA
4729687,06-03-2024,referral,desktop,India
1831074,23-04-2024,organic,mobile,India
2851202,08-03-2024,ads,mobile,India
2123957,21-02-2024,ads,mobile,India
2513156,20-01-2024,email,mobile,Australia
1301567,06-03-2024,organic,mobile,Canada
2522609,04-11-2024,ads,mobile,Australia
3398267,29-01-2024,referral,mobile,UK
1966344,19-01-2024,ads,mobile,Canada
3787798,28-01-2024,organic,mobile,India
2866844,20-01-2024,organic,mobile,USA
4214423,08-01-2024,ads,mobile,USA
4570785,08-03-2024,email,mobile,Canada
4135264,20-01-2024,ads,tablet,USA
1959735,20-03-2024,referral,desktop,India
4561114,10-01-2024,ads,desktop,USA
1730636,11-03-2024,organic,mobile,India
3247485,31-01-2024,email,mobile,India
4284175,05-01-2024,organic,mobile,USA
4882873,29-01-2024,social,tablet,India
3803595,17-01-2024,organic,tablet,Canada
4665126,07-02-2024,ads,mobile,Australia
4906571,20-01-2024,ads,mobile,Canada
3415547,27-01-2024,organic,mobile,India
2102544,21-01-2024,ads,mobile,Australia
3133825,23-01-2024,social,mobile,India
1830242,01-03-2024,ads,desktop,Germany
3177229,12-02-2024,referral,mobile,India
1205252,03-02-2024,ads,mobile,Germany
4947946,05-03-2024,referral,desktop,USA
4192900,10-01-2024,email,mobile,India
2321928,24-01-2024,ads,tablet,UK
4723301,14-01-2024,ads,mobile,Australia
4477986,28-01-2024,email,mobile,India
4655926,20-01-2024,organic,desktop,India
4722979,14-02-2024,ads,mobile,India
4098879,05-01-2024,ads,tablet,India
1155913,11-02-2024,organic,mobile,India
2919469,06-03-2024,email,tablet,UK
3890011,02-02-2024,ads,desktop,India
2606597,07-02-2024,organic,mobile,India
4164712,06-02-2024,referral,desktop,USA
4713714,09-01-2024,organic,desktop,USA
2633839,31-01-2024,organic,mobile,India
4279880,01-03-2024,organic,mobile,Australia
1867212,04-01-2024,organic,mobile,UK
3048102,08-06-2024,ads,mobile,USA
4906889,16-02-2024,social,mobile,India
2925272,01-01-2024,organic,tablet,India
2974599,20-03-2024,organic,mobile,USA
3585357,10-04-2024,email,desktop,India
1612190,14-01-2024,referral,desktop,USA
2576218,18-01-2024,referral,mobile,India
4771010,11-04-2024,ads,tablet,USA
4381014,04-01-2024,organic,mobile,India
1263363,06-01-2024,referral,desktop,USA
4888589,11-02-2024,organic,desktop,UK
4758758,23-01-2024,organic,desktop,India
1113824,31-01-2024,organic,mobile,Germany
1581888,02-01-2024,organic,desktop,UK
2169458,13-01-2024,social,mobile,India
3047524,11-01-2024,organic,mobile,UK
3478513,25-02-2024,organic,desktop,India
1933470,15-01-2024,ads,mobile,Australia
3878342,04-01-2024,organic,tablet,India
4159276,26-04-2024,referral,mobile,India
3743809,22-01-2024,ads,mobile,India
1151339,11-01-2024,ads,mobile,Canada
4442014,04-01-2024,organic,desktop,India
3642271,17-04-2024,organic,mobile,India
3101874,15-01-2024,email,mobile,Canada
3491468,03-03-2024,ads,mobile,USA
1705909,23-01-2024,organic,tablet,India
2002344,12-04-2024,ads,mobile,India
2513856,26-02-2024,ads,mobile,USA
3708601,15-02-2024,referral,mobile,India
3310899,09-03-2024,email,desktop,India
2510923,20-03-2024,organic,tablet,USA
4670083,20-02-2024,organic,desktop,India
4733472,24-05-2024,social,desktop,USA
3969653,05-02-2024,organic,mobile,India
4213509,12-02-2024,organic,mobile,USA
3508750,09-03-2024,ads,tablet,Canada
4999728,29-02-2024,ads,desktop,Australia
4287407,12-01-2024,organic,desktop,India
3820926,21-03-2024,organic,mobile,Canada
1051161,08-01-2024,organic,mobile,USA
4231835,12-01-2024,ads,desktop,India
1998617,20-01-2024,ads,desktop,India
2998999,05-05-2024,ads,mobile,India
1237797,30-01-2024,ads,tablet,India
1005295,04-02-2024,ads,mobile,USA
2609940,18-01-2024,ads,desktop,India
4103489,04-01-2024,email,tablet,India
3963863,08-01-2024,organic,tablet,USA
1840430,30-03-2024,organic,mobile,Canada
4160278,11-01-2024,email,mobile,India
4209671,02-02-2024,organic,mobile,USA
4797427,25-01-2024,organic,mobile,India
3818867,18-02-2024,organic,mobile,India
4364877,27-01-2024,organic,desktop,India
3881901,21-04-2024,email,mobile,India
1479675,19-04-2024,email,tablet,USA
3188576,09-04-2024,organic,tablet,India
3390939,09-03-2024,organic,mobile,India
2120650,08-03-2024,organic,desktop,India
1262976,13-01-2024,ads,mobile,India
2783504,05-03-2024,ads,mobile,India
4785245,08-04-2024,organic,mobile,UK
3433890,01-01-2024,email,mobile,USA
3687642,19-02-2024,organic,mobile,India
1397308,11-02-2024,organic,mobile,USA
4144677,28-01-2024,ads,tablet,India
1139453,11-02-2024,organic,desktop,Australia
4578253,24-06-2024,organic,desktop,India
3622330,17-03-2024,organic,mobile,India
4163313,09-02-2024,ads,mobile,Canada
1138075,03-01-2024,organic,mobile,Canada
4706488,03-02-2024,ads,mobile,UK
4036107,19-03-2024,referral,mobile,India
2913858,13-01-2024,social,mobile,India
2006163,01-01-2024,organic,desktop,USA
2916223,23-02-2024,ads,desktop,Germany
4500259,07-01-2024,ads,mobile,India
4764885,06-01-2024,ads,desktop,India
4008703,14-03-2024,organic,mobile,UK
3099694,21-01-2024,organic,desktop,UK
1201559,20-01-2024,ads,desktop,India
1117632,20-01-2024,organic,mobile,India
1901938,14-01-2024,ads,mobile,USA
4160060,10-06-2024,organic,desktop,Canada
2977468,10-02-2024,email,desktop,India
4586114,13-01-2024,social,mobile,USA
4198404,17-01-2024,referral,mobile,Australia
1395511,12-01-2024,ads,mobile,USA
1134305,28-05-2024,ads,desktop,India
2140019,11-02-2024,referral,mobile,India
2716745,30-01-2024,organic,mobile,Germany
4850261,02-01-2024,referral,mobile,UK
2262158,06-01-2024,organic,mobile,India
2293796,10-01-2024,social,tablet,India
4875783,04-01-2024,email,mobile,USA
3595026,10-01-2024,ads,mobile,India
3564641,03-03-2024,social,tablet,India
1578809,08-04-2024,ads,mobile,India
4574433,10-01-2024,email,mobile,UK
3199420,05-01-2024,organic,mobile,Germany
2733203,09-02-2024,organic,mobile,India
2517160,26-01-2024,organic,mobile,India
2615628,31-01-2024,referral,mobile,UK
3158808,02-02-2024,referral,mobile,India
1971785,07-02-2024,organic,mobile,India
2002332,06-02-2024,email,mobile,India
4582787,13-01-2024,referral,tablet,Canada
4153985,02-02-2024,ads,desktop,Australia
4189030,09-01-2024,ads,desktop,UK
2271706,20-01-2024,ads,tablet,Australia
3984986,13-01-2024,referral,tablet,India
3552459,25-01-2024,ads,mobile,Australia
4784586,05-03-2024,organic,mobile,India
3996574,14-06-2024,ads,mobile,UK
1478179,26-06-2024,organic,mobile,Canada
2356661,11-01-2024,organic,mobile,India
4789312,02-01-2024,referral,mobile,India
1167240,10-01-2024,organic,mobile,India
3650888,15-01-2024,ads,mobile,USA
2614961,06-01-2024,ads,mobile,India
2821488,01-04-2024,organic,mobile,UK
4260636,27-01-2024,referral,mobile,India
2315439,04-01-2024,organic,mobile,USA
2476213,27-01-2024,ads,desktop,USA
4858378,12-09-2024,organic,mobile,India
1700873,10-01-2024,organic,desktop,India
1695676,05-01-2024,organic,desktop,India
4777976,01-01-2024,organic,desktop,India
1397904,23-01-2024,organic,mobile,India
1114575,07-01-2024,ads,tablet,Canada
1510116,20-03-2024,email,mobile,Canada
4258217,16-01-2024,organic,mobile,India
2825958,01-01-2024,ads,mobile,India
4133983,03-01-2024,organic,mobile,USA
1222160,23-03-2024,ads,mobile,India
3202026,10-01-2024,organic,mobile,India
4043450,28-01-2024,organic,mobile,Canada
4551476,13-02-2024,organic,mobile,India
3547056,07-02-2024,ads,mobile,India
1282952,12-02-2024,ads,mobile,USA
2689827,12-01-2024,referral,mobile,India
1856688,07-04-2024,email,mobile,Germany
1668251,06-01-2024,organic,mobile,India
2811861,23-01-2024,referral,mobile,India
1268243,20-02-2024,organic,desktop,Canada
3691750,03-02-2024,organic,desktop,UK
1699539,15-01-2024,organic,desktop,India
1638494,01-02-2024,organic,desktop,Canada
2244830,12-01-2024,ads,mobile,USA
4575490,22-01-2024,organic,mobile,India
4514608,05-01-2024,social,mobile,UK
